trade_date,signal,signal_name,ic,ic_ma20
2020-04-03,ic_neutral,合成分(行业中性),-0.2940326869634908,
2020-04-07,ic_neutral,合成分(行业中性),-0.2284318166179337,
2020-04-08,ic_neutral,合成分(行业中性),-0.2080342439287166,
2020-04-09,ic_neutral,合成分(行业中性),-0.1343654058725258,
2020-04-10,ic_neutral,合成分(行业中性),-0.2489418822647169,
2020-04-13,ic_neutral,合成分(行业中性),-0.1802618752029658,
2020-04-14,ic_neutral,合成分(行业中性),-0.240068991376078,
2020-04-15,ic_neutral,合成分(行业中性),-0.1895133108361455,
2020-04-16,ic_neutral,合成分(行业中性),-0.1477497529056823,
2020-04-17,ic_neutral,合成分(行业中性),-0.1518320209973753,-0.20232319869656307
2020-04-20,ic_neutral,合成分(行业中性),0.0361335375081583,-0.18064531358704294
2020-04-21,ic_neutral,合成分(行业中性),-0.0568129835965897,-0.17032595275450516
2020-04-22,ic_neutral,合成分(行业中性),-0.1343114125407023,-0.16755560350728957
2020-04-23,ic_neutral,合成分(行业中性),-0.1365399325084364,-0.16534019843594291
2020-04-24,ic_neutral,合成分(行业中性),-0.1495831996019395,-0.16428973184700935
2020-04-27,ic_neutral,合成分(行业中性),-0.2021957584893107,-0.16665885851215317
2020-04-28,ic_neutral,合成分(行业中性),-0.2281998173228173,-0.1702789149127805
2020-04-29,ic_neutral,合成分(行业中性),-0.2657457817772778,-0.1755826297385859
2020-04-30,ic_neutral,合成分(行业中性),-0.0379964784197519,-0.16834125335338412
2020-05-06,ic_neutral,合成分(行业中性),0.1604921792160473,-0.15189958172491252
2020-05-07,ic_neutral,合成分(行业中性),0.0866146928531093,-0.13286721273408253
2020-05-08,ic_neutral,合成分(行业中性),0.0861402324709411,-0.11713861027963879
2020-05-11,ic_neutral,合成分(行业中性),0.1107588325652841,-0.10119895645493875
2020-05-12,ic_neutral,合成分(行业中性),0.1262212223472066,-0.08816962504395214
2020-05-13,ic_neutral,合成分(行业中性),0.1008655431055399,-0.0706792537754393
2020-05-14,ic_neutral,合成分(行业中性),0.0723299587551556,-0.058049662077533225
2020-05-15,ic_neutral,合成分(行业中性),0.0906728019090662,-0.041512572413276015
2020-05-18,ic_neutral,合成分(行业中性),-0.0023217132684139,-0.03215299253488944
2020-05-19,ic_neutral,合成分(行业中性),-0.0916776778068939,-0.029349388779950015
2020-05-20,ic_neutral,合成分(行业中性),0.0277255343082114,-0.02037151101467068
2020-05-21,ic_neutral,合成分(行业中性),-0.1323644544431946,-0.028796410612238327
2020-05-22,ic_neutral,合成分(行业中性),-0.0408638920134983,-0.027998956033083756
2020-05-25,ic_neutral,合成分(行业中性),-0.0968788901387326,-0.02612732991298527
2020-05-26,ic_neutral,合成分(行业中性),-0.0513865766779152,-0.02186966212145921
2020-05-27,ic_neutral,合成分(行业中性),-0.0180487439070116,-0.01529293933671282
2020-05-28,ic_neutral,合成分(行业中性),0.0274436107141076,-0.0038109708765419006
2020-05-29,ic_neutral,合成分(行业中性),-0.030737157855268,0.006062162096835565
2020-06-01,ic_neutral,合成分(行业中性),-0.0325069366329208,0.017724104354053416
2020-06-02,ic_neutral,合成分(行业中性),0.0528747079107102,0.02226766367057652
2020-06-03,ic_neutral,合成分(行业中性),-0.0047604049493813,0.014005034462305091
2020-06-04,ic_neutral,合成分(行业中性),-0.0747836520434945,0.005935117217474901
2020-06-05,ic_neutral,合成分(行业中性),-0.0100337457817772,0.0011264183048389862
2020-06-08,ic_neutral,合成分(行业中性),0.0112095988001499,-0.003851043383417724
2020-06-09,ic_neutral,合成分(行业中性),-0.0040723839496459,-0.01036572369826035
2020-06-10,ic_neutral,合成分(行业中性),-0.108626728110599,-0.020840337259067292
2020-06-11,ic_neutral,合成分(行业中性),-0.1129892473118279,-0.030106297562416468
2020-06-12,ic_neutral,合成分(行业中性),-0.0624147465437788,-0.037760674985058716
2020-06-15,ic_neutral,合成分(行业中性),-0.0026973886328725,-0.03777945875328165
2020-06-16,ic_neutral,合成分(行业中性),0.0155698924731182,-0.03241708023928104
2020-06-17,ic_neutral,合成分(行业中性),0.0101996927803379,-0.03329337231567472
2020-06-18,ic_neutral,合成分(行业中性),-0.0349308755760368,-0.028421693372316825
2020-06-19,ic_neutral,合成分(行业中性),0.0383901689708141,-0.024458990323101205
2020-06-22,ic_neutral,合成分(行业中性),0.0659293394777265,-0.016318578842278254
2020-06-23,ic_neutral,合成分(行业中性),-0.028405529953917,-0.01516952650607834
2020-06-24,ic_neutral,合成分(行业中性),-0.0432933947772657,-0.016431759049591047
2020-06-29,ic_neutral,合成分(行业中性),-0.0650629800307219,-0.02105708858683252
2020-06-30,ic_neutral,合成分(行业中性),-0.0646132493460737,-0.022750893161372805
2020-07-01,ic_neutral,合成分(行业中性),0.0515721608554359,-0.018546938286954973
2020-07-02,ic_neutral,合成分(行业中性),0.0462793549877033,-0.018876705933105316
2020-07-03,ic_neutral,合成分(行业中性),-0.0366252068542144,-0.020469946028346973
2020-07-06,ic_neutral,合成分(行业中性),-0.0549458175412373,-0.01947805430323411
2020-07-07,ic_neutral,合成分(行业中性),-0.1051198693223183,-0.024232360480261166
2020-07-08,ic_neutral,合成分(行业中性),-0.1390914429082368,-0.0317474125656805
2020-07-09,ic_neutral,合成分(行业中性),-0.1327123258420968,-0.038179409660303046
2020-07-10,ic_neutral,合成分(行业中性),-0.0689754059184202,-0.03619684355069411
2020-07-13,ic_neutral,合成分(行业中性),-0.0472408472053421,-0.03290942354536982
2020-07-14,ic_neutral,合成分(行业中性),-0.0376817927323874,-0.03167277585480025
2020-07-15,ic_neutral,合成分(行业中性),-0.0394515833890944,-0.03351048559261134
2020-07-16,ic_neutral,合成分(行业中性),0.0501392909862668,-0.03178201566695391
2020-07-17,ic_neutral,合成分(行业中性),0.0094962378292752,-0.03181718841450705
2020-07-20,ic_neutral,合成分(行业中性),0.0883200768696951,-0.025654640792220452
2020-07-21,ic_neutral,合成分(行业中性),0.0657876474670367,-0.024284766867409317
2020-07-22,ic_neutral,合成分(行业中性),0.1921928174091159,-0.01797159297083985
2020-07-23,ic_neutral,合成分(行业中性),0.0084289756045481,-0.016129867692916598
2020-07-24,ic_neutral,合成分(行业中性),-0.0639300484840804,-0.017161700378257334
2020-07-27,ic_neutral,合成分(行业中性),-0.0049831914044663,-0.014157710946944551
2020-07-28,ic_neutral,合成分(行业中性),0.0448139646612929,-0.008686350246576222
2020-07-29,ic_neutral,合成分(行业中性),0.0208028612608765,-0.010224815226304192
2020-07-30,ic_neutral,合成分(行业中性),0.0425434871081309,-0.01041160862028281
2020-07-31,ic_neutral,合成分(行业中性),0.028985823902885,-0.007131057082427841
2020-08-03,ic_neutral,合成分(行业中性),-0.0222895722649697,-0.005498244818614462
2020-08-04,ic_neutral,合成分(行业中性),0.0794027643767914,0.003727886866341024
2020-08-05,ic_neutral,合成分(行业中性),0.1079325254897774,0.016079085286241735
2020-08-06,ic_neutral,合成分(行业中性),0.0709577629821842,0.026262589727455782
2020-08-07,ic_neutral,合成分(行业中性),0.0996371371873214,0.034693216882742864
2020-08-10,ic_neutral,合成分(行业中性),-0.002402177974697,0.03693515034427512
2020-08-11,ic_neutral,合成分(行业中性),0.0262798270431858,0.040133231333053784
2020-08-12,ic_neutral,合成分(行业中性),0.0465862381892916,0.04443512241197308
2020-08-13,ic_neutral,合成分(行业中性),0.044360219932739,0.04414616885929669
2020-08-14,ic_neutral,合成分(行业中性),-0.0041637751561415,0.043463168210025854
2020-08-17,ic_neutral,合成分(行业中性),0.0220946991939358,0.04015189932623789
2020-08-18,ic_neutral,合成分(行业中性),0.0426092990978487,0.03899298190777849
2020-08-19,ic_neutral,合成分(行业中性),0.0778630110672016,0.03327649159068278
2020-08-20,ic_neutral,合成分(行业中性),0.1546897916643021,0.040589532393670476
2020-08-21,ic_neutral,合成分(行业中性),0.0400843966321776,0.04579025464948337
2020-08-24,ic_neutral,合成分(行业中性),0.0726365237815619,0.04967124040878478
2020-08-25,ic_neutral,合成分(行业中性),-0.0240858378262958,0.04622625028440535
2020-08-26,ic_neutral,合成分(行业中性),-0.0113490169703051,0.044618656372846274
2020-08-27,ic_neutral,合成分(行业中性),-0.0826776277157956,0.038357600631649946
2020-08-28,ic_neutral,合成分(行业中性),-0.0129237175038701,0.03626212356131219
2020-08-31,ic_neutral,合成分(行业中性),-0.0138285563291591,0.036685174358102715
2020-09-01,ic_neutral,合成分(行业中性),0.0279827043185821,0.034114171355192256
2020-09-02,ic_neutral,合成分(行业中性),-0.0414615918432712,0.026644465488539826
2020-09-03,ic_neutral,合成分(行业中性),0.0419475895355869,0.02519395681620996
2020-09-04,ic_neutral,合成分(行业中性),0.0686196399664839,0.023643081955168087
2020-09-07,ic_neutral,合成分(行业中性),-0.0275609886296909,0.02238514142241839
2020-09-08,ic_neutral,合成分(行业中性),-0.0488363433998505,0.018629332900266575
2020-09-09,ic_neutral,合成分(行业中性),-0.0831153579245182,0.012144253094576085
2020-09-10,ic_neutral,合成分(行业中性),-0.0937811532872682,0.005237184433575726
2020-09-11,ic_neutral,合成分(行业中性),-0.0581301154782392,0.002538867417470841
2020-09-14,ic_neutral,合成分(行业中性),-0.1177109607610396,-0.004451415580277928
2020-09-15,ic_neutral,合成分(行业中性),-0.0416324133881385,-0.008663501204577288
2020-09-16,ic_neutral,合成分(行业中性),-0.003624619655154,-0.01273788274069507
2020-09-17,ic_neutral,合成分(行业中性),-0.0458469623752108,-0.022764720442670715
2020-09-18,ic_neutral,合成分(行业中性),-0.0318795708108685,-0.02636291881482302
2020-09-21,ic_neutral,合成分(行业中性),0.0211445043506112,-0.028937519786370557
2020-09-22,ic_neutral,合成分(行业中性),-0.0410078471147173,-0.02978362025079163
2020-09-23,ic_neutral,合成分(行业中性),-0.0227993380665136,-0.030356136305602056
2020-09-24,ic_neutral,合成分(行业中性),0.1065660953480041,-0.020893950152412067
2020-09-25,ic_neutral,合成分(行业中性),0.1287702567265556,-0.013809251440890786
2020-09-28,ic_neutral,合成分(行业中性),0.1299313109638041,-0.0066212580762426265
2020-09-29,ic_neutral,合成分(行业中性),0.1374586956657372,-0.0011474585088848716
2020-09-30,ic_neutral,合成分(行业中性),0.1435089151961834,0.008101066843087859
2020-10-09,ic_neutral,合成分(行业中性),0.1001820326818986,0.011012789000403441
2020-10-12,ic_neutral,合成分(行业中性),0.1294737825581395,0.014055496129986222
2020-10-13,ic_neutral,合成分(行业中性),0.1602679762985106,0.0234469443763963
2020-10-14,ic_neutral,合成分(行业中性),0.1588435319700845,0.03383093814489305
2020-10-15,ic_neutral,合成分(行业中性),0.2272780654460043,0.04935060931341917
2020-10-16,ic_neutral,合成分(行业中性),0.2289394594569504,0.06548663995063012
2020-10-19,ic_neutral,合成分(行业中性),0.1369376727403033,0.07524002936155723
2020-10-20,ic_neutral,合成分(行业中性),0.1233918753002722,0.08729517116462282
2020-10-21,ic_neutral,合成分(行业中性),0.0841600939605982,0.09358479653205966
2020-10-22,ic_neutral,合成分(行业中性),0.0664869481663374,0.09709037492313423
2020-10-23,ic_neutral,合成分(行业中性),0.0326002242032776,0.10101273425205863
2020-10-26,ic_neutral,合成分(行业中性),-0.0251054289222228,0.10135144134649095
2020-10-27,ic_neutral,合成分(行业中性),-0.0541184006832861,0.09758829609479605
2020-10-28,ic_neutral,合成分(行业中性),-0.0471841135963273,0.09727948277071556
2020-10-29,ic_neutral,合成分(行业中性),-0.0123471947899428,0.0978020899345441
2020-10-30,ic_neutral,合成分(行业中性),0.0227993380665136,0.09361375207046957
2020-11-02,ic_neutral,合成分(行业中性),-0.1220946991939358,0.081070504274445
2020-11-03,ic_neutral,合成分(行业中性),-0.136550472428335,0.06774641510483806
2020-11-04,ic_neutral,合成分(行业中性),-0.0902151283830673,0.05636272390239783
2020-11-05,ic_neutral,合成分(行业中性),-0.0675893711490634,0.04580780958513549
2020-11-06,ic_neutral,合成分(行业中性),-0.1475898147653873,0.03341921721277119
2020-11-09,ic_neutral,合成分(行业中性),-0.1905330039677722,0.017418877886475604
2020-11-10,ic_neutral,合成分(行业中性),-0.1072071062157282,0.004045123760763667
2020-11-11,ic_neutral,合成分(行业中性),-0.1277853624425448,-0.010286320959867798
2020-11-12,ic_neutral,合成分(行业中性),-0.0855203191165005,-0.025926240187993038
2020-11-13,ic_neutral,合成分(行业中性),-0.182349573412821,-0.046490691831481606
2020-11-16,ic_neutral,合成分(行业中性),-0.1818662253776757,-0.06243088673738055
2020-11-17,ic_neutral,合成分(行业中性),-0.1596703139785679,-0.07658399620132256
2020-11-18,ic_neutral,合成分(行业中性),-0.1259061549137885,-0.0870873086450419
2020-11-19,ic_neutral,合成分(行业中性),-0.0683580691268279,-0.09382955950970016
2020-11-20,ic_neutral,合成分(行业中性),-0.0069609779533443,-0.09580761961753126
2020-11-23,ic_neutral,合成分(行业中性),0.0117226285165216,-0.09396621674559404
2020-11-24,ic_neutral,合成分(行业中性),-0.0163241338813857,-0.09207650340549903
2020-11-25,ic_neutral,合成分(行业中性),-0.0234239356002124,-0.09088849450569328
2020-11-26,ic_neutral,合成分(行业中性),-0.0882987241765867,-0.09468607097502547
2020-11-27,ic_neutral,合成分(行业中性),-0.1094378903539209,-0.10129793239604719
2020-11-30,ic_neutral,合成分(行业中性),-0.0349276677520952,-0.09693958082395517
2020-12-01,ic_neutral,合成分(行业中性),-0.1142369081300378,-0.0958239026090403
2020-12-02,ic_neutral,合成分(行业中性),-0.0833086120390553,-0.0954785767918397
2020-12-03,ic_neutral,合成分(行业中性),-0.1153280623234577,-0.09786551135055942
2020-12-04,ic_neutral,合成分(行业中性),-0.1858611394152016,-0.09977907758305013
2020-12-07,ic_neutral,合成分(行业中性),-0.1330564548374198,-0.0969052501265325
2020-12-08,ic_neutral,合成分(行业中性),-0.104113361290073,-0.09675056288024975
2020-12-09,ic_neutral,合成分(行业中性),-0.0329620218028491,-0.09200939584826497
2020-12-10,ic_neutral,合成分(行业中性),-0.0773877383789896,-0.09160276681138942
2020-12-11,ic_neutral,合成分(行业中性),0.0044709388971684,-0.08226174119588996
2020-12-14,ic_neutral,合成分(行业中性),-0.0525178358408702,-0.07579432171904968
2020-12-15,ic_neutral,合成分(行业中性),-0.1232597869942932,-0.07397379536983593
2020-12-16,ic_neutral,合成分(行业中性),-0.0126467581815682,-0.06831082553322493
2020-12-17,ic_neutral,合成分(行业中性),0.0338630999213217,-0.06319976708081745
2020-12-18,ic_neutral,合成分(行业中性),0.0383634933123524,-0.06093354351753261
2020-12-21,ic_neutral,合成分(行业中性),-0.038287962234461,-0.06343407305508174
2020-12-22,ic_neutral,合成分(行业中性),-0.0642895357985837,-0.06583234315094164
2020-12-23,ic_neutral,合成分(行业中性),0.0377970102281668,-0.06277129585952268
2020-12-24,ic_neutral,合成分(行业中性),-0.0129411949850008,-0.05900341939994339
2020-12-25,ic_neutral,合成分(行业中性),0.1289034286444218,-0.04708635345002625
2020-12-28,ic_neutral,合成分(行业中性),0.0947381506502363,-0.04060306252990968
2020-12-29,ic_neutral,合成分(行业中性),0.05015271463848,-0.032383581391483784
2020-12-30,ic_neutral,合成分(行业中性),0.1053224567917435,-0.02295202794994385
2020-12-31,ic_neutral,合成分(行业中性),0.1755838482647898,-0.008406432420531473
2021-01-04,ic_neutral,合成分(行业中性),0.140753635633879,0.007924306331922558
2021-01-05,ic_neutral,合成分(行业中性),0.1765359269699628,0.023403925422291687
2021-01-06,ic_neutral,合成分(行业中性),0.1664550936210726,0.03693234816784897
2021-01-07,ic_neutral,合成分(行业中性),0.0593742416039725,0.04154916133819005
2021-01-08,ic_neutral,合成分(行业中性),0.1767926148561614,0.0542581789999476
2021-01-11,ic_neutral,合成分(行业中性),0.1384014411858047,0.06095470411437941
2021-01-12,ic_neutral,合成分(行业中性),0.1323202718091362,0.07019660949687974
2021-01-13,ic_neutral,合成分(行业中性),0.1666231075102208,0.08469075422210542
2021-01-14,ic_neutral,合成分(行业中性),0.0851363712733585,0.08957991069485177
2021-01-15,ic_neutral,合成分(行业中性),0.0585552422145121,0.09081451780951129
2021-01-18,ic_neutral,合成分(行业中性),0.0899574364814157,0.09339421496796445
2021-01-19,ic_neutral,合成分(行业中性),0.0400526910839631,0.09731124763388566
2021-01-20,ic_neutral,合成分(行业中性),-0.0796012470364216,0.09654566207199376
2021-01-21,ic_neutral,合成分(行业中性),0.0207217129949409,0.09569189721033247
2021-01-22,ic_neutral,合成分(行业中性),0.0416021057740773,0.09841906224828637
2021-01-25,ic_neutral,合成分(行业中性),-0.0597476058020796,0.08898651052596131
2021-01-26,ic_neutral,合成分(行业中性),-0.0296917878544626,0.08276501360072636
2021-01-27,ic_neutral,合成分(行业中性),-0.0038456512405025,0.08006509530677722
2021-01-28,ic_neutral,合成分(行业中性),0.0117376369779901,0.07538585431608956
2021-01-29,ic_neutral,合成分(行业中性),-0.0594115780237832,0.06363608300166092
2021-02-01,ic_neutral,合成分(行业中性),-0.1000242686728769,0.05159718778632312
2021-02-02,ic_neutral,合成分(行业中性),-0.0692170552765695,0.03930953867399651
2021-02-03,ic_neutral,合成分(行业中性),-0.0648137668875015,0.0277460956485678
2021-02-04,ic_neutral,合成分(行业中性),-0.0930003546959881,0.02012736583356977
2021-02-05,ic_neutral,合成分(行业中性),-0.0003686971456307,0.011269300233480163
2021-02-08,ic_neutral,合成分(行业中性),-0.0570593835757089,0.0014962589954044827
2021-02-09,ic_neutral,合成分(行业中性),-0.0203110123770231,-0.0061353052139034815
2021-02-10,ic_neutral,合成分(行业中性),-0.0645733380626131,-0.017695127492545176
2021-02-18,ic_neutral,合成分(行业中性),-0.052933709186626,-0.0245986315155444
2021-02-19,ic_neutral,合成分(行业中性),0.0946759369994495,-0.02279259677629753
2021-02-22,ic_neutral,合成分(行业中性),0.1986904250751395,-0.01735594734661134
2021-02-23,ic_neutral,合成分(行业中性),0.1917624094154531,-0.009770461430036844
2021-02-24,ic_neutral,合成分(行业中性),0.1881921101053585,0.003619206427052162
2021-02-25,ic_neutral,合成分(行业中性),0.2304357160191909,0.014104906578264664
2021-02-26,ic_neutral,合成分(行业中性),0.0357682901786547,0.013813215798493534
2021-03-01,ic_neutral,合成分(行业中性),0.0920902794631022,0.021405110061752625
2021-03-02,ic_neutral,合成分(行业中性),0.0766096663990889,0.026720182774430196
2021-03-03,ic_neutral,合成分(行业中性),0.1140067578919857,0.03261280323105461
2021-03-04,ic_neutral,合成分(行业中性),-0.0104168611271865,0.03150507832579578
2021-03-05,ic_neutral,合成分(行业中性),-0.0041163450869325,0.034269839972638313
2021-03-08,ic_neutral,合成分(行业中性),-0.1182957791177404,0.033356264450395134
2021-03-09,ic_neutral,合成分(行业中性),-0.1614146769466276,0.028746383366892232
2021-03-10,ic_neutral,合成分(行业中性),-0.0304152164756685,0.03046631088748388
2021-03-11,ic_neutral,合成分(行业中性),0.0645920062725185,0.03834592893590921
2021-03-12,ic_neutral,合成分(行业中性),0.1898510276849553,0.047856915177438515
2021-03-15,ic_neutral,合成分(行业中性),-0.0035656447330121,0.050531602119573346
2021-03-16,ic_neutral,合成分(行业中性),0.0624218268710213,0.05466824408197557
2021-03-17,ic_neutral,合成分(行业中性),0.0805019881643549,0.06192201039332397
2021-03-18,ic_neutral,合成分(行业中性),0.1170496761065581,0.07042117965798318
2021-03-19,ic_neutral,合成分(行业中性),0.0365616890996322,0.06751546726299232
2021-03-22,ic_neutral,合成分(行业中性),0.0293977635484533,0.059050834186658
2021-03-23,ic_neutral,合成分(行业中性),0.015933317154218,0.050259379573596254
2021-03-24,ic_neutral,合成分(行业中性),-0.098106110105102,0.03594446856307322
2021-03-25,ic_neutral,合成分(行业中性),-0.2063490581888102,0.014105229852673169
2021-03-26,ic_neutral,合成分(行业中性),-0.0091287546437172,0.011860377611554573
2021-03-29,ic_neutral,合成分(行业中性),-0.0901278890547604,0.0027494691856614433
2021-03-30,ic_neutral,合成分(行业中性),-0.0793352250452704,-0.005047775386556521
2021-03-31,ic_neutral,合成分(行业中性),-0.1507597961431478,-0.018286103088313195
2021-04-01,ic_neutral,合成分(行业中性),-0.0274142982320204,-0.01913597494355489
2021-04-02,ic_neutral,合成分(行业中性),0.0409767685524582,-0.016881319261585356
2021-04-06,ic_neutral,合成分(行业中性),-0.0113829409897884,-0.011535677355187755
2021-04-07,ic_neutral,合成分(行业中性),-0.0027372294710725,-0.003601804981410001
2021-04-08,ic_neutral,合成分(行业中性),0.023598978381037,-0.0009010952385747264
2021-04-09,ic_neutral,合成分(行业中性),-0.0311525752795564,-0.005688324316178471
2021-04-12,ic_neutral,合成分(行业中性),-0.0045223738495715,-0.01540699439290481
2021-04-13,ic_neutral,合成分(行业中性),-0.0070192469244124,-0.015579674502474827
2021-04-14,ic_neutral,合成分(行业中性),-0.0984141355685403,-0.023621472624452904
2021-04-15,ic_neutral,合成分(行业中性),-0.1590111449213135,-0.03559712927873633
2021-04-16,ic_neutral,合成分(行业中性),-0.2017986820243806,-0.051539547185283266
2021-04-19,ic_neutral,合成分(行业中性),-0.146358765657961,-0.060685569923162916
2021-04-20,ic_neutral,合成分(行业中性),-0.056564676013217,-0.06498369190124643
2021-04-21,ic_neutral,合成分(行业中性),-0.0852717157951724,-0.07004394354871596
2021-04-22,ic_neutral,合成分(行业中性),-0.2128597464505695,-0.07578162536598934
2021-04-23,ic_neutral,合成分(行业中性),-0.0879367053605258,-0.06986100772457511
2021-04-26,ic_neutral,合成分(行业中性),-0.0594209121287359,-0.07237561559882605
2021-04-27,ic_neutral,合成分(行业中性),0.0012647712210876,-0.06780598258503365
2021-04-28,ic_neutral,合成分(行业中性),0.0118823156047566,-0.0632451055525323
2021-04-29,ic_neutral,合成分(行业中性),-0.1328989863162021,-0.062352065061185
2021-04-30,ic_neutral,合成分(行业中性),-0.1553568428323407,-0.06874919229120102
2021-05-06,ic_neutral,合成分(行业中性),-0.1662264080497321,-0.07910935112131054
2021-05-07,ic_neutral,合成分(行业中性),-0.1626773044474669,-0.08667406929419447
2021-05-10,ic_neutral,合成分(行业中性),-0.1258377359195026,-0.09282909461661597
2021-05-11,ic_neutral,合成分(行业中性),-0.2783756790561352,-0.10792782748847458
2021-05-12,ic_neutral,合成分(行业中性),-0.1917895138590716,-0.11595967441745034
2021-05-13,ic_neutral,合成分(行业中性),-0.2237058263483114,-0.12691884704238734
2021-05-14,ic_neutral,合成分(行业中性),-0.1401795881792894,-0.13357686410513117
2021-05-17,ic_neutral,合成分(行业中性),-0.034405510855564,-0.13037643286948236
2021-05-18,ic_neutral,合成分(行业中性),-0.0025342094946515,-0.12255258609814927
2021-05-19,ic_neutral,合成分(行业中性),0.0821961282132656,-0.10835284558626697
2021-05-20,ic_neutral,合成分(行业中性),0.1102591147534862,-0.09552195156569461
2021-05-21,ic_neutral,合成分(行业中性),0.0289590606156775,-0.09124576473424986
2021-05-24,ic_neutral,合成分(行业中性),0.072731345791252,-0.08334561165492865
2021-05-25,ic_neutral,合成分(行业中性),0.1467367969085444,-0.06536578448697296
2021-05-26,ic_neutral,合成分(行业中性),0.2509707469150782,-0.04842041187319276
2021-05-27,ic_neutral,合成分(行业中性),0.1010604722363246,-0.04039634265493973
2021-05-28,ic_neutral,合成分(行业中性),0.1402264223151662,-0.033448260100235806
2021-05-31,ic_neutral,合成分(行业中性),0.1836720645081996,-0.024858772655063654
2021-06-01,ic_neutral,合成分(行业中性),0.3137752720891593,-0.00252505973479559
2021-06-02,ic_neutral,合成分(行业中性),0.2473981165231043,0.01761268823297666
2021-06-03,ic_neutral,合成分(行业中性),0.1112232952882645,0.031485173399876484
2021-06-04,ic_neutral,合成分(行业中性),0.0752658277241244,0.04338233000845605
2021-06-07,ic_neutral,合成分(行业中性),0.0580626280362891,0.05257734820624564
2021-06-08,ic_neutral,合成分(行业中性),0.1393083601599844,0.07346155016705161
2021-06-09,ic_neutral,合成分(行业中性),0.0816164276655936,0.08713184724328488
2021-06-10,ic_neutral,合成分(行业中性),0.1480392523597551,0.10571910117868821
2021-06-11,ic_neutral,合成分(行业中性),0.0840310777330516,0.11692963447430524
2021-06-15,ic_neutral,合成分(行业中性),0.0037731143779847,0.11883856573598268
2021-06-16,ic_neutral,合成分(行业中性),-0.0879337647601591,0.1145685879727073
2021-06-17,ic_neutral,合成分(行业中性),-0.1548323545181361,0.10271716383613723
2021-06-18,ic_neutral,合成分(行业中性),-0.1398645868402349,0.09021097875645116
2021-06-21,ic_neutral,合成分(行业中性),-0.141964363645432,0.0816648075433957
2021-06-22,ic_neutral,合成分(行业中性),-0.0827267172907392,0.07389190438929613
2021-06-23,ic_neutral,合成分(行业中性),-0.0741031683686829,0.06284990612543476
2021-06-24,ic_neutral,合成分(行业中性),-0.1745283607027519,0.04157495074454326
2021-06-25,ic_neutral,合成分(行业中性),-0.0671349136669593,0.033165181449379064
2021-06-28,ic_neutral,合成分(行业中性),-0.0680544191474741,0.022751139376247054
2021-06-29,ic_neutral,合成分(行业中性),0.0275290215588723,0.014943987228780686
2021-06-30,ic_neutral,合成分(行业中性),0.1078845851047079,0.004649452879558121
2021-07-01,ic_neutral,合成分(行业中性),0.050869941741458,-0.0051769558595241945
2021-07-02,ic_neutral,合成分(行业中性),-0.066729648874193,-0.014074603067647068
2021-07-05,ic_neutral,合成分(行业中性),-0.0733782081561958,-0.02150680486166308
2021-07-06,ic_neutral,合成分(行业中性),-0.0773067233506534,-0.028275272431010207
2021-07-07,ic_neutral,合成分(行业中性),-0.1195323571091166,-0.04121730829446525
2021-07-08,ic_neutral,合成分(行业中性),-0.0899524582275453,-0.0497957525891222
2021-07-09,ic_neutral,合成分(行业中性),-0.1076327621957321,-0.06257935331689655
2021-07-12,ic_neutral,合成分(行业中性),-0.0419067863328609,-0.06887624652019218
2021-07-13,ic_neutral,合成分(行业中性),-0.0491025035427491,-0.07152002741622887
2021-07-14,ic_neutral,合成分(行业中性),-0.0842111478507321,-0.07133389657075753
2021-07-15,ic_neutral,合成分(行业中性),-0.0444300110218863,-0.06581377939594504
2021-07-16,ic_neutral,合成分(行业中性),-0.0611596598960793,-0.06187853304873725
2021-07-19,ic_neutral,合成分(行业中性),-0.0081050308071905,-0.05518556640682518
2021-07-20,ic_neutral,合成分(行业中性),0.0553141237600377,-0.04828352435428634
2021-07-21,ic_neutral,合成分(行业中性),-0.0483172416915303,-0.046994228020428706
2021-07-22,ic_neutral,合成分(行业中性),0.0532593292394898,-0.03560484352331662
2021-07-23,ic_neutral,合成分(行业中性),0.0916154936230514,-0.027667323158816082
2021-07-26,ic_neutral,合成分(行业中性),0.0243937962525586,-0.02304491238881445
2021-07-27,ic_neutral,合成分(行业中性),-0.0542681456474559,-0.02713477074913086
2021-07-28,ic_neutral,合成分(行业中性),-0.0029298287918977,-0.03267549144396114
2021-07-29,ic_neutral,合成分(行业中性),-0.0451411111859314,-0.037476044090330604
2021-07-30,ic_neutral,合成分(行业中性),-0.123571256329877,-0.040318124463114814
2021-08-02,ic_neutral,合成分(行业中性),0.0341692789968652,-0.03494075010546176
2021-08-03,ic_neutral,合成分(行业中性),-0.0063218390804597,-0.031391505891952075
2021-08-04,ic_neutral,合成分(行业中性),-0.0887143756888678,-0.029850606820939634
2021-08-05,ic_neutral,合成分(行业中性),-0.0123996221067548,-0.025972965014900113
2021-08-06,ic_neutral,合成分(行业中性),0.0396354904739411,-0.01860955238141645
2021-08-09,ic_neutral,合成分(行业中性),0.0588726184852778,-0.013570582140509515
2021-08-10,ic_neutral,合成分(行业中性),0.0642851519445756,-0.00790119936614328
2021-08-11,ic_neutral,合成分(行业中性),0.0555581798142024,-0.0009127329828965567
2021-08-12,ic_neutral,合成分(行业中性),0.1076523382144544,0.006691384478920479
2021-08-13,ic_neutral,合成分(行业中性),0.1881162298420745,0.01915517896582817
2021-08-16,ic_neutral,合成分(行业中性),0.1734648086915446,0.02823367094076492
2021-08-17,ic_neutral,合成分(行业中性),0.1749881908360887,0.034217374294567476
2021-08-18,ic_neutral,合成分(行业中性),0.2045032278381357,0.046858397771050775
2021-08-19,ic_neutral,合成分(行业中性),0.1967406707605101,0.054032464847101794
2021-08-20,ic_neutral,合成分(行业中性),0.1463627775153519,0.05676982904171681
2021-08-23,ic_neutral,合成分(行业中性),0.2487504416140804,0.0679876613097929
2021-08-24,ic_neutral,合成分(行业中性),0.2166194300110218,0.08153204009271679
2021-08-25,ic_neutral,合成分(行业中性),0.2561250196819398,0.09448478251640866
2021-08-26,ic_neutral,合成分(行业中性),0.2535506219492993,0.10941936917317019
2021-08-27,ic_neutral,合成分(行业中性),0.1908557707447646,0.12514072052690225
2021-08-30,ic_neutral,合成分(行业中性),0.115178712013856,0.12919119217775182
2021-08-31,ic_neutral,合成分(行业中性),0.053836063057087,0.13219908728462915
2021-09-01,ic_neutral,合成分(行业中性),0.0925366084081247,0.1412616364894788
2021-09-02,ic_neutral,合成分(行业中性),-0.0069910250354274,0.14153206634304516
2021-09-03,ic_neutral,合成分(行业中性),0.0591915241611097,0.14250986802740356
2021-09-06,ic_neutral,合成分(行业中性),0.0582979058415997,0.14248113239521967
2021-09-07,ic_neutral,合成分(行业中性),-0.0066170681782396,0.1389360213890789
2021-09-08,ic_neutral,合成分(行业中性),0.0253818546113477,0.1374272051289362
2021-09-09,ic_neutral,合成分(行业中性),-0.0666469847268146,0.12871223898187273
2021-09-10,ic_neutral,合成分(行业中性),0.0261297433475043,0.12061291465714423
2021-09-13,ic_neutral,合成分(行业中性),-0.0478034955125177,0.1095494994469411
2021-09-14,ic_neutral,合成分(行业中性),-0.0331010864430798,0.09914503558298268
2021-09-15,ic_neutral,合成分(行业中性),-0.1481341521020311,0.08151316658597434
2021-09-16,ic_neutral,合成分(行业中性),-0.2030270823492363,0.06152477893048702
2021-09-17,ic_neutral,合成分(行业中性),-0.2018264840182648,0.04411531585380618
2021-09-22,ic_neutral,合成分(行业中性),-0.2262362484612263,0.020365981350040845
2021-09-23,ic_neutral,合成分(行业中性),-0.191105919447738,-2.0286122897143764e-05
2021-09-24,ic_neutral,合成分(行业中性),-0.2584382227158555,-0.02574844824278691
2021-09-27,ic_neutral,合成分(行业中性),-0.1608723035742402,-0.04646959451896388
2021-09-28,ic_neutral,合成分(行业中性),-0.0884585104707919,-0.060435308579741706
2021-09-29,ic_neutral,合成分(行业中性),-0.0917217760982522,-0.07078033298534711
2021-09-30,ic_neutral,合成分(行业中性),-0.0405369233191623,-0.07549898230415958
2021-10-08,ic_neutral,合成分(行业中性),0.0055148795465281,-0.0798500687472394
2021-10-11,ic_neutral,合成分(行业中性),0.0255038576602109,-0.0782253246124575
2021-10-12,ic_neutral,合成分(行业中性),0.0924972445284207,-0.07656003859409195
2021-10-13,ic_neutral,合成分(行业中性),0.0841678475830577,-0.07526654150701904
2021-10-14,ic_neutral,合成分(行业中性),0.051371881762623,-0.07236709400997592
2021-10-15,ic_neutral,合成分(行业中性),0.1247441347819241,-0.06739898000144709
2021-10-18,ic_neutral,合成分(行业中性),0.1690678633286096,-0.05561323759867589
2021-10-19,ic_neutral,合成分(行业中性),0.2048162180879575,-0.04667891386165322
2021-10-20,ic_neutral,合成分(行业中性),0.2033774208786017,-0.034119868042097254
2021-10-21,ic_neutral,合成分(行业中性),0.1402338214454416,-0.02545312264767119
2021-10-22,ic_neutral,合成分(行业中性),0.1913753739568572,-0.008477646344726773
2021-10-25,ic_neutral,合成分(行业中性),0.1509840969925995,0.009222912622365017
2021-10-26,ic_neutral,合成分(行业中性),0.125346402141395,0.02558155693034801
2021-10-27,ic_neutral,合成分(行业中性),-0.0080540083075021,0.03649066893803422
2021-10-28,ic_neutral,合成分(行业中性),-0.0369390647142182,0.04419901167471021
2021-10-29,ic_neutral,合成分(行业中性),-0.0156786487154153,0.05633699037473222
2021-11-01,ic_neutral,合成分(行业中性),-0.013458510470792,0.06370768002990462
2021-11-02,ic_neutral,合成分(行业中性),-0.1082862032418679,0.06271629539135083
2021-11-03,ic_neutral,合成分(行业中性),-0.1213364168734639,0.06123556335259025
2021-11-04,ic_neutral,合成分(行业中性),-0.1776867596508887,0.054378071536003915
2021-11-05,ic_neutral,合成分(行业中性),-0.2108154334116055,0.043561555888097236
2021-11-08,ic_neutral,合成分(行业中性),-0.2184146378668175,0.031365631111745826
2021-11-09,ic_neutral,合成分(行业中性),-0.25088962368131,0.014196287701259283
2021-11-10,ic_neutral,合成分(行业中性),-0.1861754054479609,0.000679125049708354
2021-11-11,ic_neutral,合成分(行业中性),-0.2580076287519153,-0.01478985047601856
2021-11-12,ic_neutral,合成分(行业中性),-0.3122657849157613,-0.03664034646090283
2021-11-15,ic_neutral,合成分(行业中性),-0.2738906657614298,-0.058788272915404796
2021-11-16,ic_neutral,合成分(行业中性),-0.2373415105573047,-0.0808961593476679
2021-11-17,ic_neutral,合成分(行业中性),-0.1923908871814856,-0.10068457475067227
2021-11-18,ic_neutral,合成分(行业中性),-0.2703954904582847,-0.1212160403458586
2021-11-19,ic_neutral,合成分(行业中性),-0.1656195874665407,-0.1390657884170285
2021-11-22,ic_neutral,合成分(行业中性),-0.0040899513754808,-0.1468194908354325
2021-11-23,ic_neutral,合成分(行业中性),-0.0077035112580695,-0.15347198650540572
2021-11-24,ic_neutral,合成分(行业中性),0.0235534005997207,-0.1518916160600446
2021-11-25,ic_neutral,合成分(行业中性),0.0156510939725059,-0.14926210812570836
2021-11-26,ic_neutral,合成分(行业中性),0.0991300582585419,-0.14352167277701053
2021-11-29,ic_neutral,合成分(行业中性),0.0421630094043887,-0.1407405967832515
2021-11-30,ic_neutral,合成分(行业中性),0.0134494950662143,-0.13465381186784736
2021-12-01,ic_neutral,合成分(行业中性),0.0267261474158025,-0.12725068365338404
2021-12-02,ic_neutral,合成分(行业中性),0.019855781018502,-0.11737355661991451
2021-12-03,ic_neutral,合成分(行业中性),-0.0435905119752887,-0.10901231054809868
2021-12-06,ic_neutral,合成分(行业中性),0.0352627575240581,-0.0963284407785549
2021-12-07,ic_neutral,合成分(行业中性),0.1587980494183671,-0.07584405712357103
2021-12-08,ic_neutral,合成分(行业中性),0.2050730210754184,-0.05628163579740207
2021-12-09,ic_neutral,合成分(行业中性),0.2332758091371498,-0.03171746390294882
2021-12-10,ic_neutral,合成分(行业中性),0.1495564669073809,-0.008626351311791715
2021-12-13,ic_neutral,合成分(行业中性),0.0519715559969781,0.007666759776128679
2021-12-14,ic_neutral,合成分(行业中性),0.0869857841688827,0.02388312451243805
2021-12-15,ic_neutral,合成分(行业中性),0.1087855806165665,0.03894194790234066
2021-12-16,ic_neutral,合成分(行业中性),0.1257345940444532,0.05874845212747755
2021-12-17,ic_neutral,合成分(行业中性),0.0844372763386847,0.07125129531773881
2021-12-20,ic_neutral,合成分(行业中性),0.0969175650783181,0.07630167114042877
2021-12-21,ic_neutral,合成分(行业中性),0.0765660395942086,0.08051514868304267
2021-12-22,ic_neutral,合成分(行业中性),0.0854427262877967,0.08360961496744647
2021-12-23,ic_neutral,合成分(行业中性),0.1425522833973538,0.08995467443868886
2021-12-24,ic_neutral,合成分(行业中性),0.0300280705210282,0.08649957505181319
2021-12-27,ic_neutral,合成分(行业中性),0.0079471666288809,0.08478878291303779
2021-12-28,ic_neutral,合成分(行业中性),0.2056455046595527,0.09439858339270471
2021-12-29,ic_neutral,合成分(行业中性),0.0753512919005876,0.09682984061694397
2021-12-30,ic_neutral,合成分(行业中性),0.1653985685675826,0.104106979994398
2021-12-31,ic_neutral,合成分(行业中性),0.1432042318495889,0.11344671718564188
2022-01-04,ic_neutral,合成分(行业中性),0.1643874001325869,0.1199029493160683
2022-01-05,ic_neutral,合成分(行业中性),0.083632337563816,0.11614466372334076
2022-01-06,ic_neutral,合成分(行业中性),0.1184227612271816,0.11181215073092891
2022-01-07,ic_neutral,合成分(行业中性),0.1481830794360267,0.10755751424587276
2022-01-10,ic_neutral,合成分(行业中性),0.032319794421777,0.10169568062159255
2022-01-11,ic_neutral,合成分(行业中性),0.0537421660891613,0.10178421112620173
2022-01-12,ic_neutral,合成分(行业中性),0.0237426444959301,0.09862205414255411
2022-01-13,ic_neutral,合成分(行业中性),0.0158540721420995,0.09397547871883075
2022-01-14,ic_neutral,合成分(行业中性),0.1201966941986329,0.09369858372653975
2022-01-17,ic_neutral,合成分(行业中性),0.043350487633185,0.09164424429126475
2022-01-18,ic_neutral,合成分(行业中性),0.0558334871069375,0.08959004039269572
2022-01-19,ic_neutral,合成分(行业中性),0.0300523092125499,0.08726435387361278
2022-01-20,ic_neutral,合成分(行业中性),0.0104252352736144,0.08351347932290368
2022-01-21,ic_neutral,合成分(行业中性),-0.1644928546531892,0.06816122242037652
2022-01-24,ic_neutral,合成分(行业中性),0.0164342976646915,0.0674815337775597
2022-01-25,ic_neutral,合成分(行业中性),0.0059323806204252,0.06738079447713691
2022-01-26,ic_neutral,合成分(行业中性),0.0169153604579642,0.057944287267057484
2022-01-27,ic_neutral,合成分(行业中性),0.0379854974405237,0.056075997544054276
2022-01-28,ic_neutral,合成分(行业中性),-0.0070359966921589,0.047454269281067205
2022-02-07,ic_neutral,合成分(行业中性),0.0447054421379496,0.042529329795485245
2022-02-08,ic_neutral,合成分(行业中性),0.0337310943896554,0.03599651450833867
2022-02-09,ic_neutral,合成分(行业中性),0.0524948912991477,0.03443964219510525
2022-02-10,ic_neutral,合成分(行业中性),-0.0071077577074747,0.02816311624837244
2022-02-11,ic_neutral,合成分(行业中性),-0.0285267121836535,0.01932762666738843
2022-02-14,ic_neutral,合成分(行业中性),0.0201545937301375,0.018719366632806454
2022-02-15,ic_neutral,合成分(行业中性),-0.0134261442464751,0.015360951116024632
2022-02-16,ic_neutral,合成分(行业中性),-0.0012916982756853,0.01410923397744386
2022-02-17,ic_neutral,合成分(行业中性),-0.1058509147820857,0.0080239846312346
2022-02-18,ic_neutral,合成分(行业中性),-0.0538378474429158,-0.0006777424508428321
2022-02-21,ic_neutral,合成分(行业中性),-0.1028711240508751,-0.007988823035045837
2022-02-22,ic_neutral,合成分(行业中性),-0.1131124460938087,-0.016436119695083146
2022-02-23,ic_neutral,合成分(行业中性),-0.0039161011215221,-0.01813454021178675
2022-02-24,ic_neutral,合成分(行业中性),-0.0135935866155454,-0.019335481306244736
2022-02-25,ic_neutral,合成分(行业中性),0.2207949753620513,-7.108980548271304e-05
2022-02-28,ic_neutral,合成分(行业中性),0.1844770672298197,0.008331048672773697
2022-03-01,ic_neutral,合成分(行业中性),0.2054005289811986,0.018304456090812365
2022-03-02,ic_neutral,合成分(行业中性),0.0989105994436812,0.022404218040098216
2022-03-03,ic_neutral,合成分(行业中性),0.1430880473486013,0.0276593455355021
2022-03-04,ic_neutral,合成分(行业中性),-0.0067933761165672,0.027671476564281684
2022-03-07,ic_neutral,合成分(行业中性),0.0312399620008337,0.02699820255742589
2022-03-08,ic_neutral,合成分(行业中性),-0.0109350118576534,0.024764897245060452
2022-03-09,ic_neutral,合成分(行业中性),-0.004609790936242,0.021909663133290964
2022-03-10,ic_neutral,合成分(行业中性),0.0872238055208141,0.0266262412947054
2022-03-11,ic_neutral,合成分(行业中性),0.0863815416842469,0.03237165398810042
2022-03-14,ic_neutral,合成分(行业中性),0.0766851878430005,0.03519818369374357
2022-03-15,ic_neutral,合成分(行业中性),0.0468394398540175,0.0382114628987682
2022-03-16,ic_neutral,合成分(行业中性),0.0493442410076613,0.04074325986293553
2022-03-17,ic_neutral,合成分(行业中性),0.0855254614916723,0.05031207867662344
2022-03-18,ic_neutral,合成分(行业中性),0.1842891217135163,0.06221842713444503
2022-03-21,ic_neutral,合成分(行业中性),0.1985543560255681,0.07728970113826719
2022-03-22,ic_neutral,合成分(行业中性),0.1027037694214467,0.08808051191402996
2022-03-23,ic_neutral,合成分(行业中性),0.0527067571538897,0.09091165482780056
2022-03-24,ic_neutral,合成分(行业中性),0.1831067735564075,0.1007466728363982
2022-03-25,ic_neutral,合成分(行业中性),0.0737634893622837,0.09339509853640982
2022-03-28,ic_neutral,合成分(行业中性),0.0566809505259057,0.08700529270121413
2022-03-29,ic_neutral,合成分(行业中性),0.0597530054196652,0.07972291652313745
2022-03-30,ic_neutral,合成分(行业中性),0.03753101101019,0.0766539371014629
2022-03-31,ic_neutral,合成分(行业中性),0.0328187043377825,0.07114046995092196
2022-04-01,ic_neutral,合成分(行业中性),0.1649785742111413,0.07972906746730737
2022-04-06,ic_neutral,合成分(行业中性),0.176761049487763,0.08700512184165385
2022-04-07,ic_neutral,合成分(行业中性),0.1129313349599163,0.09319843918253232
2022-04-08,ic_neutral,合成分(行业中性),0.0832833739979086,0.09759309742923986
2022-04-11,ic_neutral,合成分(行业中性),0.0762922108543661,0.09704651769591746
2022-04-12,ic_neutral,合成分(行业中性),-0.0042851577717179,0.09251318272311922
2022-04-13,ic_neutral,合成分(行业中性),0.0189893315290563,0.08962838990742202
2022-04-14,ic_neutral,合成分(行业中性),0.0014113047905849,0.08735698315425038
2022-04-15,ic_neutral,合成分(行业中性),0.112558861118515,0.09051771415979307
2022-04-18,ic_neutral,合成分(行业中性),0.0132604218013616,0.08690446217527753
2022-04-19,ic_neutral,合成分(行业中性),-0.0344556566669931,0.07596722325625206
2022-04-20,ic_neutral,合成分(行业中性),-0.0492451424627013,0.06357724833183859
2022-04-21,ic_neutral,合成分(行业中性),-0.0118577901707912,0.057849170352226684
2022-04-22,ic_neutral,合成分(行业中性),-0.0058138724294179,0.05492313887306131
2022-04-25,ic_neutral,合成分(行业中性),-0.0711014290693621,0.042212728741772836
2022-04-26,ic_neutral,合成分(行业中性),-0.1120635343879254,0.032921377554262374
2022-04-27,ic_neutral,合成分(行业中性),-0.1777971418612756,0.021197472934903313
2022-04-28,ic_neutral,合成分(行业中性),-0.2001082259570522,0.008204411366067444
2022-04-29,ic_neutral,合成分(行业中性),-0.2184405306214503,-0.004594165715514573
2022-05-05,ic_neutral,合成分(行业中性),-0.2572788370605893,-0.019099042785433163
2022-05-06,ic_neutral,合成分(行业中性),-0.2914317347712873,-0.04191955823455459
2022-05-09,ic_neutral,合成分(行业中性),-0.2734511021489878,-0.06443016581639213
2022-05-10,ic_neutral,合成分(行业中性),-0.3364179706812639,-0.08689763109845114
2022-05-11,ic_neutral,合成分(行业中性),-0.2012930651521675,-0.10112645305595495
2022-05-12,ic_neutral,合成分(行业中性),-0.1525707529439102,-0.11256960124586876
2022-05-13,ic_neutral,合成分(行业中性),-0.1572767626795952,-0.12021918149126262
2022-05-16,ic_neutral,合成分(行业中性),-0.1577067913258018,-0.12905398763400552
2022-05-17,ic_neutral,合成分(行业中性),-0.1028130318003813,-0.13426520446355383
2022-05-18,ic_neutral,合成分(行业中性),-0.0614547666400125,-0.1429658858514802
2022-05-19,ic_neutral,合成分(行业中性),-0.1038860298389136,-0.14882320843349398
2022-05-20,ic_neutral,合成分(行业中性),-0.1029412644131216,-0.1522474888208004
2022-05-23,ic_neutral,合成分(行业中性),0.0019717193255831,-0.14968664573138618
2022-05-24,ic_neutral,合成分(行业中性),-0.0781921691646334,-0.1530033646810783
2022-05-25,ic_neutral,合成分(行业中性),-0.0870085224748665,-0.1570630971833507
2022-05-26,ic_neutral,合成分(行业中性),-0.0929065944955884,-0.15815335545466203
2022-05-27,ic_neutral,合成分(行业中性),-0.1720419084329444,-0.16115227415691297
2022-05-30,ic_neutral,合成分(行业中性),-0.1553318434379677,-0.1600290092357476
2022-05-31,ic_neutral,合成分(行业中性),-0.2114011167380859,-0.16059365377479928
2022-06-01,ic_neutral,合成分(行业中性),-0.1379383402018876,-0.15656854425382113
2022-06-02,ic_neutral,合成分(行业中性),-0.2299533312591671,-0.15520226896375006
2022-06-06,ic_neutral,合成分(行业中性),-0.1840988488377261,-0.14983562466707195
2022-06-07,ic_neutral,合成分(行业中性),-0.1339419529756878,-0.14286016720840697
2022-06-08,ic_neutral,合成分(行业中性),-0.0766736980965662,-0.1298729535791721
2022-06-09,ic_neutral,合成分(行业中性),-0.085961153829059,-0.12410635801301666
2022-06-10,ic_neutral,合成分(行业中性),-0.1514965109560425,-0.12405264591362328
2022-06-13,ic_neutral,合成分(行业中性),-0.0751304502422329,-0.11994533029175516
2022-06-14,ic_neutral,合成分(行业中性),-0.0701204497977688,-0.11556601321535351
2022-06-15,ic_neutral,合成分(行业中性),-0.0227583448153251,-0.11156327886610069
2022-06-16,ic_neutral,合成分(行业中性),-0.05774301080048,-0.11137769107412407
2022-06-17,ic_neutral,合成分(行业中性),-0.0691141828525712,-0.10963909872480695
2022-06-20,ic_neutral,合成分(行业中性),0.0011147162096093,-0.10443629969367041
2022-06-21,ic_neutral,合成分(行业中性),0.0506458515008436,-0.1020025930849074
2022-06-22,ic_neutral,合成分(行业中性),0.0210373794390861,-0.09704111565472141
2022-06-23,ic_neutral,合成分(行业中性),-0.0303426818969732,-0.09420782362582675
2022-06-24,ic_neutral,合成分(行业中性),0.0462332070165141,-0.08725083355022162
2022-06-27,ic_neutral,合成分(行业中性),-0.0051077825681141,-0.07890412725698011
2022-06-28,ic_neutral,合成分(行业中性),0.0270714253966842,-0.06978396381524751
2022-06-29,ic_neutral,合成分(行业中性),0.0109711542735232,-0.05866535026466706
2022-06-30,ic_neutral,合成分(行业中性),-0.0634856411310078,-0.05494271531112306
2022-07-01,ic_neutral,合成分(行业中性),-0.0841491362551563,-0.04765250556092253
2022-07-04,ic_neutral,合成分(行业中性),-0.1189802595185788,-0.044396576094965154
2022-07-05,ic_neutral,合成分(行业中性),-0.0398760885713834,-0.03969328287474994
2022-07-06,ic_neutral,合成分(行业中性),-0.103061434148346,-0.04101266967733893
2022-07-07,ic_neutral,合成分(行业中性),-0.1417647895560367,-0.043802851463687814
2022-07-08,ic_neutral,合成分(行业中性),-0.0931738815365004,-0.040886719992710714
2022-07-11,ic_neutral,合成分(行业中性),-0.1116498869940414,-0.042712691830301144
2022-07-12,ic_neutral,合成分(行业中性),-0.0579191098607576,-0.04210262483345058
2022-07-13,ic_neutral,合成分(行业中性),-0.0867980591424191,-0.04530461054980528
2022-07-14,ic_neutral,合成分(行业中性),-0.1955461427826334,-0.05219476714891295
2022-07-15,ic_neutral,合成分(行业中性),-0.1468097548639977,-0.056079545749484275
2022-07-18,ic_neutral,合成分(行业中性),-0.1385801856934776,-0.06306429084463862
2022-07-19,ic_neutral,合成分(行业中性),-0.1101487574052298,-0.07110402128994228
2022-07-20,ic_neutral,合成分(行业中性),-0.0329504289500119,-0.07380341170939718
2022-07-21,ic_neutral,合成分(行业中性),0.0008882454465611,-0.07224186534222046
2022-07-22,ic_neutral,合成分(行业中性),0.0147777022648606,-0.07381464057980315
2022-07-25,ic_neutral,合成分(行业中性),-0.0030551145509915,-0.07371200717894702
2022-07-26,ic_neutral,合成分(行业中性),0.0806435807874065,-0.0710333994094109
2022-07-27,ic_neutral,合成分(行业中性),0.1208831850294763,-0.06553779787161325
2022-07-28,ic_neutral,合成分(行业中性),0.1164103617771174,-0.05654299772620698
2022-07-29,ic_neutral,合成分(行业中性),0.0400121383009642,-0.05033493399840096
2022-08-01,ic_neutral,合成分(行业中性),0.0831929977343732,-0.04022627113575336
2022-08-02,ic_neutral,合成分(行业中性),0.0955919773671982,-0.033452867838824285
2022-08-03,ic_neutral,合成分(行业中性),0.0602550931706468,-0.025287041472874645
2022-08-04,ic_neutral,合成分(行业中性),0.0456796952790377,-0.01591481723112092
2022-08-05,ic_neutral,合成分(行业中性),0.0387508011180607,-0.009318583098392865
2022-08-08,ic_neutral,合成分(行业中性),0.0463245404687771,-0.001419861725251942
2022-08-09,ic_neutral,合成分(行业中性),-0.0201577341910195,0.0004682070582349632
2022-08-10,ic_neutral,合成分(行业中性),-0.0151791500055317,0.004049152515079333
2022-08-11,ic_neutral,合成分(行业中性),-0.012305795704193,0.013211169869001355
2022-08-12,ic_neutral,合成分(行业中性),-0.0455611935651495,0.018273597933943765
2022-08-15,ic_neutral,合成分(行业中性),-0.052872605832551,0.022558976926990094
2022-08-16,ic_neutral,合成分(行业中性),-0.0016279231493914,0.027985018639782012
2022-08-17,ic_neutral,合成分(行业中性),-0.0374496471270664,0.027760057730929287
2022-08-18,ic_neutral,合成分(行业中性),-0.0557474783281234,0.02492827154219506
2022-08-19,ic_neutral,合成分(行业中性),-0.078969417679095,0.02024091554499728
2022-08-22,ic_neutral,合成分(行业中性),-0.0365764447697583,0.01856484903405894
2022-08-23,ic_neutral,合成分(行业中性),-0.0661467564693371,0.011225332171221764
2022-08-24,ic_neutral,合成分(行业中性),-0.0899133124939576,0.0006855072950500668
2022-08-25,ic_neutral,合成分(行业中性),0.0483349401779646,-0.0027182637849075732
2022-08-26,ic_neutral,合成分(行业中性),-0.0082107775348104,-0.005129409576696303
2022-08-29,ic_neutral,合成分(行业中性),-0.0272952853598014,-0.010653823731405034
2022-08-30,ic_neutral,合成分(行业中性),-0.0052788839111804,-0.015697366795323964
2022-08-31,ic_neutral,合成分(行业中性),0.0607735461535064,-0.015671444146180984
2022-09-01,ic_neutral,合成分(行业中性),0.1211866415893537,-0.011896096830665183
2022-09-02,ic_neutral,合成分(行业中性),0.2387539315010036,-0.001895940311518038
2022-09-05,ic_neutral,合成分(行业中性),0.2487269049011395,0.008224177910100081
2022-09-06,ic_neutral,合成分(行业中性),0.2062714355707986,0.019545636398190985
2022-09-07,ic_neutral,合成分(行业中性),0.3033806957373836,0.03547362868533675
2022-09-08,ic_neutral,合成分(行业中性),0.1384935862995849,0.043013597785525645
2022-09-09,ic_neutral,合成分(行业中性),0.1919743579004866,0.054890375358807454
2022-09-13,ic_neutral,合成分(行业中性),0.1275813563876025,0.06391307346981513
2022-09-14,ic_neutral,合成分(行业中性),0.134301654786553,0.07070955236661235
2022-09-15,ic_neutral,合成分(行业中性),0.1198558581340582,0.07857482762966858
2022-09-16,ic_neutral,合成分(行业中性),0.0791437460635815,0.08531938884925382
2022-09-19,ic_neutral,合成分(行业中性),0.0058036067076543,0.08955804006859128
2022-09-20,ic_neutral,合成分(行业中性),0.1171437151301544,0.09724404806358691
2022-09-21,ic_neutral,合成分(行业中性),-0.0218789191564285,0.09945743992923234
2022-09-22,ic_neutral,合成分(行业中性),0.0001548892857707,0.10396085001821878
2022-09-23,ic_neutral,合成分(行业中性),0.0408275513268321,0.10358548057566215
2022-09-26,ic_neutral,合成分(行业中性),0.0654613215069679,0.10726908552775105
2022-09-27,ic_neutral,合成分(行业中性),-0.0743689842107758,0.10491540058520232
2022-09-28,ic_neutral,合成分(行业中性),-0.0561078535189897,0.10237395210481186
2022-09-29,ic_neutral,合成分(行业中性),-0.0760158682492769,0.09553448138467271
2022-09-30,ic_neutral,合成分(行业中性),-0.122511103032985,0.08334959415355576
2022-10-10,ic_neutral,合成分(行业中性),-0.1721388945962605,0.06280495284869256
2022-10-11,ic_neutral,合成分(行业中性),-0.1140585734380679,0.04466567893173219
2022-10-12,ic_neutral,合成分(行业中性),-0.148696875345735,0.02691726338590551
2022-10-13,ic_neutral,合成分(行业中性),-0.1363943484332493,0.004928511177373869
2022-10-14,ic_neutral,合成分(行业中性),-0.1740829131829748,-0.010700313796754115
2022-10-17,ic_neutral,合成分(行业中性),-0.1239592355405524,-0.026496993468806067
2022-10-18,ic_neutral,合成分(行业中性),-0.1600417252769831,-0.04087814755203535
2022-10-19,ic_neutral,合成分(行业中性),-0.1157627215087622,-0.05338136636680111
2022-10-20,ic_neutral,合成分(行业中性),-0.1148488248960819,-0.06511660051830812
2022-10-21,ic_neutral,合成分(行业中性),-0.0085584300536054,-0.06950170932416745
2022-10-24,ic_neutral,合成分(行业中性),-0.0898673958053452,-0.07428525944981743
2022-10-25,ic_neutral,合成分(行业中性),-0.0702754816582636,-0.08365621928923833
2022-10-26,ic_neutral,合成分(行业中性),-0.1798846314975347,-0.09155650490629365
2022-10-27,ic_neutral,合成分(行业中性),-0.1743327704104876,-0.10028088789110656
2022-10-28,ic_neutral,合成分(行业中性),-0.2082186151633449,-0.11273319621561542
2022-10-31,ic_neutral,合成分(行业中性),-0.2675633386543598,-0.1293844292236818
2022-11-01,ic_neutral,合成分(行业中性),-0.1949171026220543,-0.1354118351442457
2022-11-02,ic_neutral,合成分(行业中性),-0.165254223894043,-0.1408691536629984
2022-11-03,ic_neutral,合成分(行业中性),-0.1573485483080716,-0.14493578766593812
2022-11-04,ic_neutral,合成分(行业中性),-0.0537623871916043,-0.14149835187386908
2022-11-07,ic_neutral,合成分(行业中性),-0.0857960202936574,-0.13718120815873894
2022-11-08,ic_neutral,合成分(行业中性),-0.104654581087702,-0.13671100854122062
2022-11-09,ic_neutral,合成分(行业中性),-0.0835896382228825,-0.133455646685078
2022-11-10,ic_neutral,合成分(行业中性),-0.0841143651910037,-0.13084164752296573
2022-11-11,ic_neutral,合成分(行业中性),-0.0648132635804713,-0.12537816504284055
2022-11-14,ic_neutral,合成分(行业中性),-0.0028196172021937,-0.11932118412592263
2022-11-15,ic_neutral,合成分(行业中性),0.1288425977145927,-0.1048769679763438
2022-11-16,ic_neutral,合成分(行业中性),0.0575145011142545,-0.09621310684519299
2022-11-17,ic_neutral,合成分(行业中性),0.0388804024595927,-0.08852664547740927
2022-11-18,ic_neutral,合成分(行业中性),0.035886899211329,-0.08630437901416253
2022-11-21,ic_neutral,合成分(行业中性),0.1257859050749948,-0.07552171397014554
2022-11-22,ic_neutral,合成分(行业中性),0.0468366234135701,-0.06966610871655385
2022-11-23,ic_neutral,合成分(行业中性),0.0450712372739921,-0.058418315277977514
2022-11-24,ic_neutral,合成分(行业中性),0.0735945377819222,-0.046021949868357025
2022-11-25,ic_neutral,合成分(行业中性),0.1043481284446443,-0.030393612687957566
2022-11-28,ic_neutral,合成分(行业中性),-0.0234168052246439,-0.01818628601647177
2022-11-29,ic_neutral,合成分(行业中性),-0.0317681086121603,-0.010028836315977072
2022-11-30,ic_neutral,合成分(行业中性),0.0201324461443631,-0.0007595028140567654
2022-12-01,ic_neutral,合成分(行业中性),0.0054116590907924,0.0073785075558864335
2022-12-02,ic_neutral,合成分(行业中性),0.0274701019511625,0.011440132013024773
2022-12-05,ic_neutral,合成分(行业中性),-0.017460094085481,0.014856928323433594
2022-12-06,ic_neutral,合成分(行业中性),-0.0242920338044677,0.01887505568759531
2022-12-07,ic_neutral,合成分(行业中性),-0.0872803666921313,0.018690519264132868
2022-12-08,ic_neutral,合成分(行业中性),-0.116327010982553,0.017079886974555404
2022-12-09,ic_neutral,合成分(行业中性),-0.0571281144036561,0.017464144433396164
2022-12-12,ic_neutral,合成分(行业中性),-0.0358416093710211,0.015813044824954794
2022-12-13,ic_neutral,合成分(行业中性),0.0257160280380094,0.010656716341125628
2022-12-14,ic_neutral,合成分(行业中性),-0.0515493278651173,0.0052035248921570385
2022-12-15,ic_neutral,合成分(行业中性),-0.0035215101951287,0.0030834292594209686
2022-12-16,ic_neutral,合成分(行业中性),-0.0627347569338192,-0.0018476535478364417
2022-12-19,ic_neutral,合成分(行业中性),-0.1143433449934997,-0.013854116051261167
2022-12-20,ic_neutral,合成分(行业中性),-0.0151950859728635,-0.016955701520582848
2022-12-21,ic_neutral,合成分(行业中性),-0.0544627397896165,-0.021932400373763275
2022-12-22,ic_neutral,合成分(行业中性),-0.1141054507927572,-0.031317399802497245
2022-12-23,ic_neutral,合成分(行业中性),-0.0806796402771635,-0.04056878823858764
2022-12-26,ic_neutral,合成分(行业中性),-0.0404286116360419,-0.04141937855915754
2022-12-27,ic_neutral,合成分(行业中性),-0.0706110195274282,-0.04336152410492093
2022-12-28,ic_neutral,合成分(行业中性),-0.099138552057678,-0.049325074015022986
2022-12-29,ic_neutral,合成分(行业中性),-0.0865148943799452,-0.05392140168855987
2022-12-30,ic_neutral,合成分(行业中性),0.0140125474555386,-0.054594279413341065
2023-01-03,ic_neutral,合成分(行业中性),-0.008863878007736,-0.05416446860945381
2023-01-04,ic_neutral,合成分(行业中性),0.0464789269028522,-0.050625920574087824
2023-01-05,ic_neutral,合成分(行业中性),-0.0227714515757994,-0.04740047481827122
2023-01-06,ic_neutral,合成分(行业中性),-0.0625373821025995,-0.04471099337427355
2023-01-09,ic_neutral,合成分(行业中性),-0.1641366578585629,-0.050061420547018884
2023-01-10,ic_neutral,合成分(行业中性),-0.1168342882642355,-0.05411105449167961
2023-01-11,ic_neutral,合成分(行业中性),-0.0778861706812934,-0.05929116442764474
2023-01-12,ic_neutral,合成分(行业中性),-0.1010898320680929,-0.061768189637793534
2023-01-13,ic_neutral,合成分(行业中性),-0.0736599953991258,-0.06527511389799337
2023-01-16,ic_neutral,合成分(行业中性),-0.0282034397385561,-0.06354854803823022
2023-01-17,ic_neutral,合成分(行业中性),0.0526167471819645,-0.055200543429457016
2023-01-18,ic_neutral,合成分(行业中性),-0.0028352907431071,-0.0545825536679692
2023-01-19,ic_neutral,合成分(行业中性),0.0642541294672709,-0.04864671020512482
2023-01-20,ic_neutral,合成分(行业中性),0.0404532151866443,-0.040918776906154745
2023-01-30,ic_neutral,合成分(行业中性),0.0185703317528135,-0.0359562783046559
2023-01-31,ic_neutral,合成分(行业中性),-0.0363497814584771,-0.035752336795777655
2023-02-01,ic_neutral,合成分(行业中性),0.0435501495284104,-0.030044278342985724
2023-02-02,ic_neutral,合成分(行业中性),0.0958764665286404,-0.02029352741366981
2023-02-03,ic_neutral,合成分(行业中性),0.1448498964803312,-0.00872528787065599
2023-02-06,ic_neutral,合成分(行业中性),0.127803657694962,-0.0030357323586848216
2023-02-07,ic_neutral,合成分(行业中性),0.1414107430411778,0.004477998693760868
2023-02-08,ic_neutral,合成分(行业中性),0.2051679467685811,0.012412449687047314
2023-02-09,ic_neutral,合成分(行业中性),0.1555871865654474,0.021330381594109653
2023-02-10,ic_neutral,合成分(行业中性),0.1730763839116388,0.033111069894821564
2023-02-13,ic_neutral,合成分(行业中性),0.2839860823556476,0.05551720690553209
2023-02-14,ic_neutral,合成分(行业中性),0.2291264090177134,0.07281524176962953
2023-02-15,ic_neutral,合成分(行业中性),0.2131211180124223,0.08736560620431533
2023-02-16,ic_neutral,合成分(行业中性),0.3132994018863584,0.1080850679020379
2023-02-17,ic_neutral,合成分(行业中性),0.3370358415544935,0.12861985974971885
2023-02-20,ic_neutral,合成分(行业中性),0.281232948896545,0.1440916791814739
2023-02-21,ic_neutral,合成分(行业中性),0.2578128594432942,0.1543514847945404
2023-02-22,ic_neutral,合成分(行业中性),0.2246664366229583,0.16572657116284367
2023-02-23,ic_neutral,合成分(行业中性),0.2912803244771171,0.17707788091333598
2023-02-24,ic_neutral,合成分(行业中性),0.1956924315619968,0.1848398417321036
2023-02-27,ic_neutral,合成分(行业中性),0.1908314576371105,0.19345289802631843
2023-02-28,ic_neutral,合成分(行业中性),0.1896600806888468,0.20475339113368465
2023-03-01,ic_neutral,合成分(行业中性),0.2410628019323671,0.21462902375388251
2023-03-02,ic_neutral,合成分(行业中性),0.1747958362088797,0.21857499223789442
2023-03-03,ic_neutral,合成分(行业中性),0.1984299516908212,0.22125399499841897
2023-03-06,ic_neutral,合成分(行业中性),0.1337215320910973,0.22154988871822567
2023-03-07,ic_neutral,合成分(行业中性),0.2002789279963193,0.22449329796598277
2023-03-08,ic_neutral,合成分(行业中性),0.2298655896779908,0.2257281801114533
2023-03-09,ic_neutral,合成分(行业中性),0.1236513687600644,0.2241313892211841
2023-03-10,ic_neutral,合成分(行业中性),0.206266408634418,0.2257908904573231
2023-03-13,ic_neutral,合成分(行业中性),0.1946372459723055,0.22132344863815595
2023-03-14,ic_neutral,合成分(行业中性),0.1931619507706464,0.21952522572580263
2023-03-15,ic_neutral,合成分(行业中性),0.1663503565677478,0.2171866876535689
2023-03-16,ic_neutral,合成分(行业中性),0.0998813828627637,0.20651578670238915
2023-03-17,ic_neutral,合成分(行业中性),0.0167644352426961,0.19050221638679926
2023-03-20,ic_neutral,合成分(行业中性),-0.0149039567517828,0.1756953711043829
2023-03-21,ic_neutral,合成分(行业中性),0.1340033356337704,0.16950489491390672
2023-03-22,ic_neutral,合成分(行业中性),0.1642540832758224,0.16648427724654993
2023-03-23,ic_neutral,合成分(行业中性),0.2066626409017713,0.16225339306778264
2023-03-24,ic_neutral,合成分(行业中性),0.2526196227283184,0.16509975262609872
2023-03-27,ic_neutral,合成分(行业中性),0.25295318610536,0.16820583904951117
2023-03-28,ic_neutral,合成分(行业中性),0.2221704623878537,0.16983135813446154
2023-03-29,ic_neutral,合成分(行业中性),0.1558833678398896,0.16557238642983765
2023-03-30,ic_neutral,合成分(行业中性),0.2007936507936508,0.1668722771590762
2023-03-31,ic_neutral,合成分(行业中性),0.1371060501495284,0.16380608208201158
2023-04-03,ic_neutral,合成分(行业中性),0.183994708994709,0.16631974092719215
2023-04-04,ic_neutral,合成分(行业中性),0.1172647803082585,0.1621690335427891
2023-04-06,ic_neutral,合成分(行业中性),0.1488382792730619,0.15811766802254268
2023-04-07,ic_neutral,合成分(行业中性),0.2054204048769266,0.1622061198283858
2023-04-10,ic_neutral,合成分(行业中性),0.1230503795721187,0.1580453183752708
2023-04-11,ic_neutral,合成分(行业中性),0.1582384403036577,0.15622537809183842
2023-04-12,ic_neutral,合成分(行业中性),0.1715148378191856,0.15514302244426537
2023-04-13,ic_neutral,合成分(行业中性),0.2223832528180354,0.15794466725677975
2023-04-14,ic_neutral,合成分(行业中性),0.1672590292155509,0.16131354957441912
2023-04-17,ic_neutral,合成分(行业中性),0.1912612146307798,0.1700383885438233
2023-04-18,ic_neutral,合成分(行业中性),0.2140644511045894,0.1814868089366419
2023-04-19,ic_neutral,合成分(行业中性),0.2168538889665931,0.18562933660328304
2023-04-20,ic_neutral,合成分(行业中性),0.1277260179434092,0.1838029333366624
2023-04-21,ic_neutral,合成分(行业中性),0.134725097768576,0.18020605618000263
2023-04-24,ic_neutral,合成分(行业中性),0.0427564987347596,0.16971289998032468
2023-04-25,ic_neutral,合成分(行业中性),0.0807798481711525,0.1611042330836143
2023-04-26,ic_neutral,合成分(行业中性),0.2405942608367461,0.16202542300605893
2023-04-27,ic_neutral,合成分(行业中性),0.2173711755233494,0.16509981339023191
2023-04-28,ic_neutral,合成分(行业中性),0.246270416379112,0.16737365166950496
2023-05-04,ic_neutral,合成分(行业中性),0.1166954221302047,0.1663531202685388
2023-05-05,ic_neutral,合成分(行业中性),0.1922849091327352,0.1667676302754401
2023-05-08,ic_neutral,合成分(行业中性),0.1367926155969634,0.16774402203987532
2023-05-09,ic_neutral,合成分(行业中性),0.2031631009891879,0.17046026312568166
2023-05-10,ic_neutral,合成分(行业中性),0.2409103979756154,0.17223476278061609
2023-05-11,ic_neutral,合成分(行业中性),0.2659822866344606,0.17938135813373318
2023-05-12,ic_neutral,合成分(行业中性),0.168696923666454,0.179904282301873
2023-05-15,ic_neutral,合成分(行业中性),0.1151368760064412,0.1770853842112358
2023-05-16,ic_neutral,合成分(行业中性),0.070494018863584,0.1694909225135132
2023-05-17,ic_neutral,合成分(行业中性),0.0047863503467564,0.16136728857007349
2023-05-18,ic_neutral,合成分(行业中性),-0.0115079365079365,0.15122883101313767
2023-05-19,ic_neutral,合成分(行业中性),-0.0273709076452995,0.1391570630756432
2023-05-22,ic_neutral,合成分(行业中性),0.0090493443754313,0.12876683584608511
2023-05-23,ic_neutral,合成分(行业中性),-0.0709109730848861,0.11883498629467037
2023-05-24,ic_neutral,合成分(行业中性),0.1318160872316343,0.11868953576782326
2023-05-25,ic_neutral,合成分(行业中性),0.167203076261744,0.1249118646441725
2023-05-26,ic_neutral,合成分(行业中性),0.1080818007259601,0.1262769622719129
2023-05-29,ic_neutral,合成分(行业中性),0.0629629629629629,0.11739539737822373
2023-05-30,ic_neutral,合成分(行业中性),0.1719621088985009,0.1151249440469813
2023-05-31,ic_neutral,合成分(行业中性),0.0883252818035427,0.10722768731820283
2023-06-01,ic_neutral,合成分(行业中性),-0.0069271911663216,0.10104655665337652
2023-06-02,ic_neutral,合成分(行业中性),0.0374856222682309,0.0933065923101513
2023-06-05,ic_neutral,合成分(行业中性),0.0165804002760524,0.08729598154410576
2023-06-06,ic_neutral,合成分(行业中性),0.0456320450885668,0.07941942874907469
2023-06-07,ic_neutral,合成分(行业中性),0.0277806533241315,0.0687629415165005
2023-06-08,ic_neutral,合成分(行业中性),-0.0733724935102656,0.05179520250926419
2023-06-09,ic_neutral,合成分(行业中性),-0.0115338164251207,0.04278366550468545
2023-06-12,ic_neutral,合成分(行业中性),-0.0478160569186178,0.0346360188584325
2023-06-13,ic_neutral,合成分(行业中性),0.0151426270991488,0.03186844927021075
2023-06-14,ic_neutral,合成分(行业中性),0.0293795415792035,0.033098108831833103
2023-06-15,ic_neutral,合成分(行业中性),0.1613670347366,0.04174185739405993
2023-06-16,ic_neutral,合成分(行业中性),0.1086298269783274,0.04854189412524127
2023-06-19,ic_neutral,合成分(行业中性),0.1340205889118932,0.054790456352064365
2023-06-20,ic_neutral,合成分(行业中性),0.0568337767668774,0.061177693844652534
2023-06-21,ic_neutral,合成分(行业中性),0.000140901872629,0.05459393457670227
2023-06-26,ic_neutral,合成分(行业中性),-0.0049545663676098,0.045986052445234585
2023-06-27,ic_neutral,合成分(行业中性),-0.0736254888428801,0.03690068796679258
2023-06-28,ic_neutral,合成分(行业中性),-0.0737980216241085,0.03006263873743901
2023-06-29,ic_neutral,合成分(行业中性),-0.0566137566137566,0.018633845461826132
2023-06-30,ic_neutral,合成分(行业中性),-0.1118941119482206,0.008622875774237966
2023-07-03,ic_neutral,合成分(行业中性),-0.0833840065136508,0.004800035006871507
2023-07-04,ic_neutral,合成分(行业中性),-0.0393936739258144,0.0009560701971692419
2023-07-05,ic_neutral,合成分(行业中性),-0.0623099755738093,-0.002988448595323843
2023-07-06,ic_neutral,合成分(行业中性),-0.103429973100271,-0.010441549504765734
2023-07-07,ic_neutral,合成分(行业中性),-0.0931544827728364,-0.016488306309614127
2023-07-10,ic_neutral,合成分(行业中性),-0.0795642447232924,-0.01679789387026547
2023-07-11,ic_neutral,合成分(行业中性),-0.0597385263895616,-0.019208129368487516
2023-07-12,ic_neutral,合成分(行业中性),-0.13315881146485,-0.023475267095799123
2023-07-13,ic_neutral,合成分(行业中性),-0.0179550768794877,-0.02513015229473095
2023-07-14,ic_neutral,合成分(行业中性),0.0054392216579629,-0.026327168290792978
2023-07-17,ic_neutral,合成分(行业中性),-0.0106903233120677,-0.03493003619322636
2023-07-18,ic_neutral,合成分(行业中性),-0.0096674121636245,-0.04084489815032396
2023-07-19,ic_neutral,合成分(行业中性),0.0009481896791614,-0.04749851811196055
2023-07-20,ic_neutral,合成分(行业中性),-0.06150998015372,-0.05341570595799041
2023-07-21,ic_neutral,合成分(行业中性),0.0046507673121914,-0.053190212686012296
2023-07-24,ic_neutral,合成分(行业中性),0.0310480587877601,-0.05139008142824379
2023-07-25,ic_neutral,合成分(行业中性),0.2243552209406229,-0.036491045939068656
2023-07-26,ic_neutral,合成分(行业中性),0.2631406721840312,-0.019644111248661666
2023-07-27,ic_neutral,合成分(行业中性),0.26200696713286,-0.003713075061330837
2023-07-28,ic_neutral,合成分(行业中性),0.3009961144835973,0.016931436260260058
2023-07-31,ic_neutral,合成分(行业中性),0.2698026514544523,0.03459076915866521
2023-08-01,ic_neutral,合成分(行业中性),0.2055963875989673,0.0468402722349043
2023-08-02,ic_neutral,合成分(行业中性),0.1316051202242674,0.05653602702480813
2023-08-03,ic_neutral,合成分(行业中性),0.1699423871705814,0.07020464503835075
2023-08-04,ic_neutral,合成分(行业中性),0.2188849495501252,0.08580661665449883
2023-08-07,ic_neutral,合成分(行业中性),0.2159670864599261,0.10058318321365975
2023-08-08,ic_neutral,合成分(行业中性),0.1657373720716914,0.11185697813672242
2023-08-09,ic_neutral,合成分(行业中性),0.1669085453717774,0.12686034597855378
2023-08-10,ic_neutral,合成分(行业中性),0.1583038741793521,0.13567329353149576
2023-08-11,ic_neutral,合成分(行业中性),0.0789420456961677,0.13934843473340602
2023-08-14,ic_neutral,合成分(行业中性),0.0658553804611087,0.14317571992206482
2023-08-15,ic_neutral,合成分(行业中性),0.0792227936553742,0.1476202302130148
2023-08-16,ic_neutral,合成分(行业中性),0.0824718892679357,0.1516964151924535
2023-08-17,ic_neutral,合成分(行业中性),0.0535933296917352,0.15745158068472626
2023-08-18,ic_neutral,合成分(行业中性),0.028337473074505,0.15863591597284193
2023-08-21,ic_neutral,合成分(行业中性),0.0300303008440949,0.15858502807565866
2023-08-22,ic_neutral,合成分(行业中性),0.0392532743806408,0.14932993074765954
2023-08-23,ic_neutral,合成分(行业中性),0.0653168705618024,0.1394387406665481
2023-08-24,ic_neutral,合成分(行业中性),0.1172637513269502,0.13220157987625264
2023-08-25,ic_neutral,合成分(行业中性),-0.0599420779782947,0.11415467025315802
2023-08-28,ic_neutral,合成分(行业中性),0.0202933204159666,0.10167920370123376
2023-08-29,ic_neutral,合成分(行业中性),0.0979179630301256,0.09629528247279165
2023-08-30,ic_neutral,合成分(行业中性),0.0548778013322445,0.09245891652819052
2023-08-31,ic_neutral,合成分(行业中性),0.0558968122275242,0.08675663778103765
2023-09-01,ic_neutral,合成分(行业中性),0.1501386212085295,0.08331932136395787
2023-09-04,ic_neutral,合成分(行业中性),0.2083002669360075,0.08293598038776193
2023-09-05,ic_neutral,合成分(行业中性),0.1002362774913577,0.07966092565874525
2023-09-06,ic_neutral,合成分(行业中性),0.158695517742484,0.07925027427728057
2023-09-07,ic_neutral,合成分(行业中性),0.2090809774598823,0.08178912944130709
2023-09-08,ic_neutral,合成分(行业中性),0.1600611170086677,0.08584508300693208
2023-09-11,ic_neutral,合成分(行业中性),0.128258113720923,0.08896521966992281
2023-09-12,ic_neutral,合成分(行业中性),0.2124372757549607,0.09562594377490213
2023-09-13,ic_neutral,合成分(行业中性),0.1797619346689533,0.10049044604495301
2023-09-14,ic_neutral,合成分(行业中性),0.0747137876015256,0.10154646894044253
2023-09-15,ic_neutral,合成分(行业中性),0.1012089418409308,0.10519004237876381
2023-09-18,ic_neutral,合成分(行业中性),0.1494558215754378,0.11116131841533097
2023-09-19,ic_neutral,合成分(行业中性),0.2838307893679079,0.12339019416469432
2023-09-20,ic_neutral,合成分(行业中性),0.2103641254496171,0.13064255690908505
2023-09-21,ic_neutral,合成分(行业中性),0.1801921114741257,0.13378897491644381
2023-09-22,ic_neutral,合成分(行业中性),0.1710838220289198,0.14534026991680454
2023-09-25,ic_neutral,合成分(行业中性),0.1227519934863704,0.15046320357032475
2023-09-26,ic_neutral,合成分(行业中性),0.1428313768332526,0.15270887426048108
2023-09-27,ic_neutral,合成分(行业中性),0.2189905902480753,0.16091451370627263
2023-09-28,ic_neutral,合成分(行业中性),0.1446121816926422,0.16535028217952855
2023-10-09,ic_neutral,合成分(行业中性),0.0735594216042957,0.16152132219931684
2023-10-10,ic_neutral,合成分(行业中性),-0.0297378947843305,0.14961941411329993
2023-10-11,ic_neutral,合成分(行业中性),-0.0104416879075484,0.14408551584335463
2023-10-12,ic_neutral,合成分(行业中性),0.0759235032024125,0.13994691511635104
2023-10-13,ic_neutral,合成分(行业中性),-0.0780787821946468,0.12558892713362463
2023-10-16,ic_neutral,合成分(行业中性),-0.0027750025605008,0.11744712115516617
2023-10-17,ic_neutral,合成分(行业中性),-0.0304966658765086,0.1095093821752946
2023-10-18,ic_neutral,合成分(行业中性),-0.0489992476321024,0.09643755600594145
2023-10-19,ic_neutral,合成分(行业中性),-0.110603946609596,0.08191926194201397
2023-10-20,ic_neutral,合成分(行业中性),-0.0324059282467766,0.07656327614959887
2023-10-23,ic_neutral,合成分(行业中性),0.0126086200344081,0.07213326005927273
2023-10-24,ic_neutral,合成分(行业中性),-0.1029687612726354,0.059512030916869074
2023-10-25,ic_neutral,合成分(行业中性),-0.0215120672029912,0.04424488808832412
2023-10-26,ic_neutral,合成分(行业中性),0.0330603852535892,0.03537970107852273
2023-10-27,ic_neutral,合成分(行业中性),0.0790411941013967,0.030322155209886282
2023-10-30,ic_neutral,合成分(行业中性),0.1284540182462482,0.0281906650207527
2023-10-31,ic_neutral,合成分(行业中性),0.1121679543343322,0.027661463063150787
2023-11-01,ic_neutral,合成分(行业中性),0.1323939869643249,0.027139593569704402
2023-11-02,ic_neutral,合成分(行业中性),0.1214314839113874,0.02226163825287001
2023-11-03,ic_neutral,合成分(行业中性),0.2178352647140289,0.025922792403939344
2023-11-06,ic_neutral,合成分(行业中性),0.2525716118784547,0.0348734019176473
2023-11-07,ic_neutral,合成分(行业中性),0.1505562247574409,0.043888107894735864
2023-11-08,ic_neutral,合成分(行业中性),0.2281426819338947,0.05581732638680802
2023-11-09,ic_neutral,合成分(行业中性),0.2271919156523442,0.0633807470093046
2023-11-10,ic_neutral,合成分(行业中性),0.2579333587558102,0.08018135405682746
2023-11-13,ic_neutral,合成分(行业中性),0.1932672047904623,0.0899834644243756
2023-11-14,ic_neutral,合成分(行业中性),0.1564836053905458,0.09933247798772833
2023-11-15,ic_neutral,合成分(行业中性),0.2207582816885717,0.11282035445376201
2023-11-16,ic_neutral,合成分(行业中性),0.1981278407041339,0.12825694381944852
2023-11-17,ic_neutral,合成分(行业中性),0.1965303472229379,0.13970375759293424
2023-11-20,ic_neutral,合成分(行业中性),0.2302529192905067,0.1505859725557392
2023-11-21,ic_neutral,合成分(行业中性),0.2027116163542107,0.1658699914370815
2023-11-22,ic_neutral,合成分(行业中性),0.1726272068599462,0.17557695514022836
2023-11-23,ic_neutral,合成分(行业中性),0.2213249920125326,0.18499018547817553
2023-11-24,ic_neutral,合成分(行业中性),0.1337875886271551,0.18772750520446346
2023-11-27,ic_neutral,合成分(行业中性),0.1824414853597452,0.19042687856013832
2023-11-28,ic_neutral,合成分(行业中性),0.210358972244839,0.19533642945566365
2023-11-29,ic_neutral,合成分(行业中性),0.1200207158832077,0.19471776590160778
2023-11-30,ic_neutral,合成分(行业中性),-0.003079059688731,0.18849223872160187
2023-12-01,ic_neutral,合成分(行业中性),0.0734460510991785,0.18127277804085934
2023-12-04,ic_neutral,合成分(行业中性),0.10698704161411,0.1739935495276421
2023-12-05,ic_neutral,合成分(行业中性),0.0746106753790182,0.17019627205872095
2023-12-06,ic_neutral,合成分(行业中性),0.1682675956177146,0.16720251774291198
2023-12-07,ic_neutral,合成分(行业中性),0.1532048767385148,0.16350316579722052
2023-12-08,ic_neutral,合成分(行业中性),0.2573948488565039,0.1634762403022552
2023-12-11,ic_neutral,合成分(行业中性),0.1526121595019943,0.16144348803783176
2023-12-12,ic_neutral,合成分(行业中性),0.1171221136398575,0.15947541345029734
2023-12-13,ic_neutral,合成分(行业中性),0.0147742761661578,0.14917621317417668
2023-12-14,ic_neutral,合成分(行业中性),0.0040323827388252,0.13947144027591124
2023-12-15,ic_neutral,合成分(行业中性),0.0075984004452368,0.13002484293702615
2023-12-18,ic_neutral,合成分(行业中性),-0.0349258453832438,0.11676590470333865
2023-12-19,ic_neutral,合成分(行业中性),-0.0126098920918919,0.10599982928103353
2023-12-20,ic_neutral,合成分(行业中性),-0.0800601894318076,0.09336545946644584
2023-12-21,ic_neutral,合成分(行业中性),-0.1049993944972269,0.07704924014095785
2023-12-22,ic_neutral,合成分(行业中性),-0.0321611510198192,0.06875180315860914
2023-12-25,ic_neutral,合成分(行业中性),0.0680597076456357,0.06303271427290366
2023-12-26,ic_neutral,合成分(行业中性),0.0450493161697259,0.05476723146914801
2023-12-27,ic_neutral,合成分(行业中性),-0.0343023076050996,0.04705108029473265
2023-12-28,ic_neutral,合成分(行业中性),0.2306213734321374,0.05873610195077607
2023-12-29,ic_neutral,合成分(行业中性),0.2053180346600647,0.06532970112882037
2024-01-02,ic_neutral,合成分(行业中性),0.1683511410982251,0.06839790610302614
2024-01-03,ic_neutral,合成分(行业中性),0.1541697685289382,0.07237586076052213
2024-01-04,ic_neutral,合成分(行业中性),0.1527696849786871,0.07160096522857076
2024-01-05,ic_neutral,合成分(行业中性),0.1096392894859853,0.06942268586594427
2024-01-08,ic_neutral,合成分(行业中性),0.1489283426533474,0.06399936055578646
2024-01-09,ic_neutral,合成分(行业中性),0.2161298280846938,0.06717524398492143
2024-01-10,ic_neutral,合成分(行业中性),0.2218148924014473,0.07240988292300092
2024-01-11,ic_neutral,合成分(行业中性),0.2418435449524765,0.08376334636231686
2024-01-12,ic_neutral,合成分(行业中性),0.2242593533371425,0.09477469489223274
2024-01-15,ic_neutral,合成分(行业中性),0.2711604715984834,0.10795279844989505
2024-01-16,ic_neutral,合成分(行业中性),0.1789670901252242,0.11864744522531845
2024-01-17,ic_neutral,合成分(行业中性),0.0638817714374751,0.12247202840178681
2024-01-18,ic_neutral,合成分(行业中性),0.0482678885125244,0.12888843229900343
2024-01-19,ic_neutral,合成分(行业中性),0.0650850054535066,0.13739265229654007
2024-01-22,ic_neutral,合成分(行业中性),-0.0008418309932307,0.1389586182978695
2024-01-23,ic_neutral,合成分(行业中性),0.0554634915121722,0.13832880749119633
2024-01-24,ic_neutral,合成分(行业中性),-0.0454393968248472,0.13380437184146768
2024-01-25,ic_neutral,合成分(行业中性),0.0102026076216058,0.13602961760280294
2024-01-26,ic_neutral,合成分(行业中性),0.0618908086771351,0.12759308936505281
2024-01-29,ic_neutral,合成分(行业中性),0.0319874136528107,0.11892655831469012
2024-01-30,ic_neutral,合成分(行业中性),-0.0694381099693828,0.10703709576130975
2024-01-31,ic_neutral,合成分(行业中性),-0.0015072894704525,0.09925324286134021
2024-02-01,ic_neutral,合成分(行业中性),-0.0220499125707657,0.09051226298386755
2024-02-02,ic_neutral,合成分(行业中性),-0.093774346012015,0.08034158120896755
2024-02-05,ic_neutral,合成分(行业中性),-0.1027791243226398,0.06775620786016819
2024-02-06,ic_neutral,合成分(行业中性),-0.1350068250024138,0.050199375205812816
2024-02-07,ic_neutral,合成分(行业中性),-0.1687133658189685,0.030672962294792015
2024-02-08,ic_neutral,合成分(行业中性),-0.2191218009999503,0.0076246949971706755
2024-02-19,ic_neutral,合成分(行业中性),-0.3227595669221364,-0.019726251015793273
2024-02-20,ic_neutral,合成分(行业中性),-0.2258470807450639,-0.04457662863297064
2024-02-21,ic_neutral,合成分(行业中性),-0.2003374900113962,-0.06354185763980165
2024-02-22,ic_neutral,合成分(行业中性),-0.2394311028015483,-0.07870750135175282
2024-02-23,ic_neutral,合成分(行业中性),-0.1353044607353296,-0.08788611881414553
2024-02-26,ic_neutral,合成分(行业中性),-0.0888294004605183,-0.09558183910984677
2024-02-27,ic_neutral,合成分(行业中性),0.0376832984193487,-0.09365558263921779
2024-02-28,ic_neutral,合成分(行业中性),-0.0107079171066982,-0.09696415307016133
2024-02-29,ic_neutral,合成分(行业中性),0.1297566697252471,-0.0882043497426566
2024-03-01,ic_neutral,合成分(行业中性),0.1982263118713319,-0.0788031645301703
2024-03-04,ic_neutral,合成分(行业中性),0.024392553146024,-0.08067807730672585
2024-03-05,ic_neutral,合成分(行业中性),-0.044618172965103,-0.08450835663762155
2024-03-06,ic_neutral,合成分(行业中性),0.0141661328578106,-0.08032814449626188
2024-03-07,ic_neutral,合成分(行业中性),-0.0086022622326616,-0.08068289313437232
2024-03-08,ic_neutral,合成分(行业中性),0.0020688744760234,-0.07947695378203287
2024-03-11,ic_neutral,合成分(行业中性),0.0188448953446096,-0.07384599171420164
2024-03-12,ic_neutral,合成分(行业中性),0.1344311040321324,-0.06198548029646304
2024-03-13,ic_neutral,合成分(行业中性),0.102495628538287,-0.05011035761942799
2024-03-14,ic_neutral,合成分(行业中性),0.1299049801688289,-0.03517944032003813
2024-03-15,ic_neutral,合成分(行业中性),0.1864190370665328,-0.01490239841671397
2024-03-18,ic_neutral,合成分(行业中性),0.1240737694984505,0.007439268404315379
2024-03-19,ic_neutral,合成分(行业中性),0.0527670054188812,0.021369972712512633
2024-03-20,ic_neutral,合成分(行业中性),0.0092339863526304,0.031848546530713964
2024-03-21,ic_neutral,合成分(行业中性),0.0216046665199207,0.04490033499678742
2024-03-22,ic_neutral,合成分(行业中性),0.0546313009024873,0.05439712307867826
2024-03-25,ic_neutral,合成分(行业中性),0.0357517255952759,0.06062617938146797
2024-03-26,ic_neutral,合成分(行业中性),0.0579286814880035,0.061638448534900706
2024-03-27,ic_neutral,合成分(行业中性),-0.0508496217170755,0.059631363304381846
2024-03-28,ic_neutral,合成分(行业中性),-0.0054145530721421,0.052872802164512386
2024-03-29,ic_neutral,合成分(行业中性),-0.0221246335239809,0.04185525489474674
2024-04-01,ic_neutral,合成分(行业中性),0.064719274250792,0.04387159094998515
2024-04-02,ic_neutral,合成分(行业中性),0.0328108676328299,0.047743042979881786
2024-04-03,ic_neutral,合成分(行业中性),0.0084529353716175,0.04745738310557213
2024-04-08,ic_neutral,合成分(行业中性),-0.0053160898552284,0.04762169172444379
2024-04-09,ic_neutral,合成分(行业中性),0.0808287598898911,0.051559685995137175
2024-04-10,ic_neutral,合成分(行业中性),-0.0266269628295909,0.04928609308642715
2024-04-11,ic_neutral,合成分(行业中性),-0.0644574193660082,0.03934166691652012
2024-04-12,ic_neutral,合成分(行业中性),-0.0387999688371046,0.032276887047750544
2024-04-15,ic_neutral,合成分(行业中性),-0.0309746363109649,0.024232906223760856
2024-04-16,ic_neutral,合成分(行业中性),-0.0687985838195322,0.011472025179457605
2024-04-17,ic_neutral,合成分(行业中性),-0.1181831166357923,-0.0006408191272545348
2024-04-18,ic_neutral,合成分(行业中性),-0.1052786482228493,-0.00854310180934106
2024-04-19,ic_neutral,合成分(行业中性),-0.1432660787913328,-0.016168105066539217
2024-04-22,ic_neutral,合成分(行业中性),-0.1102912772652374,-0.022762902255797125
2024-04-23,ic_neutral,合成分(行业中性),-0.0694110212773324,-0.028965018364788108
2024-04-24,ic_neutral,合成分(行业中性),-0.1093125119024947,-0.036218230239676644
2024-04-25,ic_neutral,合成分(行业中性),-0.0252334390682379,-0.040376336267488704
2024-04-26,ic_neutral,合成分(行业中性),0.1024718235487612,-0.032710264004196875
2024-04-29,ic_neutral,合成分(行业中性),0.1574245598241027,-0.024568308359384637
2024-04-30,ic_neutral,合成分(行业中性),0.0743018645799068,-0.01974698345419025
2024-05-06,ic_neutral,合成分(行业中性),0.1719347829850591,-0.014386208017476896
2024-05-07,ic_neutral,合成分(行业中性),0.2004770738891337,-0.006002897704661707
2024-05-08,ic_neutral,合成分(行业中性),0.2602799905651569,0.006588455055015263
2024-05-09,ic_neutral,合成分(行业中性),0.2604386288102587,0.01987619098828962
2024-05-10,ic_neutral,合成分(行业中性),0.2385130105088208,0.027760403519236098
2024-05-13,ic_neutral,合成分(行业中性),0.2844198507643566,0.043312744198933474
2024-05-14,ic_neutral,合成分(行业中性),0.2231679315805064,0.05769401174625921
2024-05-15,ic_neutral,合成分(行业中性),0.1556987823200475,0.06741894930411682
2024-05-16,ic_neutral,合成分(行业中性),0.1936146361731965,0.07864841292832488
2024-05-17,ic_neutral,合成分(行业中性),0.1446585931684008,0.08932127177772153
2024-05-20,ic_neutral,合成分(行业中性),0.1138354599123976,0.10092220060513102
2024-05-21,ic_neutral,合成分(行业中性),0.1534231574938107,0.11385729089096404
2024-05-22,ic_neutral,合成分(行业中性),0.1911129481830301,0.13057624223968217
2024-05-23,ic_neutral,合成分(行业中性),0.1079556859059936,0.14148859039824374
2024-05-24,ic_neutral,合成分(行业中性),0.0908388071313427,0.14950108181867747
2024-05-27,ic_neutral,合成分(行业中性),0.0199615657623656,0.1559647857019205
2024-05-28,ic_neutral,合成分(行业中性),0.0780976783642942,0.16113134157354708
2024-05-29,ic_neutral,合成分(行业中性),0.2069302816779487,0.16635426448000648
2024-05-30,ic_neutral,合成分(行业中性),0.2148443586503003,0.16922525442131636
2024-05-31,ic_neutral,合成分(行业中性),0.1989318051972784,0.17545675145218492
2024-06-03,ic_neutral,合成分(行业中性),0.1765551150430221,0.17568776805508307
2024-06-04,ic_neutral,合成分(行业中性),0.2159330127232644,0.1764605649967896
2024-06-05,ic_neutral,合成分(行业中性),0.2350028565987431,0.17519670829846892
2024-06-06,ic_neutral,合成分(行业中性),0.1494694460089238,0.1696482491584022
2024-06-07,ic_neutral,合成分(行业中性),0.2600555846806534,0.1707253778669938
2024-06-11,ic_neutral,合成分(行业中性),0.2274242135697097,0.16787559600726146
2024-06-12,ic_neutral,合成分(行业中性),0.1859277886463184,0.16601358886055206
2024-06-13,ic_neutral,合成分(行业中性),0.14754116099098,0.1656057077940987
2024-06-14,ic_neutral,合成分(行业中性),0.3006138985506981,0.17095567091297376
2024-06-17,ic_neutral,合成分(行业中性),0.2579530305915756,0.1766203927841325
2024-06-18,ic_neutral,合成分(行业中性),0.1781933311403888,0.17983828634553206
2024-06-19,ic_neutral,合成分(行业中性),0.1895483111441976,0.1816445440280514
2024-06-20,ic_neutral,合成分(行业中性),0.194638250722806,0.1818208091550402
2024-06-21,ic_neutral,合成分(行业中性),0.2348751752912865,0.18816678362430486
2024-06-24,ic_neutral,合成分(行业中性),0.1406766676477208,0.19065867665012376
2024-06-25,ic_neutral,合成分(行业中性),0.1980315437752116,0.19956217555076605
2024-06-26,ic_neutral,合成分(行业中性),0.18407759132332,0.20486117119871733
2024-06-27,ic_neutral,合成分(行业中性),0.1206631637263897,0.20054781530113938
2024-06-28,ic_neutral,合成分(行业中性),0.1281617230267929,0.19621368351996404
2024-07-01,ic_neutral,合成分(行业中性),0.1605266706478395,0.1942934267924921
2024-07-02,ic_neutral,合成分(行业中性),0.1171562867215041,0.19132348537641616
2024-07-03,ic_neutral,合成分(行业中性),-0.0048872108031053,0.1802824742000977
2024-07-04,ic_neutral,合成分(行业中性),0.0294523318757103,0.17000494796394608
2024-07-05,ic_neutral,合成分(行业中性),-0.0381094565698984,0.16062600283500494
2024-07-08,ic_neutral,合成分(行业中性),-0.0768912176609967,0.14377866271792245
2024-07-09,ic_neutral,合成分(行业中性),-0.1439829708539615,0.1252083034967389
2024-07-10,ic_neutral,合成分(行业中性),-0.1250458116034374,0.1096596234842511
2024-07-11,ic_neutral,合成分(行业中性),-0.0918186896804145,0.09769163095068137
2024-07-12,ic_neutral,合成分(行业中性),-0.0887730924081601,0.07822228140273846
2024-07-15,ic_neutral,合成分(行业中性),-0.0928550788850147,0.060681875928908946
2024-07-16,ic_neutral,合成分(行业中性),-0.0725742135578201,0.048143498693998504
2024-07-17,ic_neutral,合成分(行业中性),-0.01546115207369,0.03789302553310412
2024-07-18,ic_neutral,合成分(行业中性),0.0032208973050027,0.02832215786221396
2024-07-19,ic_neutral,合成分(行业中性),-0.0011827095307493,0.016519263621112168
2024-07-22,ic_neutral,合成分(行业中性),0.0320408387051295,0.011087472173982602
2024-07-23,ic_neutral,合成分(行业中性),0.0518433811377503,0.003778064042109537
2024-07-24,ic_neutral,合成分(行业中性),0.0068642189735793,-0.0050826045753774975
2024-07-25,ic_neutral,合成分(行业中性),0.0597013464084027,-0.008130695441276847
2024-07-26,ic_neutral,合成分(行业中性),0.1383534498288597,-0.007621109101173508
2024-07-29,ic_neutral,合成分(行业中性),0.0536996859163644,-0.012962458337747262
2024-07-30,ic_neutral,合成分(行业中性),0.0397588173296365,-0.01683233180734064
2024-07-31,ic_neutral,合成分(行业中性),0.1521092948391594,-0.00898250652522741
2024-08-01,ic_neutral,合成分(行业中性),0.1269916020689016,-0.0041055430155678444
2024-08-02,ic_neutral,合成分(行业中性),-0.013501955269596,-0.0028751679505527247
2024-08-05,ic_neutral,合成分(行业中性),-0.0535512704436439,-0.0017081705896850846
2024-08-06,ic_neutral,合成分(行业中性),-0.0288455240700429,0.004048701749510846
2024-08-07,ic_neutral,合成分(行业中性),-0.0299300726242992,0.008804488698467755
2024-08-08,ic_neutral,合成分(行业中性),-0.0111440735104313,0.012838219506966916
2024-08-09,ic_neutral,合成分(行业中性),0.0009766734924667,0.017325707801998252
2024-08-12,ic_neutral,合成分(行业中性),0.0469861878985186,0.024317771141174917
2024-08-13,ic_neutral,合成分(行业中性),0.0668201344609042,0.03128748854211113
2024-08-14,ic_neutral,合成分(行业中性),0.0824045000096318,0.03618077114627723
2024-08-15,ic_neutral,合成分(行业中性),0.0500972818863054,0.03852459037534236
2024-08-16,ic_neutral,合成分(行业中性),0.0428502629500491,0.04072623899938228
2024-08-19,ic_neutral,合成分(行业中性),0.153967367224673,0.04682256542535945
2024-08-20,ic_neutral,合成分(行业中性),-0.0371925025524455,0.04237077124084966
2024-08-21,ic_neutral,合成分(行业中性),-0.0276819941823505,0.040643460583053174
2024-08-22,ic_neutral,合成分(行业中性),-0.0003602321089134,0.03764038165718737
2024-08-23,ic_neutral,合成分(行业中性),-0.0937538226521043,0.02603501803313917
2024-08-26,ic_neutral,合成分(行业中性),-0.1706555450675194,0.014817256483944979
2024-08-27,ic_neutral,合成分(行业中性),-0.0839573191758973,0.00863144965866829
2024-08-28,ic_neutral,合成分(行业中性),-0.1481015584365548,-0.006379093005117418
2024-08-29,ic_neutral,合成分(行业中性),-0.2183872396987151,-0.023648035093498256
2024-08-30,ic_neutral,合成分(行业中性),-0.1863747567952842,-0.032291675169782666
2024-09-02,ic_neutral,合成分(行业中性),-0.0944617202817047,-0.034337197661685706
2024-09-03,ic_neutral,合成分(行业中性),-0.1245878141815419,-0.03912431216726066
2024-09-04,ic_neutral,合成分(行业中性),-0.099106702278477,-0.04258314364996954
2024-09-05,ic_neutral,合成分(行业中性),-0.0755504296131523,-0.04580346145510559
2024-09-06,ic_neutral,合成分(行业中性),0.0196390972504591,-0.044870340267205974
2024-09-09,ic_neutral,合成分(行业中性),-0.0319777134377261,-0.04881853533401821
2024-09-10,ic_neutral,合成分(行业中性),-0.0240213549696386,-0.05336060980554534
2024-09-11,ic_neutral,合成分(行业中性),-0.1237296350963591,-0.06366731656084489
2024-09-12,ic_neutral,合成分(行业中性),-0.0508185773107428,-0.0687131095206973
2024-09-13,ic_neutral,合成分(行业中性),-0.0553113221349794,-0.07362118877494873
2024-09-18,ic_neutral,合成分(行业中性),-0.0224348606741505,-0.0824413001698899
2024-09-19,ic_neutral,合成分(行业中性),-0.1226629749438017,-0.08671482378945772
2024-09-20,ic_neutral,合成分(行业中性),0.0071902438260242,-0.08497121188903897
2024-09-23,ic_neutral,合成分(行业中性),0.0552289834185771,-0.08219175111266444
2024-09-24,ic_neutral,合成分(行业中性),-0.0377076594111519,-0.07938944295061683
2024-09-25,ic_neutral,合成分(行业中性),-0.0139712390246959,-0.07155522764847566
2024-09-26,ic_neutral,合成分(行业中性),-0.0130000078325096,-0.06800736208130628
2024-09-27,ic_neutral,合成分(行业中性),0.0842503896673533,-0.056389764676110864
2024-09-30,ic_neutral,合成分(行业中性),0.1288118102789154,-0.039029812177229346
2024-10-08,ic_neutral,合成分(行业中性),0.1749234372185192,-0.02096490247653917
2024-10-09,ic_neutral,合成分(行业中性),0.2002460388287303,-0.006229514521017424
2024-10-10,ic_neutral,合成分(行业中性),0.1555933018018046,0.007779541278149902
2024-10-11,ic_neutral,合成分(行业中性),0.1603940598220306,0.020754579383175282
2024-10-14,ic_neutral,合成分(行业中性),0.0685953541594143,0.027961868571803612
2024-10-15,ic_neutral,合成分(行业中性),0.0830440561730654,0.031132116517933926
2024-10-16,ic_neutral,合成分(行业中性),0.0576987536360309,0.035615939871621774
2024-10-17,ic_neutral,合成分(行业中性),0.0371770915605555,0.038675862198131475
2024-10-18,ic_neutral,合成分(行业中性),0.0123837011344917,0.04548152900967402
2024-10-21,ic_neutral,合成分(行业中性),-0.0107125657375122,0.04748682958833555
2024-10-22,ic_neutral,合成分(行业中性),0.0205216620754753,0.05127847879885829
2024-10-23,ic_neutral,合成分(行业中性),-0.0797374736267327,0.04841334815122918
2024-10-24,ic_neutral,合成分(行业中性),-0.0511336710909055,0.05198981334387398
2024-10-25,ic_neutral,合成分(行业中性),-0.0187840727398817,0.050691097515578695
2024-10-28,ic_neutral,合成分(行业中性),-0.0619290709098264,0.04483319479915852
2024-10-29,ic_neutral,合成分(行业中性),-0.0366377068444067,0.044886692427495774
2024-10-30,ic_neutral,合成分(行业中性),-0.0822619483346496,0.041472156961998095
2024-10-31,ic_neutral,合成分(行业中性),-0.0157038007358748,0.04133696731682983
2024-11-01,ic_neutral,合成分(行业中性),0.0214386264176338,0.03819637915434386
2024-11-04,ic_neutral,合成分(行业中性),-0.019844551176319,0.030763561081582135
2024-11-05,ic_neutral,合成分(行业中性),-0.0345669105013529,0.02028904369558853
2024-11-06,ic_neutral,合成分(行业中性),-0.0577219461506013,0.007390644446621952
2024-11-07,ic_neutral,合成分(行业中性),-0.0432935172896282,-0.002553696507949688
2024-11-08,ic_neutral,合成分(行业中性),-0.0684691914359496,-0.013996859070848697
2024-11-11,ic_neutral,合成分(行业中性),-0.0732430013272014,-0.021088776845179482
2024-11-12,ic_neutral,合成分(行业中性),-0.1434890703875157,-0.03241543317320854
2024-11-13,ic_neutral,合成分(行业中性),-0.0800065845653672,-0.03930070008327845
2024-11-14,ic_neutral,合成分(行业中性),-0.0328158445301053,-0.04280034688781149
2024-11-15,ic_neutral,合成分(行业中性),-0.0001728448408901,-0.04342817418658058
2024-11-18,ic_neutral,合成分(行业中性),-0.0347953126125291,-0.04463231153033142
2024-11-19,ic_neutral,合成分(行业中性),-0.0247415043674187,-0.04689546985247611
2024-11-20,ic_neutral,合成分(行业中性),-0.0541549914889376,-0.04561634574558636
2024-11-21,ic_neutral,合成分(行业中性),-0.0356554214636254,-0.04484243326422236
2024-11-22,ic_neutral,合成分(行业中性),0.0736792287827813,-0.040219268188089206
2024-11-25,ic_neutral,合成分(行业中性),0.0668621459510067,-0.03377970734504755
2024-11-26,ic_neutral,合成分(行业中性),0.004112268954942,-0.03174220855508012
2024-11-27,ic_neutral,合成分(行业中性),-0.0079632292232256,-0.028027272599508917
2024-11-28,ic_neutral,合成分(行业中性),-0.0412420136423963,-0.02930418324483499
2024-11-29,ic_neutral,合成分(行业中性),0.0667079574637614,-0.02704071669252861
2024-12-02,ic_neutral,合成分(行业中性),0.0410486764997247,-0.02399605530872643
2024-12-03,ic_neutral,合成分(行业中性),0.0488677634083356,-0.019824321613242005
2024-12-04,ic_neutral,合成分(行业中性),0.0877352181651697,-0.012551463397453453
2024-12-05,ic_neutral,合成分(行业中性),0.1406607199810693,-0.003353751533918578
2024-12-06,ic_neutral,合成分(行业中性),0.1208967354959515,0.006114544812676476
2024-12-09,ic_neutral,合成分(行业中性),0.099731473193617,0.014763268538717395
2024-12-10,ic_neutral,合成分(行业中性),0.1812237003199687,0.03099890707409162
2024-12-11,ic_neutral,合成分(行业中性),0.170707002637451,0.04353458643423253
2024-12-12,ic_neutral,合成分(行业中性),0.0700268526806383,0.04867672129476971
2024-12-13,ic_neutral,合成分(行业中性),0.0446330648065269,0.050917016777140556
2024-12-16,ic_neutral,合成分(行业中性),0.0314186651851394,0.05422771566702398
2024-12-17,ic_neutral,合成分(行业中性),0.0487679911766843,0.05790319044422913
2024-12-18,ic_neutral,合成分(行业中性),0.0201570007304752,0.06161879005519977
2024-12-19,ic_neutral,合成分(行业中性),-0.0302560778624854,0.061888757235256775
2024-12-20,ic_neutral,合成分(行业中性),-0.0166424889657088,0.05737267134783226
2024-12-23,ic_neutral,合成分(行业中性),-0.007436447337083,0.05365774168342778
2024-12-24,ic_neutral,合成分(行业中性),0.0613887259894852,0.056521564535154944
2024-12-25,ic_neutral,合成分(行业中性),0.0249678488019177,0.058168118436412106
2024-12-26,ic_neutral,合成分(行业中性),-0.0185376091854686,0.059303338659258485
2024-12-27,ic_neutral,合成分(行业中性),0.0779777153615852,0.059866826554149676
2024-12-30,ic_neutral,合成分(行业中性),-0.0217414117719682,0.05672732214056504
2024-12-31,ic_neutral,合成分(行业中性),-0.0480549811208164,0.051881184914107446
2025-01-02,ic_neutral,合成分(行业中性),-0.1230099694435013,0.041343925533673886
2025-01-03,ic_neutral,合成分(行业中性),-0.0728644637843773,0.03066766634540156
2025-01-06,ic_neutral,合成分(行业中性),-0.0737430167597765,0.02093567873261516
2025-01-07,ic_neutral,合成分(行业中性),-0.0610307216430226,0.01289756899078318
2025-01-08,ic_neutral,合成分(行业中性),-0.0115847256524011,0.0032571476921646873
2025-01-09,ic_neutral,合成分(行业中性),-0.1359465827134582,-0.012075531575380773
2025-01-10,ic_neutral,合成分(行业中性),-0.1561015257672561,-0.023381950497775493
2025-01-13,ic_neutral,合成分(行业中性),-0.030546524549952,-0.027140929965599435
2025-01-14,ic_neutral,合成分(行业中性),-0.1306791993154804,-0.03524582319063043
2025-01-15,ic_neutral,合成分(行业中性),-0.0139387018117843,-0.03838115784005386
2025-01-16,ic_neutral,合成分(行业中性),-0.0228834223278496,-0.0405331789929701
2025-01-17,ic_neutral,合成分(行业中性),-0.0215377017809191,-0.04009726018889178
2025-01-20,ic_neutral,合成分(行业中性),-0.1405537207938516,-0.04629282178029892
2025-01-21,ic_neutral,合成分(行业中性),-0.0901797380577589,-0.05042998631633272
2025-01-22,ic_neutral,合成分(行业中性),-0.0751412467160848,-0.05725648495161122
2025-01-23,ic_neutral,合成分(行业中性),-0.0516096441297866,-0.06108535959819643
2025-01-24,ic_neutral,合成分(行业中性),-0.1587250635307674,-0.06809473231546137
2025-01-27,ic_neutral,合成分(行业中性),0.0011327515935429,-0.07193698050386349
2025-02-05,ic_neutral,合成分(行业中性),-0.0458656131362079,-0.07314319057207547
2025-02-06,ic_neutral,合成分(行业中性),-0.0301227696673595,-0.07224657999940262
2025-02-07,ic_neutral,合成分(行业中性),-0.0354947377230975,-0.06787081841338244
2025-02-10,ic_neutral,合成分(行业中性),0.0348570429128471,-0.06248474307852122
2025-02-11,ic_neutral,合成分(行业中性),0.0014280305524491,-0.05872619071290993
2025-02-12,ic_neutral,合成分(行业中性),-0.1440353097317818,-0.0628764201173479
2025-02-13,ic_neutral,合成分(行业中性),-0.0418181631120302,-0.06438809199032934
2025-02-14,ic_neutral,合成分(行业中性),-0.1059479324424446,-0.06288815947677869
2025-02-17,ic_neutral,合成分(行业中性),-0.1167711538273731,-0.06092164087978452
2025-02-18,ic_neutral,合成分(行业中性),-0.1667234243068305,-0.06773048586762845
2025-02-19,ic_neutral,合成分(行业中性),-0.1199810693745691,-0.06719557937058288
2025-02-20,ic_neutral,合成分(行业中性),-0.1464411104285594,-0.07382069980142163
2025-02-21,ic_neutral,合成分(行业中性),-0.0989516137329341,-0.07762410937167587
2025-02-24,ic_neutral,合成分(行业中性),-0.0441655559717995,-0.07875550208121988
2025-02-25,ic_neutral,合成分(行业中性),-0.0118113593054225,-0.07231838400679844
2025-02-26,ic_neutral,合成分(行业中性),-0.114251040947419,-0.07352194915128143
2025-02-27,ic_neutral,合成分(行业中性),-0.0363316803716025,-0.07158147083405732
2025-02-28,ic_neutral,合成分(行业中性),0.032318540372021,-0.06738506160896693
2025-03-03,ic_neutral,合成分(行业中性),-0.0226058209361203,-0.06057909947923458
2025-03-04,ic_neutral,合成分(行业中性),-0.0693344213587763,-0.06410245812685053
2025-03-05,ic_neutral,合成分(行业中性),-0.0750549243613081,-0.06556192368810555
2025-03-06,ic_neutral,合成分(行业中性),-0.074584144121524,-0.06778499241081377
2025-03-07,ic_neutral,合成分(行业中性),-0.0261167953465988,-0.06731609529198884
2025-03-10,ic_neutral,合成分(行业中性),-0.0488533596715948,-0.07150161542121095
2025-03-11,ic_neutral,合成分(行业中性),-0.0850581808080496,-0.07582592598923588
2025-03-12,ic_neutral,合成分(行业中性),-0.0214883175406648,-0.06969857637968004
2025-03-13,ic_neutral,合成分(行业中性),-0.0486054346355582,-0.07003793995585642
2025-03-14,ic_neutral,合成分(行业中性),-0.0806115415084827,-0.06877112040915832
2025-03-17,ic_neutral,合成分(行业中性),-0.1092379394425753,-0.06839445968991843
2025-03-18,ic_neutral,合成分(行业中性),-0.0794160313589925,-0.06402909004252653
2025-03-19,ic_neutral,合成分(行业中性),-0.1012972611051827,-0.0630948996290572
2025-03-20,ic_neutral,合成分(行业中性),0.0165003243152762,-0.05494782789186544
2025-03-21,ic_neutral,合成分(行业中性),0.0305672378800242,-0.048471885311217516
2025-03-24,ic_neutral,合成分(行业中性),-0.0630699056347163,-0.049417102794363364
2025-03-25,ic_neutral,合成分(行业中性),-0.086140229740757,-0.053133546316130084
2025-03-26,ic_neutral,合成分(行业中性),-0.0167723306760404,-0.04825961080256116
2025-03-27,ic_neutral,合成分(行业中性),-0.0906447729868205,-0.05097526543332206
2025-03-28,ic_neutral,合成分(行业中性),-0.0421473913803923,-0.05469856202094272
2025-03-31,ic_neutral,合成分(行业中性),-0.0887434797370289,-0.05800544496098816
2025-04-01,ic_neutral,合成分(行业中性),-0.0333055546981902,-0.056204001627958855
2025-04-02,ic_neutral,合成分(行业中性),-0.1117010358864289,-0.05803630720421489
2025-04-03,ic_neutral,合成分(行业中性),-0.0802145749656007,-0.05831782874641872
2025-04-07,ic_neutral,合成分(行业中性),-0.0741195715917158,-0.06071796755867457
2025-04-08,ic_neutral,合成分(行业中性),-0.0536848397428597,-0.06095954156223782
2025-04-09,ic_neutral,合成分(行业中性),0.0082965523627272,-0.056291804903698985
2025-04-10,ic_neutral,合成分(行业中性),-0.0341337871198678,-0.05692407838265913
2025-04-11,ic_neutral,合成分(行业中性),-0.1165426916468615,-0.06032094123322429
2025-04-14,ic_neutral,合成分(行业中性),-0.0862845561076987,-0.060604591963185094
2025-04-15,ic_neutral,合成分(行业中性),-0.130922005663015,-0.06168879527420708
2025-04-16,ic_neutral,合成分(行业中性),-0.1339012520962581,-0.06441305631107036
2025-04-17,ic_neutral,合成分(行业中性),-0.1672068067944483,-0.06770853359553364
2025-04-18,ic_neutral,合成分(行业中性),-0.2341421207147241,-0.08024065584703365
2025-04-21,ic_neutral,合成分(行业中性),-0.1210284268032964,-0.08782043908119967
2025-04-22,ic_neutral,合成分(行业中性),-0.1151486749327163,-0.0904243775460997
2025-04-23,ic_neutral,合成分(行业中性),-0.1133893604686305,-0.09178683408249336
2025-04-24,ic_neutral,合成分(行业中性),-0.0004938424025432,-0.09097290966881849
2025-04-25,ic_neutral,合成分(行业中性),0.0220150940950336,-0.08533991631472579
2025-04-28,ic_neutral,合成分(行业中性),-0.0588907367978188,-0.08617708358559711
2025-04-29,ic_neutral,合成分(行业中性),-0.0373375913544661,-0.08360678916646899
2025-04-30,ic_neutral,合成分(行业中性),0.0052110688658447,-0.08168095798826723
2025-05-06,ic_neutral,合成分(行业中性),0.0942209464757444,-0.07138485887015858
2025-05-07,ic_neutral,合成分(行业中性),0.1182121202771698,-0.06146352410802004
2025-05-08,ic_neutral,合成分(行业中性),0.1086071972495933,-0.05232718566595459
2025-05-09,ic_neutral,合成分(行业中性),0.0569819635312879,-0.0467938455022472
2025-05-12,ic_neutral,合成分(行业中性),0.1614782401002006,-0.03913476111537354
2025-05-13,ic_neutral,合成分(行业中性),0.1653561946467438,-0.029160262027042954
2025-05-14,ic_neutral,合成分(行业中性),0.0836552993126723,-0.01915036247906627
2025-05-15,ic_neutral,合成分(行业中性),0.1741996984876172,-0.0061261497493004715
2025-05-16,ic_neutral,合成分(行业中性),0.0946593278105862,0.005152916924379587
2025-05-19,ic_neutral,合成分(行业中性),0.0867236178071114,0.016184160419548062
2025-05-20,ic_neutral,合成分(行业中性),0.0377402853853097,0.02643151502853596
2025-05-21,ic_neutral,合成分(行业中性),0.1446228565502904,0.045369763891786694
2025-05-22,ic_neutral,合成分(行业中性),0.0466003283226711,0.053751201648085056
2025-05-23,ic_neutral,合成分(行业中性),0.0680310322971907,0.06291018700958041
2025-05-26,ic_neutral,合成分(行业中性),0.028671598432537,0.07001323495463878
2025-05-27,ic_neutral,合成分(行业中性),-0.0131565117524297,0.06938010148714446
2025-05-28,ic_neutral,合成分(行业中性),0.0135879374862425,0.06895874365670492
2025-05-29,ic_neutral,合成分(行业中性),-0.0597050407219898,0.06891802846049636
2025-05-30,ic_neutral,合成分(行业中性),-0.0293660738312139,0.06931660433665897
2025-06-03,ic_neutral,合成分(行业中性),-0.0352960792956686,0.06729124692858329
2025-06-04,ic_neutral,合成分(行业中性),-0.0645531942291503,0.05935253989333857
2025-06-05,ic_neutral,合成分(行业中性),-0.0708364516839093,0.049900111295284606
2025-06-06,ic_neutral,合成分(行业中性),-0.0154435395113361,0.04369757445723814
2025-06-09,ic_neutral,合成分(行业中性),0.0557869249394673,0.043637822527647106
2025-06-10,ic_neutral,合成分(行业中性),-0.0325333083669085,0.03393724510429165
2025-06-11,ic_neutral,合成分(行业中性),-0.0587906107801759,0.02272990483294567
2025-06-12,ic_neutral,合成分(行业中性),-0.0367676707495991,0.016708756329832104
2025-06-13,ic_neutral,合成分(行业中性),-0.0006819664038453,0.007964673085258975
2025-06-16,ic_neutral,合成分(行业中性),-0.0482727950728193,0.0008180669410887007
2025-06-17,ic_neutral,合成分(行业中性),0.0461492304205956,-0.001210652428237089
2025-06-18,ic_neutral,合成分(行业中性),0.0558329405731709,-0.0003060196688440292
2025-06-19,ic_neutral,合成分(行业中性),0.0535625563207433,-0.004859034680321383
2025-06-20,ic_neutral,合成分(行业中性),-0.0065100661858502,-0.007514554405747449
2025-06-23,ic_neutral,合成分(行业中性),0.0192599653803638,-0.009953107751588794
2025-06-24,ic_neutral,合成分(行业中性),-0.003163004865261,-0.011544837916478694
2025-06-25,ic_neutral,合成分(行业中性),-0.028945803353232,-0.012334302496518807
2025-06-26,ic_neutral,合成分(行业中性),-0.0752620676668131,-0.016776802754171587
2025-06-27,ic_neutral,合成分(行业中性),-0.1268361759239261,-0.020133359514268402
2025-06-30,ic_neutral,合成分(行业中性),-0.0869991244019495,-0.023015012042805184
2025-07-01,ic_neutral,合成分(行业中性),0.0248305989069387,-0.020008678132674818
2025-07-02,ic_neutral,合成分(行业中性),0.0566947077917587,-0.01394628303162937
2025-07-03,ic_neutral,合成分(行业中性),0.0303139918015084,-0.008888760857358482
2025-07-04,ic_neutral,合成分(行业中性),0.0640271765207797,-0.004915225055752692
2025-07-07,ic_neutral,合成分(行业中性),0.1015555430250583,-0.002626794151473142
2025-07-08,ic_neutral,合成分(行业中性),0.0719724574941298,0.0025984941415787724
2025-07-09,ic_neutral,合成分(行业中性),0.0834584314347147,0.009710946252323303
2025-07-10,ic_neutral,合成分(行业中性),0.0558797526196127,0.014343317420783892
2025-07-11,ic_neutral,合成分(行业中性),0.0730661571246339,0.018030723597207855
2025-07-14,ic_neutral,合成分(行业中性),0.1464387982703146,0.027766303264364543
2025-07-15,ic_neutral,合成分(行业中性),0.1263915959521019,0.031778421540939863
2025-07-16,ic_neutral,合成分(行业中性),0.1816786161507943,0.03807070531982103
2025-07-17,ic_neutral,合成分(行业中性),0.1636261887865998,0.04357388694311386
2025-07-18,ic_neutral,合成分(行业中性),0.1300854267106671,0.05040366158793972
2025-07-21,ic_neutral,合成分(行业中性),0.0867991092944254,0.053780618783642806
2025-07-22,ic_neutral,合成分(行业中性),-0.0238454688502944,0.05274649558439113
2025-07-23,ic_neutral,合成分(行业中性),-0.0846670333610304,0.049960434084001214
2025-07-24,ic_neutral,合成分(行业中性),-0.1015151144394949,0.048647781745367116
2025-07-25,ic_neutral,合成分(行业中性),-0.0057036222948754,0.05470440942681966
2025-07-28,ic_neutral,合成分(行业中性),-0.0157554453581068,0.058266593379011786
2025-07-29,ic_neutral,合成分(行业中性),-0.0108210300990819,0.05648401192871076
2025-07-30,ic_neutral,合成分(行业中性),-0.1199633163781519,0.04765111072021523
2025-07-31,ic_neutral,合成分(行业中性),-0.0789187688212566,0.04218947268907698
2025-08-01,ic_neutral,合成分(行业中性),-0.093131502485826,0.034331538738746704
2025-08-04,ic_neutral,合成分(行业中性),-0.0403126677169716,0.027238128201645208
2025-08-05,ic_neutral,合成分(行业中性),-0.1034045463201814,0.018469278010929645
2025-08-06,ic_neutral,合成分(行业中性),-0.0645894288533785,0.011066884996524983
2025-08-07,ic_neutral,合成分(行业中性),-0.1060827224281736,0.002968761244135668
2025-08-08,ic_neutral,合成分(行业中性),-0.1110502761378785,-0.006237060418989951
2025-08-11,ic_neutral,合成分(行业中性),-0.1195010474195391,-0.019534052703482636
2025-08-12,ic_neutral,合成分(行业中性),-0.0939669500181783,-0.03055198000199665
2025-08-13,ic_neutral,合成分(行业中性),-0.0339885725228823,-0.041335339435680477
2025-08-14,ic_neutral,合成分(行业中性),-0.0383711204050187,-0.0514352048952614
2025-08-15,ic_neutral,合成分(行业中性),-0.0150099053488884,-0.058689971498239166
2025-08-18,ic_neutral,合成分(行业中性),0.0714495940167241,-0.05945744726212424
2025-08-19,ic_neutral,合成分(行业中性),0.0224665905616275,-0.05714184429152815
2025-08-20,ic_neutral,合成分(行业中性),0.0066036902787338,-0.05257830810953994
2025-08-21,ic_neutral,合成分(行业中性),0.0146660013681884,-0.046769252319155775
2025-08-22,ic_neutral,合成分(行业中性),0.0020841999768067,-0.046379861205571665
2025-08-25,ic_neutral,合成分(行业中性),0.0048248325139452,-0.04535084731196907
2025-08-26,ic_neutral,合成分(行业中性),-0.035865474945448,-0.04660306955428738
2025-08-27,ic_neutral,合成分(行业中性),-0.0079686912355578,-0.04100333829715767
2025-08-28,ic_neutral,合成分(行业中性),0.0403520054982962,-0.035039799581180024
2025-08-29,ic_neutral,合成分(行业中性),0.0934017356630128,-0.025713137673738083
2025-09-01,ic_neutral,合成分(行业中性),0.0501181593116462,-0.0211915963223072
2025-09-02,ic_neutral,合成分(行业中性),0.1540593999411367,-0.008318399009241294
2025-09-03,ic_neutral,合成分(行业中性),-0.010675473084372,-0.005622701220790968
2025-09-04,ic_neutral,合成分(行业中性),0.0374625612437457,0.0015545629628049974
2025-09-05,ic_neutral,合成分(行业中性),-0.0604495247658454,0.004084600531406653
2025-09-08,ic_neutral,合成分(行业中性),-0.0684090476272917,0.006639200521019023
2025-09-09,ic_neutral,合成分(行业中性),-0.0585843368688469,0.008408331178485592
2025-09-10,ic_neutral,合成分(行业中性),-0.0894525011995586,0.005635134744651777
2025-09-11,ic_neutral,合成分(行业中性),-0.0812795434548779,0.003489713592158818
2025-09-12,ic_neutral,合成分(行业中性),0.0024757202276559,0.004363994870986033
2025-09-15,ic_neutral,合成分(行业中性),0.0058802438912942,0.001085527364714538
2025-09-16,ic_neutral,合成分(行业中性),-0.0383082126415931,-0.001953212795446492
2025-09-17,ic_neutral,合成分(行业中性),-0.0246966776040705,-0.0035182311895867067
2025-09-18,ic_neutral,合成分(行业中性),0.0223282822425949,-0.0031351171458663812
2025-09-19,ic_neutral,合成分(行业中性),0.1025598742032642,0.0018886665654564941
2025-09-22,ic_neutral,合成分(行业中性),-0.0474259225962812,-0.0007238711900548263
2025-09-23,ic_neutral,合成分(行业中性),-0.1216294643688495,-0.005012070661224901
2025-09-24,ic_neutral,合成分(行业中性),-0.0480429904811959,-0.007015785623506807
2025-09-25,ic_neutral,合成分(行业中性),-0.0192716888953305,-0.009996970343188142
2025-09-26,ic_neutral,合成分(行业中性),-0.0578991772766642,-0.017562015990171993
2025-09-29,ic_neutral,合成分(行业中性),-0.1240466035200531,-0.026270254131756952
2025-09-30,ic_neutral,合成分(行业中性),-0.1084007409070259,-0.039393261174165084
2025-10-09,ic_neutral,合成分(行业中性),-0.0872960017703597,-0.04322428760846447
2025-10-10,ic_neutral,合成分(行业中性),-0.0896057042606409,-0.0495777008836838
2025-10-13,ic_neutral,合成分(行业中性),-0.0314757816813823,-0.04812901372946064
2025-10-14,ic_neutral,合成分(行业中性),-0.0549115943863845,-0.04745414106741529
2025-10-15,ic_neutral,合成分(行业中性),-0.0218069662708566,-0.04561527253751577
2025-10-16,ic_neutral,合成分(行业中性),0.0303820820508783,-0.03962354337499392
2025-10-17,ic_neutral,合成分(行业中性),0.0791624043743864,-0.031601445983530714
2025-10-20,ic_neutral,合成分(行业中性),-0.0182162792169855,-0.03263604595576278
2025-10-21,ic_neutral,合成分(行业中性),0.0557361543989861,-0.030143250430378188
2025-10-22,ic_neutral,合成分(行业中性),0.0994577238447364,-0.023254953606061713
2025-10-23,ic_neutral,合成分(行业中性),0.1161694127960729,-0.01621164908605454
2025-10-24,ic_neutral,合成分(行业中性),0.1777806385170934,-0.008439031272329617
2025-10-27,ic_neutral,合成分(行业中性),0.1242551299087484,-0.007354268487055405
2025-10-28,ic_neutral,合成分(行业中性),0.0960189546231683,-0.0001820246260829321
2025-10-29,ic_neutral,合成分(行业中性),0.1527487714497584,0.013536887164847463
2025-10-30,ic_neutral,合成分(行业中性),0.1858205171989408,0.0252300625488543
2025-10-31,ic_neutral,合成分(行业中性),0.2046888647972347,0.036428090233482556
2025-11-03,ic_neutral,合成分(行业中性),0.0966381503283758,0.04415495661373456
2025-11-04,ic_neutral,合成分(行业中性),0.1022799817601459,0.055471285877744504
2025-11-05,ic_neutral,合成分(行业中性),0.1403245615982694,0.06790755100300927
2025-11-06,ic_neutral,合成分(行业中性),0.0725514195886432,0.07589992207095941
2025-11-07,ic_neutral,合成分(行业中性),0.1071279429764562,0.08573660443281426
2025-11-10,ic_neutral,合成分(行业中性),0.0383636930904552,0.08922857817140614
2025-11-11,ic_neutral,合成分(行业中性),-0.0397796817625459,0.08998517380259809
2025-11-12,ic_neutral,合成分(行业中性),-0.1207478340173278,0.08503813041527453
2025-11-13,ic_neutral,合成分(行业中性),-0.0396692826457388,0.08153556218044365
2025-11-14,ic_neutral,合成分(行业中性),0.0355533369053133,0.07935510880699001
2025-11-17,ic_neutral,合成分(行业中性),0.0417248912358123,0.0823521673296299
2025-11-18,ic_neutral,合成分(行业中性),-0.0140590875272997,0.07886240523331561
2025-11-19,ic_neutral,合成分(行业中性),0.0214294285645714,0.07496099046930735
2025-11-20,ic_neutral,合成分(行业中性),0.0652740199853564,0.07241622082877154
2025-11-21,ic_neutral,合成分(行业中性),-0.0089751877082193,0.06307842951750589
2025-11-24,ic_neutral,合成分(行业中性),0.0503381234150464,0.05938257919282079
2025-11-25,ic_neutral,合成分(行业中性),-0.0323504549748893,0.052964108712917915
2025-11-26,ic_neutral,合成分(行业中性),-0.1375176366047435,0.03845078831019282
2025-11-27,ic_neutral,合成分(行业中性),-0.0483317587389985,0.02674317451329586
2025-11-28,ic_neutral,合成分(行业中性),-0.040985033066481,0.014459479620110075
2025-12-01,ic_neutral,合成分(行业中性),0.0167768986977921,0.010466417038580889
2025-12-02,ic_neutral,合成分(行业中性),-0.0150887573964497,0.004597980080751108
2025-12-03,ic_neutral,合成分(行业中性),-0.009149221818905,-0.0028757090901076116
2025-12-04,ic_neutral,合成分(行业中性),-0.0623253830772975,-0.009619549223404647
2025-12-05,ic_neutral,合成分(行业中性),-0.1093438251713303,-0.02044313763079397
2025-12-08,ic_neutral,合成分(行业中性),-0.0368032420068619,-0.024201484385659826
2025-12-09,ic_neutral,合成分(行业中性),-0.0095122072497638,-0.022688110660020723
2025-12-10,ic_neutral,合成分(行业中性),-0.0918949828452091,-0.02124546810141479
2025-12-11,ic_neutral,合成分(行业中性),-0.1402118243747203,-0.026272595187863863
2025-12-12,ic_neutral,合成分(行业中性),-0.0572945154393118,-0.030914987805095117
2025-12-15,ic_neutral,合成分(行业中性),-0.0849686364893394,-0.037249664191352706
2025-12-16,ic_neutral,合成分(行业中性),-0.0841131718959773,-0.040752368409786584
2025-12-17,ic_neutral,合成分(行业中性),-0.1020511163045099,-0.046926395653240645
2025-12-18,ic_neutral,合成分(行业中性),-0.0835097319221446,-0.0543655832486157
2025-12-19,ic_neutral,合成分(行业中性),0.0060661610921788,-0.05361351580859579
2025-12-22,ic_neutral,合成分(行业中性),0.0004701974218525,-0.05610691210825548
2025-12-23,ic_neutral,合成分(行业中性),0.0261857218751717,-0.05318010326575244
2025-12-24,ic_neutral,合成分(行业中性),0.0010197788240179,-0.046253232494314366
2025-12-25,ic_neutral,合成分(行业中性),0.0354455578556555,-0.042064366664581666
2025-12-26,ic_neutral,合成分(行业中性),0.0877559370057584,-0.0356273181609697
2025-12-29,ic_neutral,合成分(行业中性),0.1048601955656277,-0.031223153317577922
2025-12-30,ic_neutral,合成分(行业中性),0.0634668816140595,-0.027295371367052457
2025-12-31,ic_neutral,合成分(行业中性),0.0809147532990171,-0.022792172611156354
2026-01-05,ic_neutral,合成分(行业中性),0.0300333597331221,-0.01817423547063537
2026-01-06,ic_neutral,合成分(行业中性),0.1174790601675186,-0.0068330912036929274
2026-01-07,ic_neutral,合成分(行业中性),0.1054935560515516,0.00028174869922774695
2026-01-08,ic_neutral,合成分(行业中性),0.1699042407660738,0.009252571100019627
2026-01-09,ic_neutral,合成分(行业中性),0.2124583003335973,0.024470235258959947
2026-01-12,ic_neutral,合成分(行业中性),0.1960257494094896,0.04128211394817044
2026-01-13,ic_neutral,合成分(行业中性),0.1237646098831209,0.05033507021429208
2026-01-14,ic_neutral,合成分(行业中性),0.1467111784178233,0.061919060959650205
2026-01-15,ic_neutral,合成分(行业中性),0.1253773969808241,0.07239358940349029
2026-01-16,ic_neutral,合成分(行业中性),0.1653106775145799,0.08576167909444478
2026-01-19,ic_neutral,合成分(行业中性),0.2249046007631939,0.10118239572871171
2026-01-20,ic_neutral,合成分(行业中性),0.1458156334749322,0.10816986934784936
2026-01-21,ic_neutral,合成分(行业中性),0.1292845657234742,0.11461058776293045
2026-01-22,ic_neutral,合成分(行业中性),0.260975268783058,0.12635006510832475
2026-01-23,ic_neutral,合成分(行业中性),0.3716922264621883,0.14488368749023328
2026-01-26,ic_neutral,合成分(行业中性),0.2417572659418724,0.15519927289454413
2026-01-27,ic_neutral,合成分(行业中性),0.261859505123959,0.16390445130045417
2026-01-28,ic_neutral,合成分(行业中性),0.2226246190030479,0.16979267247232516
2026-01-29,ic_neutral,合成分(行业中性),0.2963352293181654,0.18143608985753046
2026-01-30,ic_neutral,合成分(行业中性),0.2949120407036744,0.19213595422776333
2026-02-02,ic_neutral,合成分(行业中性),0.3428828569371445,0.20777842908796446
2026-02-03,ic_neutral,合成分(行业中性),0.350749994000048,0.21944197577959096
2026-02-04,ic_neutral,合成分(行业中性),0.3631905123902737,0.23232682359652707
2026-02-05,ic_neutral,合成分(行业中性),0.2895882208287709,0.23831102259966186
2026-02-06,ic_neutral,合成分(行业中性),0.2901360789113687,0.2421949115285505
2026-02-09,ic_neutral,合成分(行业中性),0.2740730074159407,0.24609727442887303
2026-02-10,ic_neutral,合成分(行业中性),0.2046655626754986,0.25014232206849185
2026-02-11,ic_neutral,合成分(行业中性),0.1874481004151967,0.2521791681683606
2026-02-12,ic_neutral,合成分(行业中性),0.1008351933184534,0.25095205798524206
2026-02-13,ic_neutral,合成分(行业中性),0.1677394580843353,0.2510734970137298
2026-02-24,ic_neutral,合成分(行业中性),0.1454940360477116,0.2471029687779557
2026-02-25,ic_neutral,合成分(行业中性),0.2529552213286436,0.25245994817064127
2026-02-26,ic_neutral,合成分(行业中性),0.1720739370179713,0.2545994167353661
2026-02-27,ic_neutral,合成分(行业中性),0.1737432828561949,0.25023781743902296
2026-03-02,ic_neutral,合成分(行业中性),0.124752611887232,0.23789083671027514
2026-03-03,ic_neutral,合成分(行业中性),0.2633522409806494,0.238970585462214
2026-03-04,ic_neutral,合成分(行业中性),0.214958384474936,0.23662552942976284
2026-03-05,ic_neutral,合成分(行业中性),0.1921472097430208,0.23510165896676152
2026-03-06,ic_neutral,合成分(行业中性),0.2536905940307347,0.23296942720238997
2026-03-09,ic_neutral,合成分(行业中性),0.2130531689474295,0.2288764836145777
2026-03-10,ic_neutral,合成分(行业中性),0.1744763249347391,0.22045615701445742
2026-03-11,ic_neutral,合成分(行业中性),0.2337053303573571,0.2146039238323229
2026-03-12,ic_neutral,合成分(行业中性),0.1889264885880913,0.2058907226422138
2026-03-13,ic_neutral,合成分(行业中性),0.0502027983776129,0.19392145151965587
2026-03-16,ic_neutral,合成分(行业中性),-0.0143374853001176,0.17869777330908154
2026-03-17,ic_neutral,合成分(行业中性),-0.0404564763481892,0.16297129912087507
2026-03-18,ic_neutral,合成分(行业中性),-0.1015577094076491,0.14766013551671767
2026-03-19,ic_neutral,合成分(行业中性),-0.1207299065987129,0.1322512351660222
2026-03-20,ic_neutral,合成分(行业中性),-0.1719442244462044,0.1186122642777893
2026-03-23,ic_neutral,合成分(行业中性),-0.1252514731391213,0.10396271771661647
2026-03-24,ic_neutral,合成分(行业中性),-0.1532123743010056,0.08902739719918061
2026-03-25,ic_neutral,合成分(行业中性),-0.1300526376105051,0.06987700425222318
2026-03-26,ic_neutral,合成分(行业中性),-0.1923441766531274,0.05165609856866825
2026-03-27,ic_neutral,合成分(行业中性),-0.1028799769601843,0.037824935577849286
2026-03-30,ic_neutral,合成分(行业中性),0.0172462620299037,0.032449618084982874
2026-03-31,ic_neutral,合成分(行业中性),-0.1619364016706568,0.011185185952417558
2026-04-01,ic_neutral,合成分(行业中性),-0.0092159262725898,-2.3529584958731536e-05
2026-04-02,ic_neutral,合成分(行业中性),-0.0058883564261635,-0.009925307893417947
2026-04-03,ic_neutral,合成分(行业中性),-0.1003479972160222,-0.027627237455755786
2026-04-07,ic_neutral,合成分(行业中性),-0.2139606883144934,-0.048977930318851934
2026-04-08,ic_neutral,合成分(行业中性),-0.094172846617227,-0.06241038889645023
2026-04-09,ic_neutral,合成分(行业中性),-0.1516812775585733,-0.08167971929224677
2026-04-10,ic_neutral,合成分(行业中性),-0.0959610626183257,-0.09592409685256761
2026-04-13,ic_neutral,合成分(行业中性),-0.0587179302565579,-0.10137013328427616
2026-04-14,ic_neutral,合成分(行业中性),0.0199582403340773,-0.0996553470025664
2026-04-15,ic_neutral,合成分(行业中性),0.0368493052055583,-0.09579005792487903
2026-04-16,ic_neutral,合成分(行业中性),0.0767321861425108,-0.08687556314737103
2026-04-17,ic_neutral,合成分(行业中性),0.0964840281277749,-0.07601486641104664
2026-04-20,ic_neutral,合成分(行业中性),0.1305329107662996,-0.06089100965042145
2026-04-21,ic_neutral,合成分(行业中性),0.1161436483656059,-0.04882125357518508
2026-04-22,ic_neutral,合成分(行业中性),0.1313316357374466,-0.03459405307326247
2026-04-23,ic_neutral,合成分(行业中性),0.1306661113855871,-0.021558115623457868
2026-04-24,ic_neutral,合成分(行业中性),0.1184580690506929,-0.00601800333826685
2026-04-27,ic_neutral,合成分(行业中性),0.1760175963859833,0.00792687532904153
2026-04-28,ic_neutral,合成分(行业中性),0.1375334405221527,0.013941234253653978
2026-04-29,ic_neutral,合成分(行业中性),0.0717203729825782,0.02562407298631573
2026-04-30,ic_neutral,合成分(行业中性),0.117391072048727,0.031954422902381575
2026-05-06,ic_neutral,合成分(行业中性),0.1554297010659044,0.040020325776984965
2026-05-07,ic_neutral,合成分(行业中性),0.1478668074584675,0.052431066010709446
2026-05-08,ic_neutral,合成分(行业中性),0.170717054390671,0.07166495314596767
2026-05-11,ic_neutral,合成分(行业中性),0.1542339198929632,0.08408529147147718
2026-05-12,ic_neutral,合成分(行业中性),0.1609656918364804,0.09971763994122987
2026-05-13,ic_neutral,合成分(行业中性),0.138034117963416,0.11141739897031695
2026-05-14,ic_neutral,合成分(行业中性),0.1816227348151452,0.12343443222390212
2026-05-15,ic_neutral,合成分(行业中性),0.0927559995015445,0.12707432018227546
2026-05-18,ic_neutral,合成分(行业中性),0.0547159787762919,0.12796765386081216
2026-05-19,ic_neutral,合成分(行业中性),0.0945399453010736,0.1288580418187403
2026-05-20,ic_neutral,合成分(行业中性),0.0458121106628034,0.1263244459454917
2026-05-21,ic_neutral,合成分(行业中性),0.0389516950447677,0.1217453851594151
2026-05-22,ic_neutral,合成分(行业中性),-0.0051196620996779,0.11568221963615093
2026-05-25,ic_neutral,合成分(行业中性),0.1442516937647159,0.1163282225375144
2026-05-26,ic_neutral,合成分(行业中性),0.1133999252316834,0.1154649132298192
2026-05-27,ic_neutral,合成分(行业中性),0.0903948947668737,0.11406175451562824
2026-05-28,ic_neutral,合成分(行业中性),0.0544431400069521,0.1079830316966767
2026-05-29,ic_neutral,合成分(行业中性),0.1516524453830564,0.10868898193972187
2026-06-01,ic_neutral,合成分(行业中性),0.1440470646877111,0.11230531652497851
2026-06-02,ic_neutral,合成分(行业中性),0.0297932261172523,0.10792542422840476
2026-06-03,ic_neutral,合成分(行业中性),0.0016619553882377,0.10023703694452143
2026-06-04,ic_neutral,合成分(行业中性),0.0123000439427825,0.09345869876873719
2026-06-05,ic_neutral,合成分(行业中性),0.1026990085971443,0.09005779647906086
2026-06-08,ic_neutral,合成分(行业中性),0.0680247391307199,0.0857473374409487
2026-06-09,ic_neutral,合成分(行业中性),0.0447783512930327,0.0799379704137763
2026-06-10,ic_neutral,合成分(行业中性),0.1158790852030878,0.0788302187757599
2026-06-11,ic_neutral,合成分(行业中性),0.089487181168878,0.07422344109344653
2026-06-12,ic_neutral,合成分(行业中性),0.1459465379951504,0.07688296801812684
2026-06-15,ic_neutral,合成分(行业中性),0.1441009399170905,0.08135221607516677
2026-06-16,ic_neutral,合成分(行业中性),0.1412767017990306,0.0836890539000646
2026-06-17,ic_neutral,合成分(行业中性),0.0467406916725147,0.08373548295055018
2026-06-18,ic_neutral,合成分(行业中性),0.0736310511507106,0.08546945075584732
2026-06-22,ic_neutral,合成分(行业中性),0.0281771615585914,0.0871342919387608
2026-06-23,ic_neutral,合成分(行业中性),0.0365617068163782,0.0817497925913439
2026-06-24,ic_neutral,合成分(行业中性),-0.1275927881367604,0.06970015692292172
2026-06-25,ic_neutral,合成分(行业中性),-0.0955054374310319,0.06040514031302644
2026-06-26,ic_neutral,合成分(行业中性),-0.1716300148880771,0.04910148256827498
2026-06-29,ic_neutral,合成分(行业中性),-0.2201418238772858,0.030511769105257863
2026-06-30,ic_neutral,合成分(行业中性),-0.1441939778712017,0.016099716977312224
2026-07-01,ic_neutral,合成分(行业中性),-0.1061250991991919,0.009303800711490012
2026-07-02,ic_neutral,合成分(行业中性),-0.1179988325648812,0.0033207613138340674
2026-07-03,ic_neutral,合成分(行业中性),-0.1203337028025001,-0.0033109260234300613
2026-07-06,ic_neutral,合成分(行业中性),-0.050849013910842,-0.010988327148829377
2026-07-07,ic_neutral,合成分(行业中性),-0.0695253523620885,-0.017865831723469793
2026-07-08,ic_neutral,合成分(行业中性),-0.1466810081917217,-0.027438799697707517
2026-07-09,ic_neutral,合成分(行业中性),-0.1679624322002216,-0.04163087556787298
2026-07-10,ic_neutral,合成分(行业中性),-0.0806225446150415,-0.050136361857068955
2026-07-13,ic_neutral,合成分(行业中性),-0.0651205803070748,-0.06068971777218023
2026-07-14,ic_neutral,合成分(行业中性),-0.0983728698394462,-0.07281340826000707
2026-07-15,ic_neutral,合成分(行业中性),-0.0970722109288275,-0.08473085389639996
2026-07-16,ic_neutral,合成分(行业中性),0.0342832632325324,-0.08535372531839908
2026-07-17,ic_neutral,合成分(行业中性),-0.0459930085065356,-0.09133492830126139
2026-07-20,ic_neutral,合成分(行业中性),-0.2006112637813092,-0.10277434956825642
2026-07-21,ic_neutral,合成分(行业中性),-0.1540397846147792,-0.1123044241398143
2026-07-22,ic_neutral,合成分(行业中性),-0.0411239128253414,-0.10798098037424335
2026-07-23,ic_neutral,合成分(行业中性),0.0136065218959671,-0.1025253824078934
2026-07-24,ic_neutral,合成分(行业中性),0.0127748883394219,-0.09330513724651844
2026-07-27,ic_neutral,合成分(行业中性),-0.0072341625620609,-0.08265975418075719
2026-07-28,ic_neutral,合成分(行业中性),-0.0402502771018751,-0.07746256914229085
2026-07-29,ic_neutral,合成分(行业中性),-0.1373651382885926,-0.07902457109676089
2026-07-30,ic_neutral,合成分(行业中性),-0.0952837557855507,-0.07788881725779437
2026-07-31,ic_neutral,合成分(行业中性),-0.1131363427382124,-0.07752894925457998
2026-08-03,ic_neutral,合成分(行业中性),-0.1011326744102157,-0.08004313227954866
2020-04-03,ic_style,合成分(未中性化),-0.5647042590246457,
2020-04-07,ic_style,合成分(未中性化),-0.4792379706901131,
2020-04-08,ic_style,合成分(未中性化),-0.4829755259211079,
2020-04-09,ic_style,合成分(未中性化),-0.4110482355433728,
2020-04-10,ic_style,合成分(未中性化),-0.4885399325084364,
2020-04-13,ic_style,合成分(未中性化),-0.4029307217627341,
2020-04-14,ic_style,合成分(未中性化),-0.3563584551931009,
2020-04-15,ic_style,合成分(未中性化),-0.2973678290213723,
2020-04-16,ic_style,合成分(未中性化),-0.2805493521553244,
2020-04-17,ic_style,合成分(未中性化),-0.2539872515935508,-0.4017699533413758
2020-04-20,ic_style,合成分(未中性化),-0.0592006887150102,-0.37062729292079716
2020-04-21,ic_style,合成分(未中性化),-0.0428737050974687,-0.34331449393551977
2020-04-22,ic_style,合成分(未中性化),-0.0391211685357298,-0.3199150073663052
2020-04-23,ic_style,合成分(未中性化),-0.0762474690663667,-0.3025101832020239
2020-04-24,ic_style,合成分(未中性化),-0.1270978753551202,-0.2908160293455636
2020-04-27,ic_style,合成分(未中性化),-0.2000929897936307,-0.2851458393735678
2020-04-28,ic_style,合成分(未中性化),-0.2610397615897373,-0.28372783479804836
2020-04-29,ic_style,合成分(未中性化),-0.4489088863892014,-0.29290455988644576
2020-04-30,ic_style,合成分(未中性化),-0.1573822715125225,-0.28577180786676554
2020-05-06,ic_style,合成分(未中性化),0.0444605091271728,-0.26926019201706863
2020-05-07,ic_style,合成分(未中性化),0.0162790627918207,-0.24021102592624533
2020-05-08,ic_style,合成分(未中性化),0.0256857892763404,-0.21496483792792268
2020-05-11,ic_style,合成分(未中性化),-0.0538924731182795,-0.19351068528778123
2020-05-12,ic_style,合成分(未中性化),-0.0654548181477315,-0.17623101441799918
2020-05-13,ic_style,合成分(未中性化),-0.1115892187316121,-0.15738347872915798
2020-05-14,ic_style,合成分(未中性化),-0.1530018747656543,-0.14488703637930397
2020-05-15,ic_style,合成分(未中性化),-0.0579738402307967,-0.12996780563118876
2020-05-18,ic_style,合成分(未中性化),-0.108853556585884,-0.12054209200941432
2020-05-19,ic_style,合成分(未中性化),-0.22083572678799,-0.11755641074104764
2020-05-20,ic_style,合成分(未中性化),-0.200023997000375,-0.11485824801138884
2020-05-21,ic_style,合成分(未中性化),-0.3205249343832022,-0.12792446029479845
2020-05-22,ic_style,合成分(未中性化),-0.3379347581552306,-0.14267751294768655
2020-05-25,ic_style,合成分(未中性化),-0.5077495313085865,-0.16610893108632935
2020-05-26,ic_style,合成分(未中性化),-0.4620352455943007,-0.18539831991272607
2020-05-27,ic_style,合成分(未中性化),-0.4050723659542557,-0.19929704444268284
2020-05-28,ic_style,合成分(未中性化),-0.3323229581150466,-0.20590854285875362
2020-05-29,ic_style,合成分(未中性化),-0.4010948631421073,-0.21291129793637215
2020-06-01,ic_style,合成分(未中性化),-0.3494593175853019,-0.20793881949617715
2020-06-02,ic_style,合成分(未中性化),-0.2297096645540524,-0.21155518914825366
2020-06-03,ic_style,合成分(未中性化),-0.2945181852268467,-0.22850412386595464
2020-06-04,ic_style,合成分(未中性化),-0.1063217097862767,-0.2346341624948595
2020-06-05,ic_style,合成分(未中性化),-0.1268931383577053,-0.2422631088765618
2020-06-08,ic_style,合成分(未中性化),-0.1078695163104612,-0.2449619610361709
2020-06-09,ic_style,合成分(未中性化),-0.2107631785995279,-0.2522273790587607
2020-06-10,ic_style,合成分(未中性化),-0.340479262672811,-0.26367188125582064
2020-06-11,ic_style,合成分(未中性化),-0.4416897081413211,-0.278106272924604
2020-06-12,ic_style,合成分(未中性化),-0.461769585253456,-0.2982960601757369
2020-06-15,ic_style,合成分(未中性化),-0.5243133640552994,-0.31906905054920764
2020-06-16,ic_style,合成分(未中性化),-0.2819600614439324,-0.32212526728200486
2020-06-17,ic_style,合成分(未中性化),-0.3099600614439323,-0.3276220705041827
2020-06-18,ic_style,合成分(未中性化),-0.3317112135176651,-0.32818138446090583
2020-06-19,ic_style,合成分(未中性化),-0.3839324116743471,-0.33048126713686166
2020-06-22,ic_style,合成分(未中性化),-0.3401474654377879,-0.3221011638433217
2020-06-23,ic_style,合成分(未中性化),-0.2913732718894009,-0.3135680651580767
2020-06-24,ic_style,合成分(未中性化),-0.1860337941628264,-0.3026161365685053
2020-06-29,ic_style,合成分(未中性化),-0.3367619047619047,-0.30283808390084815
2020-06-30,ic_style,合成分(未中性化),-0.2788768483424972,-0.29672718316086766
2020-07-01,ic_style,合成分(未中性化),-0.2582745132582683,-0.292167942944516
2020-07-02,ic_style,合成分(未中性化),-0.2374662860546155,-0.29255577401954413
2020-07-03,ic_style,合成分(未中性化),-0.2253509848929696,-0.2890974140028503
2020-07-06,ic_style,合成分(未中性化),-0.1127368814391715,-0.28941817258549507
2020-07-07,ic_style,合成分(未中性化),-0.2101009453985276,-0.29357856293753615
2020-07-08,ic_style,合成分(未中性化),-0.0770245022153419,-0.29203631223278015
2020-07-09,ic_style,合成分(未中性化),-0.1420861581166924,-0.28860246120863836
2020-07-10,ic_style,合成分(未中性化),-0.034830463341026,-0.2733200212420491
2020-07-13,ic_style,合成分(未中性化),-0.0128501003700719,-0.2518780408534867
2020-07-14,ic_style,合成分(未中性化),0.082827841428942,-0.2246481695193668
2020-07-15,ic_style,合成分(未中性化),0.0653593521692225,-0.19516453370814071
2020-07-16,ic_style,合成分(未中性化),-0.0475746982073092,-0.18344526554630955
2020-07-17,ic_style,合成分(未中性化),-0.2043206926217755,-0.1781632971052017
2020-07-20,ic_style,合成分(未中性化),-0.0267442481182939,-0.16291494883523314
2020-07-21,ic_style,合成分(未中性化),-0.0581166924678375,-0.14662416287490768
2020-07-22,ic_style,合成分(未中性化),0.189286143268648,-0.12015248243958587
2020-07-23,ic_style,合成分(未中性化),0.2245876261143436,-0.09435443753939866
2020-07-24,ic_style,合成分(未中性化),0.0145011670597031,-0.08432768947827217
2020-07-27,ic_style,合成分(未中性化),0.0339321437198611,-0.06579298705418388
2020-07-28,ic_style,合成分(未中性化),0.029402658410292,-0.05037901171654443
2020-07-29,ic_style,合成分(未中性化),0.2368654246516842,-0.025622014821046795
2020-07-30,ic_style,合成分(未中性化),0.1938778018453419,-0.0040548104260489295
2020-07-31,ic_style,合成分(未中性化),0.1440251048426213,0.014413994060730614
2020-08-03,ic_style,合成分(未中性化),0.2086534573394498,0.030483510999661678
2020-08-04,ic_style,合成分(未中性化),0.1339803207980705,0.04768757430949159
2020-08-05,ic_style,合成分(未中性化),0.2022633854694923,0.061651968693733294
2020-08-06,ic_style,合成分(未中性化),0.2621980758531079,0.0818661803922233
2020-08-07,ic_style,合成分(未中性化),0.1751830662242875,0.09236685687048898
2020-08-10,ic_style,合成分(未中性化),0.2283990818341963,0.1044293159807024
2020-08-11,ic_style,合成分(未中性化),0.1019057278599263,0.10538321030225162
2020-08-12,ic_style,合成分(未中性化),0.1498585384081567,0.10960816961419831
2020-08-13,ic_style,合成分(未中性化),0.1283563764479795,0.11840472334696275
2020-08-14,ic_style,合成分(未中性化),0.1076709549991992,0.1340043057280115
2020-08-17,ic_style,合成分(未中性化),0.281060161212833,0.14939452619456783
2020-08-18,ic_style,合成分(未中性化),0.2278065446004377,0.1636906880479816
2020-08-19,ic_style,合成分(未中性化),0.2296067346786288,0.16570671761848063
2020-08-20,ic_style,合成分(未中性化),0.3048367918072321,0.16971917590312507
2020-08-21,ic_style,合成分(未中性化),0.1140689079018096,0.1746975629452304
2020-08-24,ic_style,合成分(未中性化),0.2041477606363102,0.18320834379105283
2020-08-25,ic_style,合成分(未中性化),0.1726258474350077,0.19036950324228863
2020-08-26,ic_style,合成分(未中性化),0.1225757891214236,0.1846550214657756
2020-08-27,ic_style,合成分(未中性化),0.1704425345646719,0.1834832581017421
2020-08-28,ic_style,合成分(未中性化),0.2340628836812043,0.18798514704367125
2020-08-31,ic_style,合成分(未中性化),0.31482719642797,0.19329383399809724
2020-09-01,ic_style,合成分(未中性化),0.2269097314898841,0.19794030453268793
2020-09-02,ic_style,合成分(未中性化),0.204799017776117,0.19806708614801918
2020-09-03,ic_style,合成分(未中性化),0.1694452006921099,0.19342944238996926
2020-09-04,ic_style,合成分(未中性化),0.0293599922062827,0.18613828868906904
2020-09-07,ic_style,合成分(未中性化),-0.1080339507820423,0.1693166370582571
2020-09-08,ic_style,合成分(未中性化),-0.2295684481511254,0.1527429282577045
2020-09-09,ic_style,合成分(未中性化),-0.2032082421395398,0.13508958923031972
2020-09-10,ic_style,合成分(未中性化),-0.2228636935672907,0.11752858572955618
2020-09-11,ic_style,合成分(未中性化),-0.0189692240554592,0.11119657677682326
2020-09-14,ic_style,合成分(未中性化),-0.0506652787276037,0.09461030477980142
2020-09-15,ic_style,合成分(未中性化),0.0911332941867293,0.08777664225911601
2020-09-16,ic_style,合成分(未中性化),0.0204825708642502,0.07732043406839709
2020-09-17,ic_style,合成分(未中性化),0.1711607472920267,0.07063663184263681
2020-09-18,ic_style,合成分(未中性化),0.1953290983825334,0.074699641366673
2020-09-21,ic_style,合成分(未中性化),0.1308653178882186,0.07103551922926842
2020-09-22,ic_style,合成分(未中性化),-0.0147760636310254,0.06166542367596676
2020-09-23,ic_style,合成分(未中性化),-0.0382480115304542,0.05362423364337286
2020-09-24,ic_style,合成分(未中性化),0.115547583872926,0.05087948610878558
2020-09-25,ic_style,合成分(未中性化),0.1299366491442052,0.04567317438193562
2020-09-28,ic_style,合成分(未中性化),-0.0037474026416019,0.02974444442845702
2020-09-29,ic_style,合成分(未中性化),0.1108157306145646,0.02393974438469105
2020-09-30,ic_style,合成分(未中性化),0.0613419018994439,0.016766888590857395
2020-10-09,ic_style,合成分(未中性化),0.1205846398599354,0.014323860549248672
2020-10-12,ic_style,合成分(未中性化),0.0982850889572518,0.017770115386797125
2020-10-13,ic_style,合成分(未中性化),-0.0356162921048417,0.021390998320657155
2020-10-14,ic_style,合成分(未中性化),0.0338708902523923,0.03456296524083304
2020-10-15,ic_style,合成分(未中性化),0.10357657609566,0.04990220615259303
2020-10-16,ic_style,合成分(未中性化),0.1043992120829057,0.06626535143510286
2020-10-19,ic_style,合成分(未中性化),-0.0455320097315434,0.06493721215129863
2020-10-20,ic_style,合成分(未中性化),0.0044733892062136,0.0676941455479895
2020-10-21,ic_style,合成分(未中性化),0.0985279790828556,0.06806387979279582
2020-10-22,ic_style,合成分(未中性化),0.0209790209790209,0.06808870229853435
2020-10-23,ic_style,合成分(未中性化),-0.1795975017349063,0.05055078984718771
2020-10-26,ic_style,合成分(未中性化),-0.1596967917578604,0.03279949534016802
2020-10-27,ic_style,合成分(未中性化),-0.0425559173650776,0.02412843357750321
2020-10-28,ic_style,合成分(未中性化),-0.0064538514920194,0.024544544184453503
2020-10-29,ic_style,合成分(未中性化),0.1694549725084076,0.0349296933863966
2020-10-30,ic_style,合成分(未中性化),0.1990444669833982,0.03910453754192021
2020-11-02,ic_style,合成分(未中性化),0.1876634815566113,0.04199087916254051
2020-11-03,ic_style,合成分(未中性化),0.1113062510009074,0.04774356184466598
2020-11-04,ic_style,合成分(未中性化),0.2119041264079432,0.05279798163433491
2020-11-05,ic_style,合成分(未中性化),0.1779402364014775,0.05862789835943658
2020-11-06,ic_style,合成分(未中性化),0.041045214327657,0.054650927082822674
2020-11-09,ic_style,合成分(未中性化),0.007935205166298,0.05013343289327497
2020-11-10,ic_style,合成分(未中性化),0.0562219410777298,0.054725344552403556
2020-11-11,ic_style,合成分(未中性化),-0.0685529127114696,0.04960415440421046
2020-11-12,ic_style,合成分(未中性化),-0.0153953122768944,0.04365555998558274
2020-11-13,ic_style,合成分(未中性化),-0.0320477660382579,0.03683321107952456
2020-11-16,ic_style,合成分(未中性化),-0.1712859659424545,0.030545513268979002
2020-11-17,ic_style,合成分(未中性化),-0.1514628616118116,0.022748700728077744
2020-11-18,ic_style,合成分(未中性化),-0.1481449847862061,0.010415052534624656
2020-11-19,ic_style,合成分(未中性化),-0.117290499773899,0.0035015764969786624
2020-11-20,ic_style,合成分(未中性化),-0.1203010729728287,0.0064663979350825405
2020-11-23,ic_style,合成分(未中性化),-0.1450061388992687,0.007200930578012127
2020-11-24,ic_style,合成分(未中性化),-0.0542678695350451,0.006615332969513751
2020-11-25,ic_style,合成分(未中性化),-0.1287996167187619,0.000498044708176626
2020-11-26,ic_style,合成分(未中性化),-0.1800245555970747,-0.01697593169709749
2020-11-27,ic_style,合成分(未中性化),-0.2066567020765494,-0.03726099015009487
2020-11-30,ic_style,合成分(未中性化),-0.1516041210697699,-0.05422437028141393
2020-12-01,ic_style,合成分(未中性化),-0.1810815139059414,-0.06884375852675637
2020-12-02,ic_style,合成分(未中性化),-0.3011956507719493,-0.094498747385751
2020-12-03,ic_style,合成分(未中性化),-0.3695360565451239,-0.12187256203308106
2020-12-04,ic_style,合成分(未中性化),-0.5016896467219565,-0.14900930508556173
2020-12-07,ic_style,合成分(未中性化),-0.5158581728598883,-0.17519897398687106
2020-12-08,ic_style,合成分(未中性化),-0.4708704757949327,-0.2015535948305042
2020-12-09,ic_style,合成分(未中性化),-0.4232587956552915,-0.2192888889776953
2020-12-10,ic_style,合成分(未中性化),-0.5580911971941234,-0.24642368322355673
2020-12-11,ic_style,合成分(未中性化),-0.391529338677752,-0.26439776185553143
2020-12-14,ic_style,合成分(未中性化),-0.5210709104787836,-0.2818870090823479
2020-12-15,ic_style,合成分(未中性化),-0.4517498785609723,-0.29690135992980593
2020-12-16,ic_style,合成分(未中性化),-0.308920124250535,-0.30494011690302236
2020-12-17,ic_style,合成分(未中性化),-0.1624358772619984,-0.30719738577742733
2020-12-18,ic_style,合成分(未中性化),-0.2389110936270652,-0.31312788681013914
2020-12-21,ic_style,合成分(未中性化),-0.1603273013375295,-0.3138939449320522
2020-12-22,ic_style,合成分(未中性化),-0.3367049567269866,-0.3280157992916493
2020-12-23,ic_style,合成分(未中性化),-0.3730794649881982,-0.3402297917051211
2020-12-24,ic_style,合成分(未中性化),-0.4238965208474593,-0.35242338996764033
2020-12-25,ic_style,合成分(未中性化),-0.3353081594153001,-0.3588559628345779
2020-12-28,ic_style,合成分(未中性化),-0.2507667203255981,-0.36381409279736926
2020-12-29,ic_style,合成分(未中性化),-0.1432417674931238,-0.3619221054767284
2020-12-30,ic_style,合成分(未中性化),-0.078181451969775,-0.3507713955366197
2020-12-31,ic_style,合成分(未中性化),0.1059654264752552,-0.3269963213856007
2021-01-04,ic_style,合成分(未中性化),0.1891042992887412,-0.29245662408506584
2021-01-05,ic_style,合成分(未中性化),0.2146424104392629,-0.2559315949201083
2021-01-06,ic_style,合成分(未中性化),0.1160882632964325,-0.22658365796553998
2021-01-07,ic_style,合成分(未中性化),0.131172176899957,-0.19886210933777757
2021-01-08,ic_style,合成分(未中性化),0.2859409711202793,-0.15666050092205747
2021-01-11,ic_style,合成分(未中性化),0.1175443836690499,-0.13120681480471735
2021-01-12,ic_style,合成分(未中性化),0.2427567345567233,-0.093015432552942
2021-01-13,ic_style,合成分(未中性化),0.2163318834356973,-0.05961134445310853
2021-01-14,ic_style,合成分(未中性化),0.1965389138835477,-0.0343383925464044
2021-01-15,ic_style,合成分(未中性化),0.0913086547089485,-0.021651165947857057
2021-01-18,ic_style,合成分(未中性化),0.2341086863180689,0.001999823049399649
2021-01-19,ic_style,合成分(未中性化),0.2057262467171564,0.020302500452133942
2021-01-20,ic_style,合成分(未中性化),0.2493886161255996,0.049607179094763254
2021-01-21,ic_style,合成分(未中性化),0.3624339612074598,0.08638285040454616
2021-01-22,ic_style,合成分(未中性化),0.5217111281199246,0.13366323285291534
2021-01-25,ic_style,合成分(未中性化),0.4698695092127615,0.17392211628431845
2021-01-26,ic_style,合成分(未中性化),0.3944312729852334,0.20618201594986002
2021-01-27,ic_style,合成分(未中性化),0.518598204118207,0.23927401453042654
2021-01-28,ic_style,合成分(未中性化),0.5057824780181828,0.26847221102982444
2021-01-29,ic_style,合成分(未中性化),0.5235919502678887,0.2893535372194561
2021-02-01,ic_style,合成分(未中性化),0.514509866148935,0.3056238155624658
2021-02-02,ic_style,合成分(未中性化),0.617381036832378,0.32576074688212153
2021-02-03,ic_style,合成分(未中性化),0.5954442514101485,0.34972854628780736
2021-02-04,ic_style,合成分(未中性化),0.5649093658409094,0.371415405734855
2021-02-05,ic_style,合成分(未中性化),0.5243993503462951,0.38333832469615575
2021-02-08,ic_style,合成分(未中性化),0.554520507028581,0.4051871308641323
2021-02-09,ic_style,合成分(未中性化),0.5859764407190995,0.42234811617225115
2021-02-10,ic_style,合成分(未中性化),0.585309052214983,0.44079697461121536
2021-02-18,ic_style,合成分(未中性化),0.5021468441391155,0.4560773711239938
2021-02-19,ic_style,合成分(未中性化),0.5306188168778426,0.47804287923243854
2021-02-22,ic_style,合成分(未中性化),0.6285166240409207,0.4977632761185811
2021-02-23,ic_style,合成分(未中性化),0.5730283722122604,0.5161283823933364
2021-02-24,ic_style,合成分(未中性化),0.5197679072099082,0.5296473469475517
2021-02-25,ic_style,合成分(未中性化),0.5315959452648085,0.5381054461504192
2021-02-26,ic_style,合成分(未中性化),0.4022159165157652,0.5321306855702111
2021-03-01,ic_style,合成分(未中性化),0.5165166987137603,0.5344630450452612
2021-03-02,ic_style,合成分(未中性化),0.3955233632646965,0.5345176495592343
2021-03-03,ic_style,合成分(未中性化),0.4284260832228797,0.530009043514468
2021-03-04,ic_style,合成分(未中性化),0.1345837922601601,0.5114491092265668
2021-03-05,ic_style,合成分(未中性化),0.0372151198675742,0.48713026770655105
2021-03-08,ic_style,合成分(未中性化),-0.169787369089178,0.4529154059446454
2021-03-09,ic_style,合成分(未中性化),-0.2728125525043403,0.4084057264778095
2021-03-10,ic_style,合成分(未中性化),-0.1878374137033099,0.36924164322213654
2021-03-11,ic_style,合成分(未中性化),-0.0020535030895887,0.3408934997756117
2021-03-12,ic_style,合成分(未中性化),0.0725913342169619,0.318303098969145
2021-03-15,ic_style,合成分(未中性化),-0.1458367364099012,0.2832852367972209
2021-03-16,ic_style,合成分(未中性化),-0.2779229749659305,0.2400902660129694
2021-03-17,ic_style,合成分(未中性化),-0.1984197360315119,0.20090382660064465
2021-03-18,ic_style,合成分(未中性化),-0.0978214199040454,0.1709054133984866
2021-03-19,ic_style,合成分(未中性化),-0.3092715664494931,0.12891089423211982
2021-03-22,ic_style,合成分(未中性化),-0.3502482871917411,0.07997264867048674
2021-03-23,ic_style,合成分(未中性化),-0.3399807717437974,0.03432219147268386
2021-03-24,ic_style,合成分(未中性化),-0.4236890249593966,-0.012850655135781385
2021-03-25,ic_style,合成分(未中性化),-0.4601900423768364,-0.062439954517863626
2021-03-26,ic_style,合成分(未中性化),-0.3053652435267981,-0.0978190125199918
2021-03-29,ic_style,合成分(未中性化),-0.3228993596804002,-0.13978981543969982
2021-03-30,ic_style,合成分(未中性化),-0.3367978419549349,-0.1764058757006814
2021-03-31,ic_style,合成分(未中性化),-0.3534265499281274,-0.21549850735823176
2021-04-01,ic_style,合成分(未中性化),-0.2554817512203178,-0.23500178453225562
2021-04-02,ic_style,合成分(未中性化),-0.1074473410021604,-0.24223490757574234
2021-04-06,ic_style,合成分(未中性化),-0.0454384229096271,-0.23601746026676484
2021-04-07,ic_style,合成分(未中性化),-0.0303102076724304,-0.2238923430251693
2021-04-08,ic_style,合成分(未中性化),0.0433242986870694,-0.21233425740565032
2021-04-09,ic_style,合成分(未中性化),-0.0371310695017454,-0.21408813572625815
2021-04-12,ic_style,合成分(未中性化),-0.0134551122892825,-0.21839045805157045
2021-04-13,ic_style,合成分(未中性化),-0.0814540668695278,-0.21517132457455174
2021-04-14,ic_style,合成分(未中性化),-0.1259170758116004,-0.2075710296168352
2021-04-15,ic_style,合成分(未中性化),-0.1394095245206937,-0.20462051904129433
2021-04-16,ic_style,合成分(未中性化),-0.1877041835458398,-0.20911465722338404
2021-04-19,ic_style,合成分(未中性化),-0.1015317266227341,-0.1987276652320461
2021-04-20,ic_style,合成分(未中性化),-0.0394505945824854,-0.1831877806015833
2021-04-21,ic_style,合成分(未中性化),-0.078266470028189,-0.1701020655158029
2021-04-22,ic_style,合成分(未中性化),-0.1681488620540983,-0.15732505737053798
2021-04-23,ic_style,合成分(未中性化),-0.0873229872438233,-0.13868170461388732
2021-04-26,ic_style,合成分(未中性化),-0.1081682752440868,-0.12882185619975176
2021-04-27,ic_style,合成分(未中性化),-0.046983217279295,-0.11502604907969652
2021-04-28,ic_style,合成分(未中性化),0.0123443537999141,-0.09756893929195405
2021-04-29,ic_style,合成分(未中性化),-0.2560905034816211,-0.09270213696962873
2021-04-30,ic_style,合成分(未中性化),-0.1086769839640076,-0.08536189860681323
2021-05-06,ic_style,合成分(未中性化),-0.1041499430619597,-0.0851970287098032
2021-05-07,ic_style,合成分(未中性化),-0.1865959762961398,-0.09225490637912882
2021-05-10,ic_style,合成分(未中性化),-0.172466257210596,-0.0993627088560371
2021-05-11,ic_style,合成分(未中性化),-0.3738869079843933,-0.12022326918961024
2021-05-12,ic_style,合成分(未中性化),-0.296927627498688,-0.13321309708945736
2021-05-13,ic_style,合成分(未中性化),-0.4668919297328579,-0.15588493796163613
2021-05-14,ic_style,合成分(未中性化),-0.2775869471876341,-0.16569158197754144
2021-05-17,ic_style,合成分(未中性化),-0.1907144323930778,-0.1689314498066153
2021-05-18,ic_style,合成分(未中性化),-0.0722413052812365,-0.16557303884464245
2021-05-19,ic_style,合成分(未中性化),-0.0457044449007784,-0.15847305191238942
2021-05-20,ic_style,合成分(未中性化),-0.0046483842664326,-0.15362888479457432
2021-05-21,ic_style,合成分(未中性化),-0.0374904325424235,-0.15353087669257123
2021-05-24,ic_style,合成分(未中性化),-0.0102535142905146,-0.15013022890568753
2021-05-25,ic_style,合成分(未中性化),0.0459377975245953,-0.13942589592675284
2021-05-26,ic_style,合成分(未中性化),0.1250443369985251,-0.1288075297146354
2021-05-27,ic_style,合成分(未中性化),-0.0387785842713411,-0.12533804516599814
2021-05-28,ic_style,合成分(未中性化),-0.0553256381327011,-0.12575516620866842
2021-05-31,ic_style,合成分(未中性化),-0.0614698198866089,-0.12944587489299458
2021-06-01,ic_style,合成分(未中性化),0.0165353669236656,-0.11581458137273024
2021-06-02,ic_style,合成分(未中性化),0.0052555912296293,-0.1101179526130484
2021-06-03,ic_style,合成分(未中性化),-0.0040191200858452,-0.10511141146424266
2021-06-04,ic_style,合成分(未中性化),-0.141986147692908,-0.10288092003408109
2021-06-07,ic_style,合成分(未中性化),-0.0260901375475563,-0.0955621140509291
2021-06-08,ic_style,合成分(未中性化),0.0343966442298312,-0.07514793644021787
2021-06-09,ic_style,合成分(未中性化),-0.0754511754950736,-0.06407411384003715
2021-06-10,ic_style,合成分(未中性化),-0.0673350041771094,-0.04409626756224972
2021-06-11,ic_style,合成分(未中性化),-0.1804164396271176,-0.03923774218422389
2021-06-15,ic_style,合成分(未中性化),-0.2347984388832778,-0.0414419425087339
2021-06-16,ic_style,合成分(未中性化),-0.2630581428696119,-0.050982784388152666
2021-06-17,ic_style,合成分(未中性化),-0.3602014987718051,-0.06670763708170399
2021-06-18,ic_style,合成分(未中性化),-0.255382236686243,-0.07924432970269452
2021-06-21,ic_style,合成分(未中性化),-0.2170426065162907,-0.08822193840138788
2021-06-22,ic_style,合成分(未中性化),-0.2282846419531415,-0.09912349478451922
2021-06-23,ic_style,合成分(未中性化),-0.3198917692240551,-0.11741497312195175
2021-06-24,ic_style,合成分(未中性化),-0.3752540555368521,-0.1424298927487206
2021-06-25,ic_style,合成分(未中性化),-0.2385328260657497,-0.15241760483844105
2021-06-28,ic_style,合成分(未中性化),-0.1561605650188521,-0.1574593511827486
2021-06-29,ic_style,合成分(未中性化),-0.0226953467954345,-0.15552062752818988
2021-06-30,ic_style,合成分(未中性化),-0.0131554085970713,-0.15700516630422673
2021-07-01,ic_style,合成分(未中性化),0.0005825854196189,-0.15723881659472722
2021-07-02,ic_style,合成分(未中性化),-0.1406117146905999,-0.16406844632496495
2021-07-05,ic_style,合成分(未中性化),-0.2411824909463076,-0.16902826348763494
2021-07-06,ic_style,合成分(未中性化),-0.1174460714848055,-0.1735960601844974
2021-07-07,ic_style,合成分(未中性化),-0.2363131790269249,-0.1871315513473352
2021-07-08,ic_style,合成分(未中性化),-0.1362286807478623,-0.19017042660997466
2021-07-09,ic_style,合成分(未中性化),-0.1567707415867764,-0.194642213480458
2021-07-12,ic_style,合成分(未中性化),-0.0089080459770114,-0.18606679379795268
2021-07-13,ic_style,合成分(未中性化),-0.0105377105967564,-0.1748537573836266
2021-07-14,ic_style,合成分(未中性化),0.1029719729176507,-0.1565522515942635
2021-07-15,ic_style,合成分(未中性化),0.0476027397260273,-0.13616203966937185
2021-07-16,ic_style,合成分(未中性化),0.091690284994489,-0.11880841358533527
2021-07-19,ic_style,合成分(未中性化),0.1871301636851045,-0.0985997750752655
2021-07-20,ic_style,合成分(未中性化),0.196878444339474,-0.07734162076063474
2021-07-21,ic_style,合成分(未中性化),0.2021081346522536,-0.05124162556681929
2021-07-22,ic_style,合成分(未中性化),0.1463116044717367,-0.025163342566389857
2021-07-23,ic_style,合成分(未中性化),0.2241103763186899,-0.00203118244716788
2021-07-26,ic_style,合成分(未中性化),0.1586836718626988,0.013711029396909666
2021-07-27,ic_style,合成分(未中性化),0.2194076038903625,0.02581617693119952
2021-07-28,ic_style,合成分(未中性化),0.2101961257133671,0.03698375364672144
2021-07-29,ic_style,合成分(未中性化),0.2452397769872801,0.0492166132251045
2021-07-30,ic_style,合成分(未中性化),0.245599228357849,0.06852716037752694
2021-08-02,ic_style,合成分(未中性化),0.2616188409291857,0.09366722697130161
2021-08-03,ic_style,合成分(未中性化),0.2640784502853469,0.11274345305980923
2021-08-04,ic_style,合成分(未中性化),0.2859313493937962,0.13885567948084526
2021-08-05,ic_style,合成分(未中性化),0.3037277594079672,0.16085350148863675
2021-08-06,ic_style,合成分(未中性化),0.293469532357109,0.18336551518583105
2021-08-09,ic_style,合成分(未中性化),0.2902731853251456,0.19832457675093887
2021-08-10,ic_style,合成分(未中性化),0.3294756731223429,0.21532524593689387
2021-08-11,ic_style,合成分(未中性化),0.293953708077468,0.22487433269488472
2021-08-12,ic_style,合成分(未中性化),0.3324988190836088,0.23911913666276377
2021-08-13,ic_style,合成分(未中性化),0.361425721762222,0.2526059085011504
2021-08-16,ic_style,合成分(未中性化),0.3947764131632812,0.26298822097505925
2021-08-17,ic_style,合成分(未中性化),0.2599944890568414,0.2661440232109276
2021-08-18,ic_style,合成分(未中性化),0.3658636435207054,0.2743317986543502
2021-08-19,ic_style,合成分(未中性化),0.4285899858290033,0.28844571772221356
2021-08-20,ic_style,合成分(未中性化),0.321917808219178,0.293336089317238
2021-08-23,ic_style,合成分(未中性化),0.3939639367463102,0.3051001025614185
2021-08-24,ic_style,合成分(未中性化),0.4512202802708234,0.31669073638044154
2021-08-25,ic_style,合成分(未中性化),0.432124862226421,0.3277871732060943
2021-08-26,ic_style,合成分(未中性化),0.4252401196661943,0.33678719034003995
2021-08-27,ic_style,合成分(未中性化),0.4661982364981892,0.347817140747057
2021-08-30,ic_style,合成分(未中性化),0.4241103763186899,0.35594171751653214
2021-08-31,ic_style,合成分(未中性化),0.273039947488665,0.3563897923766981
2021-09-01,ic_style,合成分(未中性化),0.2067902692489371,0.35243273836945516
2021-09-02,ic_style,合成分(未中性化),0.2138324673279798,0.3479379737654558
2021-09-03,ic_style,合成分(未中性化),0.0607621445069422,0.33630260437294746
2021-09-06,ic_style,合成分(未中性化),0.1667532672020154,0.3301266084667909
2021-09-07,ic_style,合成分(未中性化),0.1327468115257439,0.320290165386961
2021-09-08,ic_style,合成分(未中性化),0.0154582107721405,0.3063653905216946
2021-09-09,ic_style,合成分(未中性化),-0.0054794520547945,0.28946647696477446
2021-09-10,ic_style,合成分(未中性化),0.0207132735002361,0.27243085455167515
2021-09-13,ic_style,合成分(未中性化),0.0274720516454101,0.25406563647578156
2021-09-14,ic_style,合成分(未中性化),0.0024366241536765,0.24118774323062336
2021-09-15,ic_style,合成分(未中性化),0.0172768068020784,0.223758401394692
2021-09-16,ic_style,合成分(未中性化),-0.1960321209258384,0.1925272960569499
2021-09-17,ic_style,合成分(未中性化),-0.2270036214769327,0.16508122457214439
2021-09-22,ic_style,合成分(未中性化),-0.1003405963043671,0.14036599791961052
2021-09-23,ic_style,合成分(未中性化),-0.0774996063612029,0.1139300035880092
2021-09-24,ic_style,合成分(未中性化),-0.2672400728368347,0.07896175683484641
2021-09-27,ic_style,合成分(未中性化),-0.1802511415525114,0.04868719377391113
2021-09-28,ic_style,合成分(未中性化),-0.0513068808061722,0.022811937908693056
2021-09-29,ic_style,合成分(未中性化),-0.2975436939064714,-0.01327076560256501
2021-09-30,ic_style,合成分(未中性化),-0.1451464336324988,-0.0341800846586232
2021-10-08,ic_style,合成分(未中性化),-0.235899858290033,-0.0563145910355717
2021-10-11,ic_style,合成分(未中性化),-0.1805503070382616,-0.07603372975388378
2021-10-12,ic_style,合成分(未中性化),-0.2203471894189891,-0.09008919645018035
2021-10-13,ic_style,合成分(未中性化),-0.1555503070382616,-0.10620437516219419
2021-10-14,ic_style,合成分(未中性化),0.0059715064276387,-0.11254314041709945
2021-10-15,ic_style,合成分(未中性化),0.0114942528735632,-0.1127413383120283
2021-10-18,ic_style,合成分(未中性化),0.1961344670130687,-0.10266064235863517
2021-10-19,ic_style,合成分(未中性化),0.1148157260302608,-0.09795551973213393
2021-10-20,ic_style,合成分(未中性化),0.1493504959848842,-0.09186159751516022
2021-10-21,ic_style,合成分(未中性化),0.0667139033223114,-0.08864773355672848
2021-10-22,ic_style,合成分(未中性化),-0.0118170366871358,-0.09010242573118918
2021-10-25,ic_style,合成分(未中性化),0.0089552826326562,-0.07985305555326445
2021-10-26,ic_style,合成分(未中性化),-0.0344512675169264,-0.07022543785526413
2021-10-27,ic_style,合成分(未中性化),-0.0604916645461316,-0.06823299126735236
2021-10-28,ic_style,合成分(未中性化),-0.2225948669500865,-0.07548775429679654
2021-10-29,ic_style,合成分(未中性化),-0.033049945923833,-0.06377824795114645
2021-11-01,ic_style,合成分(未中性化),-0.1559439458353015,-0.06256288816528596
2021-11-02,ic_style,合成分(未中性化),-0.0800937648537673,-0.06400223236766572
2021-11-03,ic_style,合成分(未中性化),-0.1412567042335782,-0.05618788288402106
2021-11-04,ic_style,合成分(未中性化),-0.0078314515740192,-0.04932213378109707
2021-11-05,ic_style,合成分(未中性化),-0.0644820347997033,-0.04075124260658059
2021-11-08,ic_style,合成分(未中性化),-0.0673654418255737,-0.035091999345946194
2021-11-09,ic_style,合成分(未中性化),-0.026798929302472,-0.025414586340120338
2021-11-10,ic_style,合成分(未中性化),-0.0737285466855613,-0.021323498322485323
2021-11-11,ic_style,合成分(未中性化),-0.2264061817297565,-0.03294238273035509
2021-11-12,ic_style,合成分(未中性化),-0.2087781451739883,-0.04395600263273266
2021-11-15,ic_style,合成分(未中性化),-0.296454263656534,-0.06858543916621279
2021-11-16,ic_style,合成分(未中性化),-0.235215852685859,-0.08608701810201877
2021-11-17,ic_style,合成分(未中性化),-0.2009742656201239,-0.1036032561822692
2021-11-18,ic_style,合成分(未中性化),-0.2357472671537205,-0.11872631470607078
2021-11-19,ic_style,合成分(未中性化),-0.1500511730436151,-0.12563802152389475
2021-11-22,ic_style,合成分(未中性化),0.1699829454244609,-0.11758663838430453
2021-11-23,ic_style,合成分(未中性化),0.0566879231617068,-0.11302967885037288
2021-11-24,ic_style,合成分(未中性化),0.0922099789501892,-0.10539459667555681
2021-11-25,ic_style,合成分(未中性化),0.0942785528643119,-0.08955092568483689
2021-11-26,ic_style,合成分(未中性化),0.2280940009447331,-0.07649372834140859
2021-11-29,ic_style,合成分(未中性化),0.1315448918897195,-0.06211928645515754
2021-11-30,ic_style,合成分(未中性化),0.1429568995227185,-0.05096675323633325
2021-12-01,ic_style,合成分(未中性化),0.0996945583152479,-0.03891919010889194
2021-12-02,ic_style,合成分(未中性化),0.0952972709041034,-0.03376275398498581
2021-12-03,ic_style,合成分(未中性化),0.0506484824734749,-0.028006228121326904
2021-12-06,ic_style,合成分(未中性化),0.0699534146853619,-0.021140285295780124
2021-12-07,ic_style,合成分(未中性化),0.2462598833590742,-0.007487344662702814
2021-12-08,ic_style,合成分(未中性化),0.4869769128084981,0.02054792831200016
2021-12-09,ic_style,合成分(未中性化),0.5791376819114205,0.06082512149405901
2021-12-10,ic_style,合成分(未中性化),0.5154602664341952,0.09703704207446817
2021-12-13,ic_style,合成分(未中性化),0.5326776698573729,0.13849363875016354
2021-12-14,ic_style,合成分(未中性化),0.6125939787911618,0.18088413032401457
2021-12-15,ic_style,合成分(未中性化),0.5443013559210742,0.21814791140107448
2021-12-16,ic_style,合成分(未中性化),0.4955103581864145,0.2547107926680812
2021-12-17,ic_style,合成分(未中性化),0.354575366245966,0.27994211963256027
2021-12-20,ic_style,合成分(未中性化),0.3105539846786743,0.28697067159527095
2021-12-21,ic_style,合成分(未中性化),0.352806231327358,0.3017765870035535
2021-12-22,ic_style,合成分(未中性化),0.4575659082701336,0.3200443834695507
2021-12-23,ic_style,合成分(未中性化),0.4911520404478151,0.3398880578487259
2021-12-24,ic_style,合成分(未中性化),0.4731852654387866,0.35214262107342853
2021-12-27,ic_style,合成分(未中性化),0.4183373739469334,0.36648224517628925
2021-12-28,ic_style,合成分(未中性化),0.5141794237537423,0.38504337138784045
2021-12-29,ic_style,合成分(未中性化),0.4591089661512196,0.40301409177963904
2021-12-30,ic_style,合成分(未中性化),0.600897928362717,0.42829412465256966
2021-12-31,ic_style,合成分(未中性化),0.6105837246017263,0.4562908867589822
2022-01-04,ic_style,合成分(未中性化),0.5767911207703716,0.48163277206323274
2022-01-05,ic_style,合成分(未中性化),0.434072130071966,0.4910233843988774
2022-01-06,ic_style,合成分(未中性化),0.4874691598493701,0.4910479967509209
2022-01-07,ic_style,合成分(未中性化),0.4728811705930193,0.485735171185001
2022-01-10,ic_style,合成分(未中性化),0.4054907428290242,0.4802366950047423
2022-01-11,ic_style,合成分(未中性化),0.2475071590155755,0.46597816946265247
2022-01-12,ic_style,合成分(未中性化),0.3471148654651822,0.45270421379635345
2022-01-13,ic_style,合成分(未中性化),0.2396802873177695,0.4374731603661883
2022-01-14,ic_style,合成分(未中性化),0.4556942560263349,0.4354823552581843
2022-01-17,ic_style,合成分(未中性化),0.4648131821567944,0.4409942460537257
2022-01-18,ic_style,合成分(未中性化),0.3203240864139312,0.4414827511404885
2022-01-19,ic_style,合成分(未中性化),0.2134160102963604,0.4345132400889387
2022-01-20,ic_style,合成分(未中性化),0.1668072499128615,0.4199753071710751
2022-01-21,ic_style,合成分(未中性化),-0.0776124085047054,0.39153708472344906
2022-01-24,ic_style,合成分(未中性化),-0.0469013593586615,0.3655327534835766
2022-01-25,ic_style,合成分(未中性化),-0.0035866155454862,0.3444365540089557
2022-01-26,ic_style,合成分(未中性化),0.0208017455621534,0.31976767009937623
2022-01-27,ic_style,合成分(未中性化),0.0341343229519064,0.29851893793941053
2022-01-28,ic_style,合成分(未中性化),0.0214497091970284,0.26954652698112613
2022-02-07,ic_style,合成分(未中性化),-0.0226918775858631,0.23788274687174665
2022-02-08,ic_style,合成分(未中性化),-0.0827233647031485,0.20490702259807064
2022-02-09,ic_style,合成分(未中性化),-0.0202741954223306,0.1821897063233558
2022-02-10,ic_style,合成分(未中性化),-0.1753770870495287,0.14904739397841088
2022-02-11,ic_style,合成分(未中性化),-0.2865280653913709,0.11107693217919135
2022-02-14,ic_style,合成分(未中性化),-0.1019963231022628,0.085702578882627
2022-02-15,ic_style,合成分(未中性化),0.0214907154914946,0.07440175670642295
2022-02-16,ic_style,合成分(未中性化),0.0214292060497953,0.05811747373565361
2022-02-17,ic_style,合成分(未中性化),-0.126254963470226,0.03982071119625384
2022-02-18,ic_style,合成分(未中性化),-0.0621450392635269,0.01392874643176075
2022-02-21,ic_style,合成分(未中性化),-0.1125793642657481,-0.014940880889366376
2022-02-22,ic_style,合成分(未中性化),-0.0618101545253863,-0.03404759293633225
2022-02-23,ic_style,合成分(未中性化),0.1060115227687449,-0.03941781731271302
2022-02-24,ic_style,合成分(未中性化),0.1265249215754618,-0.041431933729583016
2022-02-25,ic_style,合成分(未中性化),0.4165556079524873,-0.016723532906723376
2022-02-28,ic_style,合成分(未中性化),0.453898673446374,0.008316468733528402
2022-03-01,ic_style,合成分(未中性化),0.4729700175643627,0.032144300389020844
2022-03-02,ic_style,合成分(未中性化),0.3527258934246406,0.048740507782145205
2022-03-03,ic_style,合成分(未中性化),0.3763591878019943,0.0658517510246496
2022-03-04,ic_style,合成分(未中性化),0.3288226409420512,0.08122039761190074
2022-03-07,ic_style,合成分(未中性化),0.42824581906656,0.1037672824445219
2022-03-08,ic_style,合成分(未中性化),0.4415933679153083,0.12998311907544474
2022-03-09,ic_style,合成分(未中性化),0.4818786350371448,0.1550907605984185
2022-03-10,ic_style,合成分(未中性化),0.562780636827753,0.1919986467922826
2022-03-11,ic_style,合成分(未中性化),0.4250288966479731,0.2275764948942498
2022-03-14,ic_style,合成分(未中性化),0.5093938586239655,0.2581460039805612
2022-03-15,ic_style,合成分(未中性化),0.4328795303412407,0.27871544472304854
2022-03-16,ic_style,合成分(未中性化),0.4101757119717876,0.29815277001914814
2022-03-17,ic_style,合成分(未中性化),0.4045578496299182,0.32469341067415536
2022-03-18,ic_style,合成分(未中性化),0.4287686493210041,0.34923909510338186
2022-03-21,ic_style,合成分(未中性化),0.4966276565482514,0.37969944614408185
2022-03-22,ic_style,合成分(未中性化),0.3025959569468816,0.3979197517176952
2022-03-23,ic_style,合成分(未中性化),0.4610406030659039,0.41567120573255323
2022-03-24,ic_style,合成分(未中性化),0.5022997696813126,0.4344599481378458
2022-03-25,ic_style,合成分(未中性化),0.4533006649854085,0.43629720098949176
2022-03-28,ic_style,合成分(未中性化),0.2666502641488801,0.4269347805246171
2022-03-29,ic_style,合成分(未中性化),0.2885783801146809,0.4177151986521331
2022-03-30,ic_style,合成分(未中性化),0.247298710352039,0.412443839498503
2022-03-31,ic_style,合成分(未中性化),0.111024542267238,0.3991771072217651
2022-04-01,ic_style,合成分(未中性化),0.2236073237241916,0.3939163413608721
2022-04-06,ic_style,合成分(未中性化),0.1385090111332089,0.3794295009642046
2022-04-07,ic_style,合成分(未中性化),0.0133714691871869,0.35801840602779855
2022-04-08,ic_style,合成分(未中性化),-0.1072499128616242,0.3285619786328601
2022-04-11,ic_style,合成分(未中性化),-0.2656558615080748,0.28714015371606866
2022-04-12,ic_style,合成分(未中性化),-0.190874049166547,0.25634500642534264
2022-04-13,ic_style,合成分(未中性化),-0.2331344528051722,0.21921859085388581
2022-04-14,ic_style,合成分(未中性化),-0.2055652566160506,0.18729635150602125
2022-04-15,ic_style,合成分(未中性化),-0.2591939529384426,0.1538278682605097
2022-04-18,ic_style,合成分(未中性化),-0.1940214480189952,0.12389890337806404
2022-04-19,ic_style,合成分(未中性化),-0.3767261146083498,0.08362416518159635
2022-04-20,ic_style,合成分(未中性化),-0.3062315898823802,0.043481202860064766
2022-04-21,ic_style,合成分(未中性化),-0.2471802021610317,0.015992394904669104
2022-04-22,ic_style,合成分(未中性化),-0.3834158243290344,-0.026230426465077818
2022-04-25,ic_style,合成分(未中性化),-0.3704078075984663,-0.06986580532906675
2022-04-26,ic_style,合成分(未中性化),-0.4180693778926106,-0.11343430747296772
2022-04-27,ic_style,合成分(未中性化),-0.4947821540606482,-0.15150592838344415
2022-04-28,ic_style,合成分(未中性化),-0.5565166926777058,-0.19376068202306346
2022-04-29,ic_style,合成分(未中性化),-0.497573794244083,-0.23100430725286958
2022-05-05,ic_style,合成分(未中性化),-0.5360261962103565,-0.2633568441767493
2022-05-06,ic_style,合成分(未中性化),-0.631062951496388,-0.3060903579377783
2022-05-09,ic_style,合成分(未中性化),-0.5614514997931946,-0.3410883834840984
2022-05-10,ic_style,合成分(未中性化),-0.5608253342034425,-0.3697982236536299
2022-05-11,ic_style,合成分(未中性化),-0.4004025451240098,-0.3844558552667492
2022-05-12,ic_style,合成分(未中性化),-0.3346831238595124,-0.387907218384321
2022-05-13,ic_style,合成分(未中性化),-0.3898823457070231,-0.39785763321134493
2022-05-16,ic_style,合成分(未中性化),-0.2811425720514765,-0.40025803917366004
2022-05-17,ic_style,合成分(未中性化),-0.2109773850286018,-0.40052864559428764
2022-05-18,ic_style,合成分(未中性化),-0.2371154805595992,-0.3994247219753455
2022-05-19,ic_style,合成分(未中性化),-0.2153411381980467,-0.400490706484298
2022-05-20,ic_style,合成分(未中性化),-0.2757536615203767,-0.3954420838298994
2022-05-23,ic_style,合成分(未中性化),-0.1587148627314292,-0.38806624747235186
2022-05-24,ic_style,合成分(未中性化),-0.2844640819032388,-0.3899304414594622
2022-05-25,ic_style,合成分(未中性化),-0.1601261626993076,-0.3787659583779759
2022-05-26,ic_style,合成分(未中性化),-0.3090131835236708,-0.3756962271742361
2022-05-27,ic_style,合成分(未中性化),-0.3408853258975252,-0.37183702457448187
2022-05-30,ic_style,合成分(未中性化),-0.3365933337433962,-0.3639275835586192
2022-05-31,ic_style,合成分(未中性化),-0.2697462393810783,-0.34958906089378783
2022-06-01,ic_style,合成分(未中性化),-0.2413493804632344,-0.33677784020474544
2022-06-02,ic_style,合成分(未中性化),-0.1816596293168585,-0.31905951186007053
2022-06-06,ic_style,合成分(未中性化),-0.0986230499133294,-0.29243751678091756
2022-06-07,ic_style,合成分(未中性化),-0.1267416329614649,-0.2707020234393311
2022-06-08,ic_style,合成分(未中性化),-0.0673666095085465,-0.24602908720458627
2022-06-09,ic_style,合成分(未中性化),-0.1314173963287257,-0.2325798297648221
2022-06-10,ic_style,合成分(未中性化),-0.1831565847370994,-0.22500350280870146
2022-06-13,ic_style,合成分(未中性化),-0.008471487621672,-0.2059329599044339
2022-06-14,ic_style,合成分(未中性化),-8.000355571358727e-05,-0.19187983147964577
2022-06-15,ic_style,合成分(未中性化),-0.0967705231343615,-0.18616948838493372
2022-06-16,ic_style,合成分(未中性化),-0.1905844704209076,-0.18384293787799916
2022-06-17,ic_style,合成分(未中性化),-0.119448864393973,-0.17904832418779545
2022-06-20,ic_style,合成分(未中性化),-0.0039166185163785,-0.16545647203759556
2022-06-21,ic_style,合成分(未中性化),-0.0334219595732916,-0.15919182687968866
2022-06-22,ic_style,合成分(未中性化),-0.0690608471487621,-0.14842166514196484
2022-06-23,ic_style,合成分(未中性化),0.0207778123472154,-0.1393764663896387
2022-06-24,ic_style,合成分(未中性化),0.1352239079283239,-0.11716461181703897
2022-06-27,ic_style,合成分(未中性化),0.2308600382239211,-0.08857734361096663
2022-06-28,ic_style,合成分(未中性化),0.341126272278768,-0.05469136330985842
2022-06-29,ic_style,合成分(未中性化),0.1920423129916885,-0.031601935691220086
2022-06-30,ic_style,合成分(未中性化),0.2652747704319514,-0.006270728146460796
2022-07-01,ic_style,合成分(未中性化),0.1171753251884749,0.008671019578805873
2022-07-04,ic_style,合成分(未中性化),0.061282420066065,0.016666293077775594
2022-07-05,ic_style,合成分(未中性化),0.1736783044364716,0.03168728994767241
2022-07-06,ic_style,合成分(未中性化),-0.025796968595407,0.0337657719933294
2022-07-07,ic_style,合成分(未中性化),0.0017764852776153,0.04042546607364644
2022-07-08,ic_style,合成分(未中性化),-0.144900621849409,0.04233826421803096
2022-07-11,ic_style,合成分(未中性化),-0.2268432615258175,0.03141967552282369
2022-07-12,ic_style,合成分(未中性化),-0.3101958243112958,0.01591388448504458
2022-07-13,ic_style,合成分(未中性化),-0.2135670370311833,0.010074058790203488
2022-07-14,ic_style,合成分(未中性化),-0.2591392581119311,0.006646319405652315
2022-07-15,ic_style,合成分(未中性化),-0.1128479082043906,0.0069763672151314324
2022-07-18,ic_style,合成分(未中性化),-0.2308658238892344,-0.0043710930535113615
2022-07-19,ic_style,合成分(未中性化),-0.2304886298272324,-0.014224426566208401
2022-07-20,ic_style,合成分(未中性化),-0.0549637431487728,-0.013519571366208936
2022-07-21,ic_style,合成分(未中性化),0.030522768797133,-0.013032323543713054
2022-07-22,ic_style,合成分(未中性化),0.0981271040445069,-0.014887163737903908
2022-07-25,ic_style,合成分(未中性化),0.0010146836739454,-0.02637943146540269
2022-07-26,ic_style,合成分(未中性化),0.0453762387191604,-0.04116693314338307
2022-07-27,ic_style,合成分(未中性化),0.1979421852033316,-0.04087193953280092
2022-07-28,ic_style,合成分(未中性化),0.1550726241089914,-0.046382046848948914
2022-07-29,ic_style,合成分(未中性化),0.1432762032413892,-0.0450770029463032
2022-08-01,ic_style,合成分(未中性化),0.2331828429951598,-0.03648198179984846
2022-08-02,ic_style,合成分(未中性化),0.2779914968943117,-0.03126632217695646
2022-08-03,ic_style,合成分(未中性化),0.4062271814891497,-0.009665114672728622
2022-08-04,ic_style,合成分(未中性化),0.3978410330167058,0.010138112714225902
2022-08-05,ic_style,合成分(未中性化),0.4869833628230589,0.04173231194784929
2022-08-08,ic_style,合成分(未中性化),0.3551484882489608,0.07083189943658821
2022-08-09,ic_style,合成分(未中性化),0.3305558628755669,0.10286948379593135
2022-08-10,ic_style,合成分(未中性化),0.2564176320905312,0.12636871725201707
2022-08-11,ic_style,合成分(未中性化),0.3290733511403328,0.15577934771463026
2022-08-12,ic_style,合成分(未中性化),0.0976388058026934,0.16630368341498444
2022-08-15,ic_style,合成分(未中性化),0.2431589852847919,0.19000492387368578
2022-08-16,ic_style,合成分(未中性化),0.2931810566658344,0.21618840819833912
2022-08-17,ic_style,合成分(未中性化),0.2594566723598981,0.23190942897377265
2022-08-18,ic_style,合成分(未中性化),0.3660371886178338,0.24868514996480767
2022-08-19,ic_style,合成分(未中性化),0.2000580065096193,0.2537816950880633
2022-08-22,ic_style,合成分(未中性化),0.2834271645374664,0.26790231913123935
2022-08-23,ic_style,合成分(未中性化),0.3337211175920853,0.2823195630748856
2022-08-24,ic_style,合成分(未中性化),0.2520157262092746,0.28502324012518276
2022-08-25,ic_style,合成分(未中性化),0.3272210017227481,0.2936306590058706
2022-08-26,ic_style,合成分(未中性化),0.3159292245299809,0.30226331007030016
2022-08-29,ic_style,合成分(未中性化),0.3060422626479745,0.3059062810529409
2022-08-30,ic_style,合成分(未中性化),0.2867034555353707,0.3063418789849939
2022-08-31,ic_style,合成分(未中性化),0.2691772448494185,0.2994893821530073
2022-09-01,ic_style,合成分(未中性化),0.4047541527714118,0.2998350381407426
2022-09-02,ic_style,合成分(未中性化),0.5139005231464651,0.30118089615691296
2022-09-05,ic_style,合成分(未中性化),0.4174708792337721,0.3042970157061535
2022-09-06,ic_style,合成分(未中性化),0.4856411310078867,0.3120512791127695
2022-09-07,ic_style,合成分(未中性化),0.5109291776643327,0.3247768563914596
2022-09-08,ic_style,合成分(未中性化),0.2456867939093177,0.3206075285299088
2022-09-09,ic_style,合成分(未中性化),0.2606725519374239,0.3287592158366453
2022-09-13,ic_style,合成分(未中性化),0.2401005199854593,0.32860629257167867
2022-09-14,ic_style,合成分(未中性化),0.251989062919821,0.326546692884378
2022-09-15,ic_style,合成分(未中性化),0.0890550173065069,0.31802661013170846
2022-09-16,ic_style,合成分(未中性化),0.1696704172060141,0.3082082715611175
2022-09-19,ic_style,合成分(未中性化),0.1005642395410219,0.3032335832126876
2022-09-20,ic_style,合成分(未中性化),0.1677166474372145,0.29744805735767504
2022-09-21,ic_style,合成分(未中性化),-0.1316986705589627,0.27417706795012264
2022-09-22,ic_style,合成分(未中性化),-0.0927533941300121,0.25693861193315826
2022-09-23,ic_style,合成分(未中性化),-0.0546569518420761,0.23784471425491707
2022-09-26,ic_style,合成分(未中性化),-0.0296202285567165,0.22056724160058222
2022-09-27,ic_style,合成分(未中性化),-0.2353874602898642,0.1934957554536903
2022-09-28,ic_style,合成分(未中性化),-0.2652336773561347,0.165898898809115
2022-09-29,ic_style,合成分(未中性化),-0.3139163281756255,0.1367442201578628
2022-09-30,ic_style,合成分(未中性化),-0.434018744764584,0.094805575281063
2022-10-10,ic_style,合成分(未中性化),-0.565766306838836,0.040822233781797945
2022-10-11,ic_style,合成分(未中性化),-0.4566136144521187,-0.0028819909024965923
2022-10-12,ic_style,合成分(未中性化),-0.5399472112026046,-0.05416140801302116
2022-10-13,ic_style,合成分(未中性化),-0.4622184430612963,-0.1028187890493026
2022-10-14,ic_style,合成分(未中性化),-0.3467370517298604,-0.1324399813312615
2022-10-17,ic_style,合成分(未中性化),-0.3128994733763269,-0.16111858259694906
2022-10-18,ic_style,合成分(未中性化),-0.3114697096616143,-0.18869709407930274
2022-10-19,ic_style,合成分(未中性化),-0.3484861895236057,-0.21872085670147406
2022-10-20,ic_style,合成分(未中性化),-0.3889586066286291,-0.24262153789823088
2022-10-21,ic_style,合成分(未中性化),-0.1952033279096308,-0.2608652251540131
2022-10-24,ic_style,合成分(未中性化),-0.2760348342842692,-0.2796951788452776
2022-10-25,ic_style,合成分(未中性化),-0.0669817135812615,-0.2914300968962015
2022-10-26,ic_style,合成分(未中性化),-0.0050014501627404,-0.28509523587639035
2022-10-27,ic_style,合成分(未中性化),0.0404672286412769,-0.2784342047378259
2022-10-28,ic_style,合成分(未中性化),0.1010352294099982,-0.2706495956752222
2022-10-31,ic_style,合成分(未中性化),0.1032258064516128,-0.26400729392480576
2022-11-01,ic_style,合成分(未中性化),0.1265034533988715,-0.24591274824036896
2022-11-02,ic_style,合成分(未中性化),0.2697001785968295,-0.21916605544272075
2022-11-03,ic_style,合成分(未中性化),0.2317080495013513,-0.1918848365588719
2022-11-04,ic_style,合成分(未中性化),0.2853914115471542,-0.15591432874328498
2022-11-07,ic_style,合成分(未中性化),0.189970128494887,-0.11812750697659882
2022-11-08,ic_style,合成分(未中性化),0.1814733448183211,-0.08622315901307684
2022-11-09,ic_style,合成分(未中性化),0.0220416936669248,-0.05812371376960036
2022-11-10,ic_style,合成分(未中性化),0.0605364226896998,-0.03198597048205056
2022-11-11,ic_style,合成分(未中性化),0.0516508352957911,-0.012066576130767987
2022-11-14,ic_style,合成分(未中性化),0.0715620110319103,0.007156498089643873
2022-11-15,ic_style,合成分(未中性化),0.2931042657773703,0.037385196861593105
2022-11-16,ic_style,合成分(未中性化),0.2387887025651562,0.06674894146603119
2022-11-17,ic_style,合成分(未中性化),0.2743834255690079,0.09991604307591304
2022-11-18,ic_style,合成分(未中性化),0.3005610785351899,0.12470426339815407
2022-11-21,ic_style,合成分(未中性化),0.4343885824469345,0.16022543423471428
2022-11-22,ic_style,合成分(未中性化),0.2111773166221491,0.1741333857448848
2022-11-23,ic_style,合成分(未中性化),0.280556874837592,0.18841130199490141
2022-11-24,ic_style,合成分(未中性化),0.2383840938186531,0.19830714525377022
2022-11-25,ic_style,合成分(未中性化),0.1335432244524821,0.1999325450058944
2022-11-28,ic_style,合成分(未中性化),-0.0617472831072077,0.1916838905279534
2022-11-29,ic_style,合成分(未中性化),-0.1393845521644987,0.1783894902497849
2022-11-30,ic_style,合成分(未中性化),0.0319229978979311,0.16650063121484
2022-12-01,ic_style,合成分(未中性化),-0.0083640478704654,0.15449702634624912
2022-12-02,ic_style,合成分(未中性化),0.0458298535693116,0.142518948447357
2022-12-05,ic_style,合成分(未中性化),-0.0100652701271896,0.13251717851625316
2022-12-06,ic_style,合成分(未中性化),0.076990669346077,0.12729304474264097
2022-12-07,ic_style,合成分(未中性化),0.0092041601329527,0.12665116806594237
2022-12-08,ic_style,合成分(未中性化),-0.0467462496031767,0.12128703445129856
2022-12-09,ic_style,合成分(未中性化),-0.0387331966279334,0.11676783285511232
2022-12-12,ic_style,合成分(未中性化),0.0091840563976786,0.11364893512340073
2022-12-13,ic_style,合成分(未中性化),0.0689089032742283,0.10243916699824362
2022-12-14,ic_style,合成分(未中性化),-0.0255116400627236,0.08922414986684965
2022-12-15,ic_style,合成分(未中性化),0.1227938207717214,0.08164466962698531
2022-12-16,ic_style,合成分(未中性化),-0.1141006611049162,0.06091158264498001
2022-12-19,ic_style,合成分(未中性化),-0.1983468028359669,0.02927481338083494
2022-12-20,ic_style,合成分(未中性化),-0.0655214787650159,0.01543987361147669
2022-12-21,ic_style,合成分(未中性化),-0.1908080619397271,-0.008128373227389265
2022-12-22,ic_style,合成分(未中性化),-0.2149290338144827,-0.030794029609046057
2022-12-23,ic_style,合成分(未中性化),-0.2569290874244434,-0.050317645202892336
2022-12-26,ic_style,合成分(未中性化),-0.2107474568774878,-0.05776765389140635
2022-12-27,ic_style,合成分(未中性化),-0.2665219197726937,-0.06412452227181609
2022-12-28,ic_style,合成分(未中性化),-0.2936495438128602,-0.08040314935735565
2022-12-29,ic_style,合成分(未中性化),-0.3649051856001823,-0.0982302062438415
2022-12-30,ic_style,合成分(未中性化),-0.2354727398205659,-0.11229533591333536
2023-01-03,ic_style,合成分(未中性化),-0.2513631896733954,-0.12436023189064564
2023-01-04,ic_style,合成分(未中性化),-0.1625317478518276,-0.1363363527505409
2023-01-05,ic_style,合成分(未中性化),-0.2749884978145848,-0.15054598564791777
2023-01-06,ic_style,合成分(未中性化),-0.1997354497354497,-0.15819544565453142
2023-01-09,ic_style,合成分(未中性化),-0.2335007864651547,-0.1679338251463925
2023-01-10,ic_style,合成分(未中性化),-0.1806517472710821,-0.17742561532983053
2023-01-11,ic_style,合成分(未中性化),-0.1592661552991127,-0.1888343682584976
2023-01-12,ic_style,合成分(未中性化),-0.1283960202438463,-0.19397858726755368
2023-01-13,ic_style,合成分(未中性化),-0.1146882907752473,-0.20585269284490212
2023-01-16,ic_style,合成分(未中性化),0.0575024657883266,-0.19727253650024
2023-01-17,ic_style,合成分(未中性化),0.1663359788359788,-0.1790383974166427
2023-01-18,ic_style,合成分(未中性化),0.0330860601320393,-0.17410802047178994
2023-01-19,ic_style,合成分(未中性化),0.1978247913969853,-0.15467637780495433
2023-01-20,ic_style,合成分(未中性化),0.09412245091621,-0.1392238035684197
2023-01-30,ic_style,合成分(未中性化),0.1030915087751811,-0.12122277375843846
2023-01-31,ic_style,合成分(未中性化),-0.0446198527720266,-0.1129163935531654
2023-02-01,ic_style,合成分(未中性化),0.1140556705774097,-0.09388751403566023
2023-02-02,ic_style,合成分(未中性化),0.137425235794801,-0.07233377505527719
2023-02-03,ic_style,合成分(未中性化),0.2698297676558546,-0.04059702739247533
2023-02-06,ic_style,合成分(未中性化),0.1482487922705314,-0.021410950787920466
2023-02-07,ic_style,合成分(未中性化),0.2714544513457557,0.004729931263037085
2023-02-08,ic_style,合成分(未中性化),0.29110102111065,0.027411569711160967
2023-02-09,ic_style,合成分(未中性化),0.3366545893719807,0.057993724070489236
2023-02-10,ic_style,合成分(未中性化),0.2184439113497742,0.07890269212475044
2023-02-13,ic_style,合成分(未中性化),0.343049804462848,0.10773022167115057
2023-02-14,ic_style,合成分(未中性化),0.3605072463768116,0.13478817135354523
2023-02-15,ic_style,合成分(未中性化),0.3584368530020704,0.1606733217686044
2023-02-16,ic_style,合成分(未中性化),0.408249942489073,0.18750561990525036
2023-02-17,ic_style,合成分(未中性化),0.4578031241397003,0.21613019065099776
2023-02-20,ic_style,合成分(未中性化),0.3222972181226521,0.22936992826771405
2023-02-21,ic_style,合成分(未中性化),0.3170606165171383,0.23690616015177204
2023-02-22,ic_style,合成分(未中性化),0.2825483091787439,0.24937927260410722
2023-02-23,ic_style,合成分(未中性化),0.3397561103607606,0.256475838552296
2023-02-24,ic_style,合成分(未中性化),0.0862405106970324,0.2560817415413371
2023-02-27,ic_style,合成分(未中性化),0.2216558989360325,0.2620099610493797
2023-02-28,ic_style,合成分(未中性化),0.1038506551955501,0.2694334864477585
2023-03-01,ic_style,合成分(未中性化),0.0664711295146077,0.2670542593946184
2023-03-02,ic_style,合成分(未中性化),-0.0014550264550264,0.26011024628212703
2023-03-03,ic_style,合成分(未中性化),-0.013558201058201,0.24594084784642428
2023-03-06,ic_style,合成分(未中性化),-0.0252099148838279,0.23726791248870632
2023-03-07,ic_style,合成分(未中性化),-0.0187313089487002,0.2227586244739835
2023-03-08,ic_style,合成分(未中性化),-0.0588394294916034,0.20526160194387083
2023-03-09,ic_style,合成分(未中性化),-0.1351046698872786,0.18167363898090788
2023-03-10,ic_style,合成分(未中性化),0.0309093366384319,0.17229691024534077
2023-03-13,ic_style,合成分(未中性化),0.1255349418672266,0.1614211671155597
2023-03-14,ic_style,合成分(未中性化),0.0944875776397515,0.1481201836787067
2023-03-15,ic_style,合成分(未中性化),0.0932108350586611,0.13485888278153624
2023-03-16,ic_style,合成分(未中性化),0.0688036922298391,0.11788657026857452
2023-03-17,ic_style,合成分(未中性化),-0.0117868645042558,0.09440707083637673
2023-03-20,ic_style,合成分(未中性化),0.0182855992638601,0.07920648989343712
2023-03-21,ic_style,合成分(未中性化),0.31256038647343,0.07898147839125172
2023-03-22,ic_style,合成分(未中性化),0.221523464458247,0.07593023615522687
2023-03-23,ic_style,合成分(未中性化),0.2757677708764665,0.07273081918101217
2023-03-24,ic_style,合成分(未中性化),0.5112232574189096,0.09397995651710603
2023-03-27,ic_style,合成分(未中性化),0.5161519438693353,0.10870475876377117
2023-03-28,ic_style,合成分(未中性化),0.4241114561766736,0.12471779881282734
2023-03-29,ic_style,合成分(未中性化),0.4677536231884058,0.14478192349651725
2023-03-30,ic_style,合成分(未中性化),0.5055296756383714,0.17013115860118713
2023-03-31,ic_style,合成分(未中性化),0.4083707154359328,0.19122760442589382
2023-04-03,ic_style,合成分(未中性化),0.5231136415919024,0.21864378224968034
2023-04-04,ic_style,合成分(未中性化),0.4038474810213941,0.23977272174818504
2023-04-06,ic_style,合成分(未中性化),0.5932999769956293,0.27237969207254664
2023-04-07,ic_style,合成分(未中性化),0.5570105820105821,0.3069854546674397
2023-04-10,ic_style,合成分(未中性化),0.4262048539222453,0.32675023053163044
2023-04-11,ic_style,合成分(未中性化),0.5333218311479181,0.34713957499566495
2023-04-12,ic_style,合成分(未中性化),0.5479641131815045,0.3698134017727526
2023-04-13,ic_style,合成分(未中性化),0.3639579020013803,0.3833507551198886
2023-04-14,ic_style,合成分(未中性化),0.5321198527720267,0.40651656314699797
2023-04-17,ic_style,合成分(未中性化),0.4051213480561306,0.4273619737750173
2023-04-18,ic_style,合成分(未中性化),0.4134549786168099,0.4471204427426647
2023-04-19,ic_style,合成分(未中性化),0.3833439489076152,0.45065962086437406
2023-04-20,ic_style,合成分(未中性化),0.4743184955141477,0.46329937241716906
2023-04-21,ic_style,合成分(未中性化),0.22255291005291,0.4606386293759913
2023-04-24,ic_style,合成分(未中性化),0.1619306418219462,0.44317399859614304
2023-04-25,ic_style,合成分(未中性化),0.1085806303197607,0.4227954329186643
2023-04-26,ic_style,合成分(未中性化),0.1893678034908209,0.4110582502843717
2023-04-27,ic_style,合成分(未中性化),0.1623562226823096,0.3957883802590669
2023-04-28,ic_style,合成分(未中性化),0.1511157119852772,0.37806768207641217
2023-05-04,ic_style,合成分(未中性化),-0.124700943179204,0.35141409914565536
2023-05-05,ic_style,合成分(未中性化),-0.0936536691971474,0.32057573360620284
2023-05-08,ic_style,合成分(未中性化),-0.2376984126984127,0.2884984389202125
2023-05-09,ic_style,合成分(未中性化),-0.1276023694501955,0.2524533215979213
2023-05-10,ic_style,合成分(未中性化),0.015527950310559,0.22537919001292014
2023-05-11,ic_style,合成分(未中性化),0.2030308258569128,0.21422048860965348
2023-05-12,ic_style,合成分(未中性化),0.0380190634482668,0.18945535022467092
2023-05-15,ic_style,合成分(未中性化),0.0123878536922015,0.16267653725020578
2023-05-16,ic_style,合成分(未中性化),-0.1233666896710374,0.1383103076665849
2023-05-17,ic_style,合成分(未中性化),-0.168564648439088,0.10327608260602913
2023-05-18,ic_style,合成分(未中性化),-0.3073786519438694,0.06765108260602916
2023-05-19,ic_style,合成分(未中性化),-0.3371523012655441,0.030120718611911457
2023-05-22,ic_style,合成分(未中性化),-0.3296583850931677,-0.005529398088127688
2023-05-23,ic_style,合成分(未中性化),-0.3779416839199448,-0.04814240705983232
2023-05-24,ic_style,合成分(未中性化),-0.125107384537232,-0.06552542178933941
2023-05-25,ic_style,合成分(未中性化),-0.0073240218282899,-0.07398815497185121
2023-05-26,ic_style,合成分(未中性化),-0.022360264521705,-0.0805351997139245
2023-05-29,ic_style,合成分(未中性化),0.0450224292615597,-0.08775246842538756
2023-05-30,ic_style,合成分(未中性化),0.0950972618309293,-0.09111541646795658
2023-05-31,ic_style,合成分(未中性化),0.1357861743731309,-0.09188189334856389
2023-06-01,ic_style,合成分(未中性化),0.0591988727858293,-0.08268690255031222
2023-06-02,ic_style,合成分(未中性化),-0.0572435012652404,-0.08086639415371687
2023-06-05,ic_style,合成分(未中性化),-0.0790257648953301,-0.07293276176356275
2023-06-06,ic_style,合成分(未中性化),-0.1136530940878767,-0.07223529799544681
2023-06-07,ic_style,合成分(未中性化),-0.117586841499885,-0.078891037585969
2023-06-08,ic_style,合成分(未中性化),-0.2837102338612375,-0.10322809057187651
2023-06-09,ic_style,合成分(未中性化),-0.2010725787899701,-0.11518267268378837
2023-06-12,ic_style,合成分(未中性化),-0.1576806976655986,-0.12368610025167837
2023-06-13,ic_style,合成分(未中性化),-0.0574246606855302,-0.12038899880240302
2023-06-14,ic_style,合成分(未中性化),-0.0028410479671384,-0.11210281877880553
2023-06-15,ic_style,合成分(未中性化),0.0941683919944789,-0.09202546658188812
2023-06-16,ic_style,合成分(未中性化),0.1956354831946298,-0.06538607735887943
2023-06-19,ic_style,合成分(未中性化),0.3705601564297217,-0.030375150282734957
2023-06-20,ic_style,合成分(未中性化),0.4314142162801727,0.010092644727270917
2023-06-21,ic_style,合成分(未中性化),0.294873112831564,0.031091669595710712
2023-06-26,ic_style,合成分(未中性化),0.310576259489303,0.04698668366159035
2023-06-27,ic_style,合成分(未中性化),0.2434552564987347,0.06027745971261235
2023-06-28,ic_style,合成分(未中性化),0.1988526570048309,0.0679689710997759
2023-06-29,ic_style,合成分(未中性化),0.2915085116172072,0.0777895335890898
2023-06-30,ic_style,合成分(未中性化),0.1523055438177002,0.07861550206131826
2023-07-03,ic_style,合成分(未中性化),0.0784446597338885,0.07957779140872123
2023-07-04,ic_style,合成分(未中性化),0.285338101765488,0.09670687156025765
2023-07-05,ic_style,合成分(未中性化),0.1686695455904027,0.10909163708454428
2023-07-06,ic_style,合成分(未中性化),0.1503009471590382,0.12228933914689004
2023-07-07,ic_style,合成分(未中性化),0.075494449998454,0.131943403721807
2023-07-10,ic_style,合成分(未中性化),0.2055716450060292,0.15640749766517031
2023-07-11,ic_style,合成分(未中性化),0.1168283055232048,0.17230254188082905
2023-07-12,ic_style,合成分(未中性化),0.1360884083811722,0.1869909971831676
2023-07-13,ic_style,合成分(未中性化),0.1060827219263584,0.19516636631376202
2023-07-14,ic_style,合成分(未中性化),0.1855441927103583,0.20458562834763688
2023-07-17,ic_style,合成分(未中性化),0.1654513692065095,0.2081497772082384
2023-07-18,ic_style,合成分(未中性化),0.2435559174250466,0.21054579891975922
2023-07-19,ic_style,合成分(未中性化),0.2054247786698547,0.20228903003176585
2023-07-20,ic_style,合成分(未中性化),0.1449095000035729,0.1879637942179359
2023-07-21,ic_style,合成分(未中性化),0.2356431714883486,0.18500229715077512
2023-07-24,ic_style,合成分(未中性化),0.3103388747462047,0.1849904279136202
2023-07-25,ic_style,合成分(未中性化),0.3226938910651126,0.18895235964193907
2023-07-26,ic_style,合成分(未中性化),0.5053541797643956,0.20427743577991736
2023-07-27,ic_style,合成分(未中性化),0.342713883764313,0.20683770438727261
2023-07-28,ic_style,合成分(未中性化),0.4085692642254218,0.2196508904076587
2023-07-31,ic_style,合成分(未中性化),0.4859655598220832,0.2400269354120684
2023-08-01,ic_style,合成分(未中性化),0.2365105028892154,0.2375855554682548
2023-08-02,ic_style,合成分(未中性化),0.1929746359260824,0.23880080998503878
2023-08-03,ic_style,合成分(未中性化),0.2418064044028982,0.24337608284723178
2023-08-04,ic_style,合成分(未中性化),0.2635065497232729,0.2527766878334728
2023-08-07,ic_style,合成分(未中性化),0.2321520247921323,0.2541057068227779
2023-08-08,ic_style,合成分(未中性化),0.2002020056272996,0.2582743918279826
2023-08-09,ic_style,合成分(未中性化),0.1736785725098609,0.2601539000344171
2023-08-10,ic_style,合成分(未中性化),0.2045513104599751,0.2650773294610979
2023-08-11,ic_style,合成分(未中性化),0.0858241595434967,0.2600913278027548
2023-08-14,ic_style,合成分(未中性化),0.24399651643357,0.26401858516410787
2023-08-15,ic_style,合成分(未中性化),0.1721531120203654,0.2604484448938738
2023-08-16,ic_style,合成分(未中性化),0.2098719943933132,0.26067080568004675
2023-08-17,ic_style,合成分(未中性化),0.2653385140218702,0.2666922563809616
2023-08-18,ic_style,合成分(未中性化),0.1967158625949478,0.26474589093629153
2023-08-21,ic_style,合成分(未中性化),0.1669767178208127,0.25757778309002194
2023-08-22,ic_style,合成分(未中性化),0.2046583712899742,0.25167600710126503
2023-08-23,ic_style,合成分(未中性化),0.142674204087522,0.2335420083174214
2023-08-24,ic_style,合成分(未中性化),0.3471507930782153,0.23376385378311645
2023-08-25,ic_style,合成分(未中性化),0.1322466942191349,0.2199477252828021
2023-08-28,ic_style,合成分(未中性化),0.2020365465282859,0.2057512746181122
2023-08-29,ic_style,合成分(未中性化),0.4434245327715541,0.2160969761122292
2023-08-30,ic_style,合成分(未中性化),0.5226448067580255,0.23258048465382633
2023-08-31,ic_style,合成分(未中性化),0.4700057715893515,0.243990453013149
2023-09-01,ic_style,合成分(未中性化),0.4478057654055056,0.25320541379726064
2023-09-04,ic_style,合成分(未中性化),0.4484962948457646,0.26402262729994225
2023-09-05,ic_style,合成分(未中性化),0.3198970376686169,0.2700073789020081
2023-09-06,ic_style,合成分(未中性化),0.409494264483082,0.28179816350066916
2023-09-07,ic_style,合成分(未中性化),0.3895178661609655,0.2910464912857187
2023-09-08,ic_style,合成分(未中性化),0.392367588403228,0.3063736627287053
2023-09-11,ic_style,合成分(未中性化),0.4088552670906037,0.3146166002615569
2023-09-12,ic_style,合成分(未中性化),0.46274421391019,0.3291461553560482
2023-09-13,ic_style,合成分(未中性化),0.3748946007907087,0.3373972856759179
2023-09-14,ic_style,合成分(未中性化),0.2431502591742101,0.3362878729335349
2023-09-15,ic_style,合成分(未中性化),0.3342780875426427,0.3431659841809197
2023-09-18,ic_style,合成分(未中性化),0.3117585826625578,0.35040507742300697
2023-09-19,ic_style,合成分(未中性化),0.2885021694992116,0.35459726733346886
2023-09-20,ic_style,合成分(未中性化),0.2429555690684036,0.3596113355825129
2023-09-21,ic_style,合成分(未中性化),0.0971482164758263,0.3471112067523935
2023-09-22,ic_style,合成分(未中性化),0.0283529326888391,0.3419165186758787
2023-09-25,ic_style,合成分(未中性化),0.0126214949327886,0.33244576609610377
2023-09-26,ic_style,合成分(未中性化),0.042854050934276,0.31241724200423987
2023-09-27,ic_style,合成分(未中性化),0.246498397353314,0.2986099215340043
2023-09-28,ic_style,合成分(未中性化),0.1015621980539666,0.2801877428572351
2023-10-09,ic_style,合成分(未中性化),-0.0072325229059952,0.25743582844166
2023-10-10,ic_style,合成分(未中性化),-0.1341664358458499,0.22830269190707927
2023-10-11,ic_style,合成分(未中性化),-0.0894158903036777,0.20783704550846455
2023-10-12,ic_style,合成分(未中性化),-0.0276224837045955,0.1859812080990807
2023-10-13,ic_style,合成分(未中性化),-0.2104414235212879,0.15598324361496804
2023-10-16,ic_style,合成分(未中性化),-0.2265285864557413,0.12503843487201957
2023-10-17,ic_style,合成分(未中性化),-0.2290290331557195,0.0931442198597034
2023-10-18,ic_style,合成分(未中性化),-0.3076437486472838,0.05462482173182971
2023-10-19,ic_style,合成分(未中性化),-0.2708219801115435,0.0223389926867171
2023-10-20,ic_style,合成分(未中性化),-0.2581781359827677,-0.00272742707113179
2023-10-23,ic_style,合成分(未中性化),-0.2937858711828414,-0.034130625007406
2023-10-24,ic_style,合成分(未中性化),-0.2947581600997661,-0.06445646214552218
2023-10-25,ic_style,合成分(未中性化),-0.1492794204702483,-0.08634554164399519
2023-10-26,ic_style,合成分(未中性化),-0.2015083430385356,-0.10856873724934213
2023-10-27,ic_style,合成分(未中性化),0.0501548861108906,-0.11091840376758892
2023-10-30,ic_style,合成分(未中性化),0.2856977218311744,-0.09805116431047216
2023-10-31,ic_style,合成分(未中性化),0.2127681777292854,-0.08804383017064732
2023-11-01,ic_style,合成分(未中性化),0.1668406952477272,-0.08184449795497475
2023-11-02,ic_style,合成分(未中性化),0.0953291965955528,-0.08940295799286282
2023-11-03,ic_style,合成分(未中性化),0.2441796124916847,-0.08227208727097692
2023-11-06,ic_style,合成分(未中性化),0.3939833718858531,-0.0622112925313845
2023-11-07,ic_style,合成分(未中性化),0.3322945317988109,-0.038888244149151464
2023-11-08,ic_style,合成分(未中性化),0.4265642553103775,-0.013089236868448697
2023-11-09,ic_style,合成分(未中性化),0.394578313253012,0.008020802979431679
2023-11-10,ic_style,合成分(未中性化),0.2822178362723778,0.03265376596911496
2023-11-13,ic_style,合成分(未中性化),0.2629823805374182,0.057129314318772925
2023-11-14,ic_style,合成分(未中性化),0.297515316300754,0.08345653179159662
2023-11-15,ic_style,合成分(未中性化),0.3963551359127251,0.11865647601959706
2023-11-16,ic_style,合成分(未中性化),0.1604682201861337,0.1402209860344809
2023-11-17,ic_style,合成分(未中性化),0.3989662671215228,0.17307820618969544
2023-11-20,ic_style,合成分(未中性化),0.4025116720088223,0.20789308334927864
2023-11-21,ic_style,合成分(未中性化),0.3697785152586393,0.24111991711719888
2023-11-22,ic_style,合成分(未中性化),0.2658383748853412,0.26187580688497836
2023-11-23,ic_style,合成分(未中性化),0.370742164552135,0.2904883322645119
2023-11-24,ic_style,合成分(未中性化),0.2633791775609253,0.30114954683701367
2023-11-27,ic_style,合成分(未中性化),0.2516361425170313,0.2994464678713065
2023-11-28,ic_style,合成分(未中性化),0.3498948746225278,0.30630280271596855
2023-11-29,ic_style,合成分(未中性化),0.3351747451740238,0.3147195052122834
2023-11-30,ic_style,合成分(未中性化),0.065841633268609,0.31324512704593627
2023-12-01,ic_style,合成分(未中性化),0.0718434044132045,0.30462831664201223
2023-12-04,ic_style,合成分(未中性化),0.1847708529397181,0.2941676906947055
2023-12-05,ic_style,合成分(未中性化),0.2359678233893658,0.28935135527423317
2023-12-06,ic_style,合成分(未中性化),0.3808424459171159,0.2870652648045701
2023-12-07,ic_style,合成分(未中性化),0.4787806994321514,0.2912753841135271
2023-12-08,ic_style,合成分(未中性化),0.5765508569779546,0.30599203514880596
2023-12-11,ic_style,合成分(未中性化),0.5083584981499996,0.318260841029435
2023-12-12,ic_style,合成分(未中性化),0.4554585678849152,0.3261580036086431
2023-12-13,ic_style,合成分(未中性化),0.4103146812619422,0.3268559808761039
2023-12-14,ic_style,合成分(未中性化),0.3275041998618941,0.3352077798598919
2023-12-15,ic_style,合成分(未中性化),0.3110963958485783,0.3308142862962447
2023-12-18,ic_style,合成分(未中性化),0.3033150566337205,0.32585445552748965
2023-12-19,ic_style,合成分(未中性化),0.3488874230884187,0.3248099009189786
2023-12-20,ic_style,合成分(未中性化),0.1295850639512713,0.3179972353722751
2023-12-21,ic_style,合成分(未中性化),0.2034645084996202,0.3096333525696494
2023-12-22,ic_style,合成分(未中性化),0.2679151164108959,0.3098601495121479
2023-12-25,ic_style,合成分(未中性化),0.3782532041682508,0.3161910025947089
2023-12-26,ic_style,合成分(未中性化),0.4667437929648449,0.32203344851182475
2023-12-27,ic_style,合成分(未中性化),0.5072402527131623,0.3306367238887816
2023-12-28,ic_style,合成分(未中性化),0.7540169231244913,0.3650454883815758
2023-12-29,ic_style,合成分(未中性化),0.8001874101902668,0.40146268867042884
2024-01-02,ic_style,合成分(未中性化),0.7272796130173311,0.4285881266743095
2024-01-03,ic_style,合成分(未中性化),0.700234587351327,0.45180146487240763
2024-01-04,ic_style,合成分(未中性化),0.7357170062845173,0.4695451928907777
2024-01-05,ic_style,合成分(未中性化),0.6457882481258982,0.477895570325465
2024-01-08,ic_style,合成分(未中性化),0.657876854625093,0.4819618702078219
2024-01-09,ic_style,合成分(未中性化),0.6106975294749053,0.4870788217740672
2024-01-10,ic_style,合成分(未中性化),0.5754509963470162,0.4930784431971723
2024-01-11,ic_style,合成分(未中性化),0.5752086182718443,0.5013231400476674
2024-01-12,ic_style,合成分(未中性化),0.5910695533479086,0.5145014077219681
2024-01-15,ic_style,合成分(未中性化),0.5759595574868857,0.5277445658038834
2024-01-16,ic_style,合成分(未中性化),0.5345110317251132,0.5393043645584531
2024-01-17,ic_style,合成分(未中性化),0.4387778951195444,0.5437988881600094
2024-01-18,ic_style,合成分(未中性化),0.506431949343029,0.5626412324295973
2024-01-19,ic_style,合成分(未中性化),0.3724853274700923,0.571092273378121
2024-01-22,ic_style,合成分(未中性化),0.2633740759335884,0.5708652213542555
2024-01-23,ic_style,合成分(未中性化),0.361467059016441,0.570025914096665
2024-01-24,ic_style,合成分(未中性化),0.0970377936670071,0.5515406141317731
2024-01-25,ic_style,合成分(未中性化),-0.0144409800952329,0.5254565524913534
2024-01-26,ic_style,合成分(未中性化),-0.1152356261145063,0.4819939250294035
2024-01-29,ic_style,合成分(未中性化),-0.2100790325652257,0.4314806028916289
2024-01-30,ic_style,合成分(未中性化),-0.3836327623920478,0.37593498412115994
2024-01-31,ic_style,合成分(未中性化),-0.395336167210723,0.3211564463930574
2024-02-01,ic_style,合成分(未中性化),-0.3891856096674227,0.26491131559546044
2024-02-02,ic_style,合成分(未中性化),-0.6162051384151938,0.2018116462684058
2024-02-05,ic_style,合成分(未中性化),-0.742094579387476,0.13181307456777736
2024-02-06,ic_style,合成分(未中性化),-0.6966263442388315,0.06644688088209053
2024-02-07,ic_style,合成分(未中性化),-0.5409074727591714,0.010628957426781138
2024-02-08,ic_style,合成分(未中性化),-0.4122885750596675,-0.03874590223979445
2024-02-19,ic_style,合成分(未中性化),-0.6040940342417199,-0.09850408161927589
2024-02-20,ic_style,合成分(未中性化),-0.562915641428149,-0.1554478415650276
2024-02-21,ic_style,合成分(未中性化),-0.5383014373353037,-0.20908846501804845
2024-02-22,ic_style,合成分(未中性化),-0.4580154819341284,-0.2539281338707321
2024-02-23,ic_style,合成分(未中性化),-0.4013309167638348,-0.2993162771760753
2024-02-26,ic_style,合成分(未中性化),-0.0797488790014023,-0.32192798749965
2024-02-27,ic_style,合成分(未中性化),0.0923135852911133,-0.33048101203177377
2024-02-28,ic_style,合成分(未中性化),0.1470109589515417,-0.34120381703501873
2024-02-29,ic_style,合成分(未中性化),0.1713872682259656,-0.33748634330707084
2024-03-01,ic_style,合成分(未中性化),0.2672348124166825,-0.3234025536814751
2024-03-04,ic_style,合成分(未中性化),0.179052571724769,-0.3086881437895113
2024-03-05,ic_style,合成分(未中性化),0.156959450320648,-0.2903362196452176
2024-03-06,ic_style,合成分(未中性化),0.2831192327002649,-0.2569986198906019
2024-03-07,ic_style,合成分(未中性化),0.0879302686556957,-0.23283529809728104
2024-03-08,ic_style,合成分(未中性化),0.240634339421495,-0.20134430064283512
2024-03-11,ic_style,合成分(未中性化),0.3395803396755596,-0.15355502673829746
2024-03-12,ic_style,合成分(未中性化),0.4746390297951905,-0.09271834627916416
2024-03-13,ic_style,合成分(未中性化),0.2345289208981839,-0.046160583022313365
2024-03-14,ic_style,合成分(未中性化),0.3697620203089673,-0.0006271083689064344
2024-03-15,ic_style,合成分(未中性化),0.4551254306539015,0.04274359191677202
2024-03-18,ic_style,合成分(未中性化),0.54058534305154,0.09997756078143502
2024-03-19,ic_style,合成分(未中性化),0.3391583421339658,0.14508125995954074
2024-03-20,ic_style,合成分(未中性化),0.365181598062954,0.19025541172945365
2024-03-21,ic_style,合成分(未中性化),0.4460554699537751,0.2354589593238488
2024-03-22,ic_style,合成分(未中性化),0.4615518379925159,0.27860309706166636
2024-03-25,ic_style,合成分(未中性化),0.3192209548872126,0.2985515887560971
2024-03-26,ic_style,合成分(未中性化),0.4547787805414925,0.31667484851861605
2024-03-27,ic_style,合成分(未中性化),0.1243832343622859,0.31554346228915325
2024-03-28,ic_style,合成分(未中性化),0.1487335745572272,0.31441077760571634
2024-03-29,ic_style,合成分(未中性化),0.1269101526936545,0.30739454461956495
2024-04-01,ic_style,合成分(未中性化),0.2082027665726009,0.3088520543619565
2024-04-02,ic_style,合成分(未中性化),0.0941563588301277,0.3057118997874305
2024-04-03,ic_style,合成分(未中性化),0.0837913990408753,0.29574550810446104
2024-04-08,ic_style,合成分(未中性化),-0.0514339816593177,0.28877729558871035
2024-04-09,ic_style,合成分(未中性化),0.1038611693010855,0.2819386370826899
2024-04-10,ic_style,合成分(未中性化),0.0996736552345008,0.26994330286063695
2024-04-11,ic_style,合成分(未中性化),0.0307603746472533,0.2477493701032401
2024-04-12,ic_style,合成分(未中性化),0.115123093436748,0.2417790787301683
2024-04-15,ic_style,合成分(未中性化),-0.0020407379334339,0.22318894081804824
2024-04-16,ic_style,合成分(未中性化),-0.1033223109018195,0.1952665537402622
2024-04-17,ic_style,合成分(未中性化),-0.0840078080365644,0.16403689618585698
2024-04-18,ic_style,合成分(未中性化),-0.1212777652741469,0.14101509081545133
2024-04-19,ic_style,合成分(未中性化),-0.2012572287406745,0.11269314947526991
2024-04-22,ic_style,合成分(未中性化),-0.1401136802625219,0.08338469196445505
2024-04-23,ic_style,合成分(未中性化),0.0495360191132425,0.06278390102049139
2024-04-24,ic_style,合成分(未中性化),0.1275341493395197,0.05319956074310674
2024-04-25,ic_style,合成分(未中性化),0.0862849441757902,0.03477486892482162
2024-04-26,ic_style,合成分(未中性化),0.3033166842679317,0.04372154142010391
2024-04-29,ic_style,合成分(未中性化),0.3294026246082997,0.05275499392265755
2024-04-30,ic_style,合成分(未中性化),0.2381429511261924,0.05831663384428444
2024-05-06,ic_style,合成分(未中性化),0.3702346739149253,0.06641822921140066
2024-05-07,ic_style,合成分(未中性化),0.3570609694804161,0.07956345974391507
2024-05-08,ic_style,合成分(未中性化),0.2442462133759752,0.08758620046067007
2024-05-09,ic_style,合成分(未中性化),0.3037009745443815,0.10534294827085504
2024-05-10,ic_style,合成分(未中性化),0.328997939786361,0.11659978679511881
2024-05-13,ic_style,合成分(未中性化),0.2189258323089974,0.12256239564884364
2024-05-14,ic_style,合成分(未中性化),0.2399829469347973,0.13302352426322084
2024-05-15,ic_style,合成分(未中性化),0.0335823661198598,0.12894648789737642
2024-05-16,ic_style,合成分(未中性化),0.1138029985630442,0.13473867472220033
2024-05-17,ic_style,合成分(未中性化),0.0163388791745295,0.14072173422601778
2024-05-20,ic_style,合成分(未中性化),0.0183320060248264,0.1458387249290873
2024-05-21,ic_style,合成分(未中性化),-0.0090177628503661,0.15145172505027635
2024-05-22,ic_style,合成分(未中性化),0.1006604802548432,0.16654761050005223
2024-05-23,ic_style,合成分(未中性化),-0.0625270849530294,0.17042694026552688
2024-05-24,ic_style,合成分(未中性化),-0.017901361808447,0.16705507121944238
2024-05-27,ic_style,合成分(未中性化),0.004081473658697,0.16088243743540126
2024-05-28,ic_style,合成分(未中性化),-0.0157610671560395,0.1557801368688098
2024-05-29,ic_style,合成分(未中性化),0.2484548397707796,0.15303704464395215
2024-05-30,ic_style,合成分(未中性化),0.246336195702983,0.1488837231986863
2024-05-31,ic_style,合成分(未中性化),0.3143145894288534,0.15269230511381937
2024-06-03,ic_style,合成分(未中性化),0.3759716763906442,0.15297915523760533
2024-06-04,ic_style,合成分(未中性化),0.4706010925414747,0.15865616139065825
2024-06-05,ic_style,合成分(未中性化),0.469016724087187,0.16989468692621884
2024-06-06,ic_style,合成分(未中性化),0.2635527559430386,0.1678872759961517
2024-06-07,ic_style,合成分(未中性化),0.297516002101376,0.16631317911190246
2024-06-11,ic_style,合成分(未中性化),0.3807088693062793,0.17440233096176655
2024-06-12,ic_style,合成分(未中性化),0.3455099461574418,0.17967868092289876
2024-06-13,ic_style,合成分(未中性化),0.2961686951403196,0.19280799737392176
2024-06-14,ic_style,合成分(未中性化),0.4738504753697367,0.2108103712142564
2024-06-17,ic_style,合成分(未中性化),0.4718560101106283,0.23358622776106133
2024-06-18,ic_style,合成分(未中性化),0.3697152923252714,0.25115539207608356
2024-06-19,ic_style,合成分(未中性化),0.3568670902512076,0.26944963473116224
2024-06-20,ic_style,合成分(未中性化),0.3769195477917627,0.28326258810800825
2024-06-21,ic_style,合成分(未中性化),0.2985124045636329,0.30131456258384137
2024-06-24,ic_style,合成分(未中性化),0.2156537282941777,0.31299231708897257
2024-06-25,ic_style,合成分(未中性化),0.3645539377780856,0.331015940294942
2024-06-26,ic_style,合成分(未中性化),0.3776077283980541,0.3506843800726467
2024-06-27,ic_style,合成分(未中性化),0.1896478592822146,0.34774403104821844
2024-06-28,ic_style,合成分(未中性化),0.1241211516447292,0.34163327884530575
2024-07-01,ic_style,合成分(未中性化),0.2621756467800659,0.3390263317128664
2024-07-02,ic_style,合成分(未中性化),0.0498796016258596,0.32272172797462717
2024-07-03,ic_style,合成分(未中性化),-0.2191385255533509,0.2882347470698859
2024-07-04,ic_style,合成分(未中性化),-0.098620716225848,0.2598528750542341
2024-07-05,ic_style,合成分(未中性化),-0.0307950145441235,0.245135486529876
2024-07-08,ic_style,合成分(未中性化),-0.0140991312053322,0.22955472986454062
2024-07-09,ic_style,合成分(未中性化),-0.2063974880083219,0.20019941199881056
2024-07-10,ic_style,合成分(未中性化),-0.2079984049615953,0.17252399444285868
2024-07-11,ic_style,合成分(未中性化),-0.0886054978713567,0.15328528479227485
2024-07-12,ic_style,合成分(未中性化),-0.0896341815800119,0.12511105194478744
2024-07-15,ic_style,合成分(未中性化),-0.132287954383464,0.09490385372008284
2024-07-16,ic_style,合成分(未中性化),-0.0353200670378147,0.07465208575192853
2024-07-17,ic_style,合成分(未中性化),0.0005567247631817,0.05683656747752723
2024-07-18,ic_style,合成分(未中性化),0.0387451599853595,0.03992784808720708
2024-07-19,ic_style,合成分(未中性化),0.2240627540977776,0.03620536556391431
2024-07-22,ic_style,合成分(未中性化),0.3991427318227034,0.0453798157403406
2024-07-23,ic_style,合成分(未中性化),0.3005960539816563,0.04218192155051913
2024-07-24,ic_style,合成分(未中性化),0.2585032947957664,0.03622669987040474
2024-07-25,ic_style,合成分(未中性化),0.3770256827990257,0.0455955910462453
2024-07-26,ic_style,合成分(未中性化),0.4371225709429559,0.06124566201115663
2024-07-29,ic_style,合成分(未中性化),0.3236177578657978,0.06431776756544323
2024-07-30,ic_style,合成分(未中性化),0.4005145961336256,0.08184951729083154
2024-07-31,ic_style,合成分(未中性化),0.5194855800980374,0.11878072257340096
2024-08-01,ic_style,合成分(未中性化),0.3158699116152352,0.1395052539654551
2024-08-02,ic_style,合成分(未中性化),0.0506559303423166,0.1435778012097771
2024-08-05,ic_style,合成分(未中性化),0.0764019186684902,0.14810285370346823
2024-08-06,ic_style,合成分(未中性化),0.1049604130145826,0.16367074875461346
2024-08-07,ic_style,合成分(未中性化),0.0994509834139199,0.1790432181733892
2024-08-08,ic_style,合成分(未中性化),0.1078750168557723,0.18886724390974566
2024-08-09,ic_style,合成分(未中性化),0.1745664205401334,0.20207727401575296
2024-08-12,ic_style,合成分(未中性化),0.1947178825297142,0.21842756586141182
2024-08-13,ic_style,合成分(未中性化),0.0972086840939299,0.22505400341799908
2024-08-14,ic_style,合成分(未中性化),0.0187975573577854,0.22596604504772927
2024-08-15,ic_style,合成分(未中性化),0.0109495097378204,0.22457626253535232
2024-08-16,ic_style,合成分(未中性化),-0.0496407312515651,0.21089108826788516
2024-08-19,ic_style,合成分(未中性化),0.0166053437614378,0.19176421886482187
2024-08-20,ic_style,合成分(未中性化),-0.1319142378301323,0.17013870427423244
2024-08-21,ic_style,合成分(未中性化),-0.1203868158964381,0.1511941987396222
2024-08-22,ic_style,合成分(未中性化),-0.060413043677187,0.1293222624158116
2024-08-23,ic_style,合成分(未中性化),-0.2254620653254357,0.09619303060239201
2024-08-26,ic_style,合成分(未中性化),-0.2003910539192078,0.06999259001314173
2024-08-27,ic_style,合成分(未中性化),-0.2115181975273088,0.03939095033009501
2024-08-28,ic_style,合成分(未中性化),-0.3456415788561191,-0.003865407617612812
2024-08-29,ic_style,合成分(未中性化),-0.4620619907148773,-0.04276200273411844
2024-08-30,ic_style,合成分(未中性化),-0.4982970853961588,-0.0702096535210422
2024-09-02,ic_style,合成分(未中性化),-0.3777580859548072,-0.09291765375220708
2024-09-03,ic_style,合成分(未中性化),-0.3538336218307709,-0.11585735549447476
2024-09-04,ic_style,合成分(未中性化),-0.2256898482842888,-0.13211439707938516
2024-09-05,ic_style,合成分(未中性化),-0.2607364125539465,-0.15054496854987115
2024-09-06,ic_style,合成分(未中性化),-0.1323419563753827,-0.16589038739564693
2024-09-09,ic_style,合成分(未中性化),-0.1028842545915274,-0.18077049425170902
2024-09-10,ic_style,合成分(未中性化),-0.1350859085665715,-0.19238522388473406
2024-09-11,ic_style,合成分(未中性化),-0.1907067662886881,-0.20286044006705778
2024-09-12,ic_style,合成分(未中性化),-0.160730583608946,-0.21144444473439608
2024-09-13,ic_style,合成分(未中性化),-0.1568549193764301,-0.21680515414063933
2024-09-18,ic_style,合成分(未中性化),-0.1552087076043239,-0.22539585670892742
2024-09-19,ic_style,合成分(未中性化),-0.2551322519248393,-0.23155675741366277
2024-09-20,ic_style,合成分(未中性化),-0.0495269164192899,-0.22801376243980537
2024-09-23,ic_style,合成分(未中性化),-0.051112999616207,-0.22754876023675638
2024-09-24,ic_style,合成分(未中性化),-0.185097867207632,-0.22553055033086616
2024-09-25,ic_style,合成分(未中性化),-0.2903472151512066,-0.23002835839246613
2024-09-26,ic_style,合成分(未中性化),-0.2798105315924276,-0.23344297509572204
2024-09-27,ic_style,合成分(未中性化),-0.115086980019268,-0.2219152451538795
2024-09-30,ic_style,合成分(未中性化),-0.0198035699687732,-0.19980232411657428
2024-10-08,ic_style,合成分(未中性化),0.1739208759878753,-0.16619142604737258
2024-10-09,ic_style,合成分(未中性化),0.2075596482614272,-0.13692553933656088
2024-10-10,ic_style,合成分(未中性化),0.0770983399945862,-0.11537894124529299
2024-10-11,ic_style,合成分(未中性化),-0.1195471471311711,-0.1100718061876371
2024-10-14,ic_style,合成分(未中性化),-0.3970944473181392,-0.11688970792584674
2024-10-15,ic_style,合成分(未中性化),-0.2190827662166106,-0.12122674841790815
2024-10-16,ic_style,合成分(未中性化),-0.169680799830479,-0.12456657567985571
2024-10-17,ic_style,合成分(未中性化),-0.3678796401533394,-0.13620626225919413
2024-10-18,ic_style,合成分(未中性化),-0.3327042113927161,-0.1433061345143955
2024-10-21,ic_style,合成分(未中性化),-5.008572364238793e-05,-0.13527210962013034
2024-10-22,ic_style,合成分(未中性化),-0.0645816878888867,-0.13065844804575316
2024-10-23,ic_style,合成分(未中性化),-0.1931152323762203,-0.132553774284348
2024-10-24,ic_style,合成分(未中性化),-0.177293829824122,-0.12866185317931214
2024-10-25,ic_style,合成分(未中性化),0.034146905280191,-0.12447816209433808
2024-10-28,ic_style,合成分(未中性化),0.0687580666910673,-0.11848460877897438
2024-10-29,ic_style,合成分(未中性化),0.0988268382423763,-0.10428837350647395
2024-10-30,ic_style,合成分(未中性化),0.0047542909980543,-0.08953329819901092
2024-10-31,ic_style,合成分(未中性化),0.1051626822831384,-0.0702846375052326
2024-11-01,ic_style,合成分(未中性化),-0.0004854464783218,-0.06455456082818531
2024-11-04,ic_style,合成分(未中性化),-0.1306207406044827,-0.07009541935997078
2024-11-05,ic_style,合成分(未中性化),0.1773964217002582,-0.06992164207435163
2024-11-06,ic_style,合成分(未中性化),0.2818276284247456,-0.06620824306618571
2024-11-07,ic_style,合成分(未中性化),0.2876714301881745,-0.0556795885565063
2024-11-08,ic_style,合成分(未中性化),0.308353138471352,-0.03428457427638014
2024-11-11,ic_style,合成分(未中性化),0.5477926273444653,0.012959779456750082
2024-11-12,ic_style,合成分(未中性化),0.4088842293920257,0.044358129237181895
2024-11-13,ic_style,合成分(未中性化),0.403082399662541,0.0729962892118329
2024-11-14,ic_style,合成分(未中性化),0.324792084525329,0.10762987544576633
2024-11-15,ic_style,合成分(未中性化),0.2379826537856106,0.13616421870468265
2024-11-18,ic_style,合成分(未中性化),0.2080064199512331,0.1465670439884264
2024-11-19,ic_style,合成分(未中性化),0.3632889904009383,0.16796057790291768
2024-11-20,ic_style,合成分(未中性化),0.3226983974291801,0.1937512593931877
2024-11-21,ic_style,合成分(未中性化),0.3840879862547198,0.22182035019712978
2024-11-22,ic_style,合成分(未中性化),0.3152393156370035,0.2358749707149704
2024-11-25,ic_style,合成分(未中性化),0.4210911859419529,0.2534916266775147
2024-11-26,ic_style,合成分(未中性化),0.2488792086583293,0.2609942451983123
2024-11-27,ic_style,合成分(未中性化),0.3878565898563965,0.28014936014122943
2024-11-28,ic_style,合成分(未中性化),0.266349784458368,0.2882087152499909
2024-11-29,ic_style,合成分(未中性化),0.3768786626728199,0.307076920707548
2024-12-02,ic_style,合成分(未中性化),0.3634337755983199,0.33177964651768815
2024-12-03,ic_style,合成分(未中性化),0.3998765393993642,0.3429036524026435
2024-12-04,ic_style,合成分(未中性化),0.336475405619515,0.3456360412623819
2024-12-05,ic_style,合成分(未中性化),0.5450785518071545,0.3585063973433309
2024-12-06,ic_style,合成分(未中性化),0.5366461927837278,0.3699210500589497
2024-12-09,ic_style,合成分(未中性化),0.4106525921581941,0.3630640482996361
2024-12-10,ic_style,合成分(未中性化),0.4974783172320132,0.36749375269163553
2024-12-11,ic_style,合成分(未中性化),0.4347554115638977,0.36907740328670335
2024-12-12,ic_style,合成分(未中性化),0.3776824387583979,0.3717219209983568
2024-12-13,ic_style,合成分(未中性化),0.2677933824055533,0.37321245742935394
2024-12-16,ic_style,合成分(未中性化),0.1935574143234873,0.37249000714796665
2024-12-17,ic_style,合成分(未中性化),0.2403202981163821,0.36634157253373884
2024-12-18,ic_style,合成分(未中性化),0.2454293856806279,0.36247812194631124
2024-12-19,ic_style,合成分(未中性化),0.2248958301182135,0.3545185141394859
2024-12-20,ic_style,合成分(未中性化),0.2661440167906417,0.3520637491971678
2024-12-23,ic_style,合成分(未中性化),0.0288897805487823,0.3324536789275093
2024-12-24,ic_style,合成分(未中性化),0.1292858833091556,0.3264740126600506
2024-12-25,ic_style,合成分(未中性化),0.1079457184892537,0.31247846909169347
2024-12-26,ic_style,合成分(未中性化),0.0620677592929822,0.30226436783342414
2024-12-27,ic_style,合成分(未中性化),0.3108593886642591,0.29896340413299616
2024-12-30,ic_style,合成分(未中性化),0.0588269185262919,0.28373306127939474
2024-12-31,ic_style,合成分(未中性化),-0.0880232928999866,0.2593380696644272
2025-01-02,ic_style,合成分(未中性化),-0.3164356924596438,0.22669251476046925
2025-01-03,ic_style,合成分(未中性化),-0.3596637341316286,0.1814554004635301
2025-01-06,ic_style,合成分(未中性化),-0.396176836733644,0.13481424898766153
2025-01-07,ic_style,合成分(未中性化),-0.3919413109156721,0.0946845538339682
2025-01-08,ic_style,合成分(未中性化),-0.2684724160583583,0.056387017169449626
2025-01-09,ic_style,合成分(未中性化),-0.3877897465971172,0.015259759261398883
2025-01-10,ic_style,合成分(未中性化),-0.355803162649053,-0.021414520808973662
2025-01-13,ic_style,合成分(未中性化),-0.1577492901025916,-0.04269165443438091
2025-01-14,ic_style,合成分(未中性化),-0.2059532824130257,-0.06266718927120656
2025-01-15,ic_style,合成分(未中性化),-0.1912836815951109,-0.08424738825678121
2025-01-16,ic_style,合成分(未中性化),-0.3464078109406668,-0.11383924808784593
2025-01-17,ic_style,合成分(未中性化),-0.3612127946335792,-0.14314467932543556
2025-01-20,ic_style,合成分(未中性化),-0.4544008559934978,-0.17917192296464254
2025-01-21,ic_style,合成分(未中性化),-0.3969052542773953,-0.20046167470595141
2025-01-22,ic_style,合成分(未中性化),-0.280260851806601,-0.22093901146173925
2025-01-23,ic_style,合成分(未中性化),-0.2501601130488479,-0.23884430303864432
2025-01-24,ic_style,合成分(未中性化),-0.2314022037717213,-0.2535178011918795
2025-01-27,ic_style,合成分(未中性化),-0.2818967056065404,-0.2831556059054195
2025-02-05,ic_style,合成分(未中性化),-0.1292262106855149,-0.2925582623660098
2025-02-06,ic_style,合成分(未中性化),-0.1809155154310704,-0.297202873492564
2025-02-07,ic_style,合成分(未中性化),-0.0587282656455966,-0.28431750215186163
2025-02-10,ic_style,合成分(未中性化),-0.0485220737265553,-0.268760419131608
2025-02-11,ic_style,合成分(未中性化),-0.1125386844013707,-0.25457851151499433
2025-02-12,ic_style,合成分(未中性化),-0.05305307776989,-0.2376340998577052
2025-02-13,ic_style,合成分(未中性化),-0.0030679959258001,-0.22436387885107728
2025-02-14,ic_style,合成分(未中性化),-0.0606357410944853,-0.20800617857594572
2025-02-17,ic_style,合成分(未中性化),0.0310009727671536,-0.1886659718051354
2025-02-18,ic_style,合成分(未中性化),-0.2155552286133723,-0.1915562687306744
2025-02-19,ic_style,合成分(未中性化),0.0047141372676111,-0.1810228977466426
2025-02-20,ic_style,合成分(未中性化),0.0534894428056205,-0.16878424152660604
2025-02-21,ic_style,合成分(未中性化),0.3665833307612374,-0.1331346844415108
2025-02-24,ic_style,合成分(未中性化),0.2283498176512388,-0.1036565538272699
2025-02-25,ic_style,合成分(未中性化),0.2956271293009471,-0.06615515456254766
2025-02-26,ic_style,合成分(未中性化),0.3398468394953235,-0.02931754987391172
2025-02-27,ic_style,合成分(未中性化),0.2883560354026739,-0.0008867055134479746
2025-02-28,ic_style,合成分(未中性化),0.1815161216077668,0.020697106219382762
2025-03-03,ic_style,合成分(未中性化),0.323352792249911,0.04843485602046437
2025-03-04,ic_style,合成分(未中性化),0.3736655995647898,0.08121297127903089
2025-03-05,ic_style,合成分(未中性化),0.2925365639319565,0.10230111000990445
2025-03-06,ic_style,合成分(未中性化),0.5400581675140711,0.13834979415716153
2025-03-07,ic_style,合成分(未中性化),0.5115602703324754,0.16686422095606512
2025-03-10,ic_style,合成分(未中性化),0.5898556539810899,0.19878310734144738
2025-03-11,ic_style,合成分(未中性化),0.392915419200181,0.22405581252152498
2025-03-12,ic_style,合成分(未中性化),0.479895470024795,0.2507032399112592
2025-03-13,ic_style,合成分(未中性化),0.3125242098646513,0.2664828502007818
2025-03-14,ic_style,合成分(未中性化),0.4135950698066812,0.29019439074584014
2025-03-17,ic_style,合成分(未中性化),0.3452246468512402,0.30590557445004446
2025-03-18,ic_style,合成分(未中性化),0.3970925028550263,0.33653796102346434
2025-03-19,ic_style,合成分(未中性化),0.2876739271441424,0.35068595051729096
2025-03-20,ic_style,合成分(未中性化),0.3966647835457075,0.3678447175542953
2025-03-21,ic_style,合成分(未中性化),0.2828866151946938,0.3636598817759681
2025-03-24,ic_style,合成分(未中性化),0.3107128659008641,0.3677780341884494
2025-03-25,ic_style,合成分(未中性化),0.193409076643023,0.3626671315555532
2025-03-26,ic_style,合成分(未中性化),0.3325717155231938,0.3623033753569467
2025-03-27,ic_style,合成分(未中性化),0.2862824984310215,0.3621996985083641
2025-03-28,ic_style,合成分(未中性化),0.347134170807741,0.37048060096836277
2025-03-31,ic_style,合成分(未中性化),0.2449190818646665,0.3665589154491006
2025-04-01,ic_style,合成分(未中性化),0.1874769797421731,0.3572494844579697
2025-04-02,ic_style,合成分(未中性化),-0.0166373533325913,0.3417907885947423
2025-04-03,ic_style,合成分(未中性化),-0.0795046750511987,0.3108126464664788
2025-04-07,ic_style,合成分(未中性化),-0.3238392131444386,0.2690426722926331
2025-04-08,ic_style,合成分(未中性化),-0.1770540006935314,0.23069718955890206
2025-04-09,ic_style,合成分(未中性化),-0.1843040423058324,0.20183621648360145
2025-04-10,ic_style,合成分(未中性化),-0.0932241186580566,0.1731802370494588
2025-04-11,ic_style,合成分(未中性化),0.0620821630297231,0.16065813470771242
2025-04-14,ic_style,合成分(未中性化),0.1508194697367202,0.14751935470421434
2025-04-15,ic_style,合成分(未中性化),-0.0551602521894892,0.1275001097521779
2025-04-16,ic_style,合成分(未中性化),-0.0832227332119304,0.10348434794883006
2025-04-17,ic_style,合成分(未中性化),-0.0823441052707388,0.084983446328086
2025-04-18,ic_style,合成分(未中性化),-0.1440765373810788,0.05794638028174668
2025-04-21,ic_style,合成分(未中性化),0.182022078870747,0.052903153465549344
2025-04-22,ic_style,合成分(未中性化),0.120124139697815,0.04337371715539689
2025-04-23,ic_style,合成分(未中性化),0.1697656150733349,0.04219154407691249
2025-04-24,ic_style,合成分(未中性化),0.1293743634062779,0.03203167647106669
2025-04-25,ic_style,合成分(未中性化),0.2319198287600895,0.02931354298752009
2025-04-28,ic_style,合成分(未中性化),0.0079560109653657,0.012354634995401324
2025-04-29,ic_style,合成分(未中性化),0.1826651967988949,0.009241940742112745
2025-04-30,ic_style,合成分(未中性化),0.3356442769037949,0.016650305600193836
2025-05-06,ic_style,合成分(未中性化),0.4580420436011656,0.04038427544688168
2025-05-07,ic_style,合成分(未中性化),0.3312367210714851,0.06092134525301587
2025-05-08,ic_style,合成分(未中性化),0.3747731875350623,0.09585196528699091
2025-05-09,ic_style,合成分(未中性化),0.1689265891359879,0.11315099477846688
2025-05-12,ic_style,合成分(未中性化),0.3800235869005467,0.14136737623878584
2025-05-13,ic_style,合成分(未中性化),0.2941893984489662,0.160738052094137
2025-05-14,ic_style,合成分(未中性化),0.1596536332285075,0.1656166256040762
2025-05-15,ic_style,合成分(未中性化),0.2171647372620023,0.16893388898034029
2025-05-16,ic_style,合成分(未中性化),0.2232957081310224,0.18285668699636587
2025-05-19,ic_style,合成分(未中性化),0.2110543514746367,0.19757054123069423
2025-05-20,ic_style,合成分(未中性化),0.1960243594190668,0.2114889644651845
2025-05-21,ic_style,合成分(未中性化),0.2435719776262441,0.23087139021555064
2025-05-22,ic_style,合成分(未中性化),0.2278906172700278,0.23316481713551468
2025-05-23,ic_style,合成分(未中性化),0.2651831424705898,0.24041776727415343
2025-05-26,ic_style,合成分(未中性化),0.1903897151605588,0.24144897227851464
2025-05-27,ic_style,合成分(未中性化),0.072910011506731,0.2386257546835373
2025-05-28,ic_style,合成分(未中性化),0.1127999119524543,0.23266975884315552
2025-05-29,ic_style,合成分(未中性化),0.0826810477657935,0.2364060106831769
2025-05-30,ic_style,合成分(未中性化),-0.13492523383517,0.2205264891514737
2025-06-03,ic_style,合成分(未中性化),-0.1168600687101589,0.19790127187077597
2025-06-04,ic_style,合成分(未中性化),-0.0426458522154215,0.17286687707994663
2025-06-05,ic_style,合成分(未中性化),0.1178516398855381,0.16219762302064927
2025-06-06,ic_style,合成分(未中性化),0.1536341624477218,0.15114067176628226
2025-06-09,ic_style,合成分(未中性化),0.2361985472154963,0.15450426967025765
2025-06-10,ic_style,合成分(未中性化),0.081077400527061,0.1395569603515834
2025-06-11,ic_style,合成分(未中性化),0.1289874022399564,0.13129686054113293
2025-06-12,ic_style,合成分(未中性化),0.20871470079123,0.13374991391926902
2025-06-13,ic_style,合成分(未中性化),0.1569320661454216,0.13073828036343998
2025-06-16,ic_style,合成分(未中性化),0.1003448132784497,0.12459073562081135
2025-06-17,ic_style,合成分(未中性化),0.0910739002626794,0.11859171306021347
2025-06-18,ic_style,合成分(未中性化),0.0397678973624603,0.11077888995738316
2025-06-19,ic_style,合成分(未中性化),0.0228815155187253,0.09974436685200722
2025-06-20,ic_style,合成分(未中性化),-0.146112099956486,0.08104423099068155
2025-06-23,ic_style,合成分(未中性化),-0.1477547772225348,0.0603973350060253
2025-06-24,ic_style,合成分(未中性化),-0.0881885759456299,0.04646842045071587
2025-06-25,ic_style,合成分(未中性化),0.0103422705331998,0.043340033402039305
2025-06-26,ic_style,合成分(未中性化),-0.1801179557807045,0.028694140015381377
2025-06-27,ic_style,合成分(未中性化),-0.2802498912151875,0.010547593066332323
2025-06-30,ic_style,合成分(未中性化),-0.1458546337010561,0.010001123073038016
2025-07-01,ic_style,合成分(未中性化),-0.1807742925263504,0.00680541188222844
2025-07-02,ic_style,合成分(未中性化),-0.2500369708775876,-0.0035641440508798637
2025-07-03,ic_style,合成分(未中性化),-0.2269522485208989,-0.020804338471201715
2025-07-04,ic_style,合成分(未中性化),-0.1569235548642504,-0.03633222433680032
2025-07-07,ic_style,合成分(未中性化),-0.1746717039265731,-0.056875736893903794
2025-07-08,ic_style,合成分(未中性化),-0.1890366187233291,-0.07038143785642328
2025-07-09,ic_style,合成分(未中性化),-0.0803688363695555,-0.08084924978689889
2025-07-10,ic_style,合成分(未中性化),-0.2400383433216764,-0.1032869019925442
2025-07-11,ic_style,合成分(未中性化),-0.1311279894545226,-0.11768990477254145
2025-07-14,ic_style,合成分(未中性化),-0.1597823664247027,-0.13069626375769905
2025-07-15,ic_style,合成分(未中性化),-0.138737222425626,-0.14218681989211432
2025-07-16,ic_style,合成分(未中性化),-0.0976935491936093,-0.1490598922199178
2025-07-17,ic_style,合成分(未中性化),-0.0768089930196855,-0.15404441764683835
2025-07-18,ic_style,合成分(未中性化),-0.1376870687504617,-0.15362316608653712
2025-07-21,ic_style,合成分(未中性化),-0.3927520057366035,-0.16587302751224056
2025-07-22,ic_style,合成分(未中性化),-0.211447271969472,-0.17203596231343266
2025-07-23,ic_style,合成分(未中性化),-0.3505403067678516,-0.19008009117848523
2025-07-24,ic_style,合成分(未中性化),-0.2439641717619096,-0.1932724019775455
2025-07-25,ic_style,合成分(未中性化),-0.367422432971001,-0.19763102906533617
2025-07-28,ic_style,合成分(未中性化),-0.4002334218861212,-0.21034996847458945
2025-07-29,ic_style,合成分(未中性化),-0.2570013266959526,-0.21416132018306952
2025-07-30,ic_style,合成分(未中性化),-0.2986470254668171,-0.21659182291253104
2025-07-31,ic_style,合成分(未中性化),-0.3197764510811647,-0.2212330330405443
2025-08-01,ic_style,合成分(未中性化),-0.3452973575663693,-0.23065172317565025
2025-08-04,ic_style,合成分(未中性化),-0.3929121725731895,-0.24156374660798105
2025-08-05,ic_style,合成分(未中性化),-0.2959371375149323,-0.24690877254756122
2025-08-06,ic_style,合成分(未中性化),-0.3576764598950849,-0.26077415372383767
2025-08-07,ic_style,合成分(未中性化),-0.3304428273867815,-0.26529437792709293
2025-08-08,ic_style,合成分(未中性化),-0.4724143453195063,-0.2823586957203421
2025-08-11,ic_style,合成分(未中性化),-0.508305777254549,-0.2997848662618344
2025-08-12,ic_style,合成分(未中性化),-0.458979674867125,-0.3157969888839094
2025-08-13,ic_style,合成分(未中性化),-0.4635210563070569,-0.33408836423958177
2025-08-14,ic_style,合成分(未中性化),-0.4629319832709663,-0.3533945137521458
2025-08-15,ic_style,合成分(未中性化),-0.4205172793308386,-0.3675360242811646
2025-08-18,ic_style,合成分(未中性化),-0.2812472948875539,-0.3619607887387122
2025-08-19,ic_style,合成分(未中性化),-0.4061594014015952,-0.37169639521031833
2025-08-20,ic_style,合成分(未中性化),-0.3806957759575458,-0.373204168669803
2025-08-21,ic_style,合成分(未中性化),-0.4206626245173838,-0.38203909130757674
2025-08-22,ic_style,合成分(未中性化),-0.3105606912862567,-0.37919600422333954
2025-08-25,ic_style,合成分(未中性化),-0.3775359628227239,-0.3780611312701697
2025-08-26,ic_style,合成分(未中性化),-0.2586461317822942,-0.37814337152448674
2025-08-27,ic_style,合成分(未中性化),-0.368353550296697,-0.38162869776598074
2025-08-28,ic_style,合成分(未中性化),-0.2369020622313628,-0.37748497832349065
2025-08-29,ic_style,合成分(未中性化),-0.1828999849988669,-0.3693651096951155
2025-09-01,ic_style,合成分(未中性化),-0.2910874119215388,-0.364273871662533
2025-09-02,ic_style,合成分(未中性化),-0.2745213033015357,-0.3632030799518632
2025-09-03,ic_style,合成分(未中性化),-0.5290710791096748,-0.3717728109125926
2025-09-04,ic_style,合成分(未中性化),-0.179563200083101,-0.36422882954740865
2025-09-05,ic_style,合成分(未中性化),-0.3713123907134572,-0.35917373181710616
2025-09-08,ic_style,合成分(未中性化),-0.0887969391111649,-0.338198289909937
2025-09-09,ic_style,合成分(未中性化),-0.2658642639274813,-0.3285425193629548
2025-09-10,ic_style,合成分(未中性化),-0.2382275682524957,-0.3172778449602267
2025-09-11,ic_style,合成分(未中性化),-0.0431043195815854,-0.2962864617757577
2025-09-12,ic_style,合成分(未中性化),-0.1025163084213465,-0.28038641323028307
2025-09-15,ic_style,合成分(未中性化),-0.0635294017515564,-0.2695005185734832
2025-09-16,ic_style,合成分(未中性化),0.1108817793684416,-0.24364845953498135
2025-09-17,ic_style,合成分(未中性化),0.1386601469925696,-0.21768066338747558
2025-09-18,ic_style,合成分(未中性化),0.1347367726711273,-0.18991069352805004
2025-09-19,ic_style,合成分(未中性化),0.0504367883106064,-0.1718608195482069
2025-09-22,ic_style,合成分(未中性化),0.0539221579502281,-0.1502879135095593
2025-09-23,ic_style,合成分(未中性化),-0.2424449080728438,-0.14947785232408678
2025-09-24,ic_style,合成分(未中性化),0.0911632687149774,-0.12650201137350306
2025-09-25,ic_style,合成分(未中性化),0.1507455890239254,-0.10711962881073864
2025-09-26,ic_style,合成分(未中性化),0.1466401114132395,-0.09064262399013331
2025-09-29,ic_style,合成分(未中性化),0.3323048868584754,-0.0594730090511326
2025-09-30,ic_style,合成分(未中性化),0.4292483793988695,-0.024284524916112344
2025-10-09,ic_style,合成分(未中性化),0.3958386196397413,0.021960960021358455
2025-10-10,ic_style,合成分(未中性化),0.2157854476242354,0.04172839240672528
2025-10-13,ic_style,合成分(未中性化),0.391551915091459,0.07987160769697108
2025-10-14,ic_style,合成分(未中性化),0.1582959989531124,0.09222625460018495
2025-10-15,ic_style,合成分(未中性化),0.3202869578446882,0.12153381568879343
2025-10-16,ic_style,合成分(未中性化),0.2317675058435264,0.14503356939359452
2025-10-17,ic_style,合成分(未中性化),0.2545417018422506,0.15991587046478634
2025-10-20,ic_style,合成分(未中性化),0.1617633681711125,0.17312985429440927
2025-10-21,ic_style,合成分(未中性化),0.2712589308655244,0.18986927092526334
2025-10-22,ic_style,合成分(未中性化),0.2136495706586305,0.19500766048977275
2025-10-23,ic_style,合成分(未中性化),0.2017780066366715,0.19816355347197787
2025-10-24,ic_style,合成分(未中性化),0.5127403375580606,0.2170637317163245
2025-10-27,ic_style,合成分(未中性化),0.4719899056205309,0.23814138758182074
2025-10-28,ic_style,合成分(未中性化),0.4345147346235727,0.257171016415488
2025-10-29,ic_style,合成分(未中性化),0.5988228898140179,0.29923440630983106
2025-10-30,ic_style,合成分(未中性化),0.5526058631056229,0.3223065360293633
2025-10-31,ic_style,合成分(未中性化),0.5273323836162093,0.3411358757589775
2025-11-03,ic_style,合成分(未中性化),0.4312698086770383,0.3553673606221675
2025-11-04,ic_style,合成分(未中性化),0.3637194902440781,0.35693809079144756
2025-11-05,ic_style,合成分(未中性化),0.3705548578941183,0.35400341471621005
2025-11-06,ic_style,合成分(未中性化),0.3962920296637627,0.3540260852174111
2025-11-07,ic_style,合成分(未中性化),0.3006503947968416,0.35826933257604143
2025-11-10,ic_style,合成分(未中性化),0.1315141478868169,0.34526744421580935
2025-11-11,ic_style,合成分(未中性化),0.0505507955936352,0.3398801840478355
2025-11-12,ic_style,合成分(未中性化),-0.2040871673026616,0.31366147779046794
2025-11-13,ic_style,合成分(未中性化),0.1583171334629323,0.30998895917143826
2025-11-14,ic_style,合成分(未中性化),-0.0755430409815103,0.2934847220302502
2025-11-17,ic_style,合成分(未中性化),0.0793110130985173,0.28936210427662046
2025-11-18,ic_style,合成分(未中性化),0.0399596803225574,0.2777971417494721
2025-11-19,ic_style,合成分(未中性化),-0.0629898960808313,0.263965168412499
2025-11-20,ic_style,合成分(未中性化),-0.0262990566723837,0.2525613152470462
2025-11-21,ic_style,合成分(未中性化),-0.1717517776341306,0.21833670948743666
2025-11-24,ic_style,合成分(未中性化),-0.220570831883049,0.1837086726122577
2025-11-25,ic_style,合成分(未中性化),-0.313738749937845,0.1462959983841868
2025-11-26,ic_style,合成分(未中性化),-0.3485987059307673,0.09892491859694755
2025-11-27,ic_style,合成分(未中性化),-0.373208691760728,0.05263419085363001
2025-11-28,ic_style,合成分(未中性化),-0.3850454974889364,0.007015296798372733
2025-12-01,ic_style,合成分(未中性化),-0.3047637516557147,-0.029786381218264914
2025-12-02,ic_style,合成分(未中性化),-0.3949032867584904,-0.06771752006839335
2025-12-03,ic_style,合成分(未中性化),-0.3787976729153199,-0.10518514660886524
2025-12-04,ic_style,合成分(未中性化),-0.5209142514758176,-0.1510454606658443
2025-12-05,ic_style,合成分(未中性化),-0.5805577828028632,-0.1951058695458295
2025-12-08,ic_style,合成分(未中性化),-0.4963776042961563,-0.22650045715497816
2025-12-09,ic_style,合成分(未中性化),-0.3665058922977475,-0.24735329154954733
2025-12-10,ic_style,合成分(未中性化),-0.4653895877877779,-0.2604184125738031
2025-12-11,ic_style,合成分(未中性化),-0.5162249515190692,-0.2941455168229032
2025-12-12,ic_style,合成分(未中性化),-0.4117945403013276,-0.31095809178889405
2025-12-15,ic_style,合成分(未中性化),-0.4782518975995527,-0.33883623732379753
2025-12-16,ic_style,合成分(未中性化),-0.4971532991894983,-0.36569188629940036
2025-12-17,ic_style,合成分(未中性化),-0.5732807916065835,-0.3912064310756879
2025-12-18,ic_style,合成分(未中性化),-0.5546355629154968,-0.4176232563878436
2025-12-19,ic_style,合成分(未中性化),-0.4466450782818953,-0.4313679214202318
2025-12-22,ic_style,合成分(未中性化),-0.4709069925073735,-0.443884729451448
2025-12-23,ic_style,合成分(未中性化),-0.4725093276176867,-0.4518232583354401
2025-12-24,ic_style,合成分(未中性化),-0.4881858317914522,-0.4588026146284744
2025-12-25,ic_style,合成分(未中性化),-0.3611470374509194,-0.458199531912984
2025-12-26,ic_style,合成分(未中性化),-0.3863080953340539,-0.4582626618052398
2025-12-29,ic_style,合成分(未中性化),-0.2764689251219823,-0.45684792047855327
2025-12-30,ic_style,合成分(未中性化),-0.2936242450888796,-0.4517839683950727
2025-12-31,ic_style,合成分(未中性化),-0.2139887640489336,-0.4435435229517533
2026-01-05,ic_style,合成分(未中性化),-0.0635586915304677,-0.4206757449544859
2026-01-06,ic_style,合成分(未中性化),-0.1278349773201814,-0.39803960468035177
2026-01-07,ic_style,合成分(未中性化),-0.0791201670386636,-0.37717673281747716
2026-01-08,ic_style,合成分(未中性化),0.0710058319533443,-0.35530114660492257
2026-01-09,ic_style,合成分(未中性化),0.203890368877049,-0.32183714877168124
2026-01-12,ic_style,合成分(未中性化),0.1814314574072478,-0.2869543283253654
2026-01-13,ic_style,合成分(未中性化),-0.0001895984832121,-0.2663740812344596
2026-01-14,ic_style,合成分(未中性化),0.1478343721279418,-0.2350697677480849
2026-01-15,ic_style,合成分(未中性化),0.0531116069741179,-0.20755652243990402
2026-01-16,ic_style,合成分(未中性化),0.2322365421076632,-0.1672806557541917
2026-01-19,ic_style,合成分(未中性化),0.2006695946432428,-0.12951539787625474
2026-01-20,ic_style,合成分(未中性化),0.098032015743874,-0.10228154317496627
2026-01-21,ic_style,合成分(未中性化),0.1720282237742098,-0.07013478236088712
2026-01-22,ic_style,合成分(未中性化),0.1960521492141311,-0.036706708519296215
2026-01-23,ic_style,合成分(未中性化),0.4193870449036408,0.008671935315458434
2026-01-26,ic_style,合成分(未中性化),0.4174910600715195,0.04760384019158038
2026-01-27,ic_style,合成分(未中性化),0.5393548851609188,0.09388698921632901
2026-01-28,ic_style,合成分(未中性化),0.4710058319533444,0.13126072707009534
2026-01-29,ic_style,合成分(未中性化),0.6119063047495621,0.17653725456201744
2026-01-30,ic_style,合成分(未中性化),0.4279093767249862,0.2086321616007134
2026-02-02,ic_style,合成分(未中性化),0.4591979264165887,0.23476999249806627
2026-02-03,ic_style,合成分(未中性化),0.4090359277125783,0.26161353774970425
2026-02-04,ic_style,合成分(未中性化),0.4453059047363851,0.28783484133845666
2026-02-05,ic_style,合成分(未中性化),0.4358619282839889,0.3060776461549889
2026-02-06,ic_style,合成分(未中性化),0.3274413804689562,0.31225519673458424
2026-02-09,ic_style,合成分(未中性化),0.4851225190198479,0.32743974981521423
2026-02-10,ic_style,合成分(未中性化),0.3879136966904265,0.3468449145738962
2026-02-11,ic_style,合成分(未中性化),0.4490316077471381,0.361904776354856
2026-02-12,ic_style,合成分(未中性化),0.5056831545347638,0.3845333537328883
2026-02-13,ic_style,合成分(未中性化),0.6086543307653539,0.4033542431657728
2026-02-24,ic_style,合成分(未中性化),0.4801761585907314,0.41732957136314724
2026-02-25,ic_style,合成分(未中性化),0.6396871049883672,0.44441232582537193
2026-02-26,ic_style,合成分(未中性化),0.6104615873132188,0.46633399400232234
2026-02-27,ic_style,合成分(未中性化),0.5397142159358078,0.4835170973384062
2026-03-02,ic_style,合成分(未中性化),0.5662120811501237,0.49085834915073034
2026-03-03,ic_style,合成分(未中性化),0.6148109835743378,0.5007243453258713
2026-03-04,ic_style,合成分(未中性化),0.5452445942562637,0.5010188307806385
2026-03-05,ic_style,合成分(未中性化),0.5660557556780481,0.5057713269668737
2026-03-06,ic_style,合成分(未中性化),0.5575360174499348,0.5030528126018924
2026-03-09,ic_style,合成分(未中性化),0.4904452220003542,0.5061796048656607
2026-03-10,ic_style,合成分(未中性化),0.4170555975206091,0.5040724884208617
2026-03-11,ic_style,合成分(未中性化),0.3553363573091416,0.5013875099006899
2026-03-12,ic_style,合成分(未中性化),0.2692274461804306,0.4925835869728922
2026-03-13,ic_style,合成分(未中性化),0.0609667122663018,0.4738388261720079
2026-03-16,ic_style,合成分(未中性化),-0.0173686610507115,0.45659832409602447
2026-03-17,ic_style,合成分(未中性化),-0.0041279669762641,0.4321357997962189
2026-03-18,ic_style,合成分(未中性化),-0.0644959614275087,0.4095153168903221
2026-03-19,ic_style,合成分(未中性化),-0.1274030572173995,0.3806935836420952
2026-03-20,ic_style,合成分(未中性化),-0.3172054623563012,0.33954915279754194
2026-03-23,ic_style,合成分(未中性化),-0.1824622497793845,0.299993323770305
2026-03-24,ic_style,合成分(未中性化),-0.387546499628003,0.25660719085936834
2026-03-25,ic_style,合成分(未中性化),-0.2690068093496592,0.211172495142467
2026-03-26,ic_style,合成分(未中性化),-0.3291719641275247,0.1641908175704298
2026-03-27,ic_style,合成分(未中性化),-0.3195814433484532,0.12122603460621677
2026-03-30,ic_style,合成分(未中性化),-0.1673650610795113,0.08454717749473502
2026-03-31,ic_style,合成分(未中性化),-0.3816787755771295,0.034722689537161656
2026-04-01,ic_style,合成分(未中性化),-0.2635010919912641,-0.005714594775214729
2026-04-02,ic_style,合成分(未中性化),-0.3554121699500064,-0.05178799105661745
2026-04-03,ic_style,合成分(未中性化),-0.4775841793265654,-0.10354400089544247
2026-04-07,ic_style,合成分(未中性化),-0.453061175510596,-0.15071932077098998
2026-04-08,ic_style,合成分(未中性化),-0.3913312693498452,-0.1911386641145127
2026-04-09,ic_style,合成分(未中性化),-0.3038521514941337,-0.22409808955467647
2026-04-10,ic_style,合成分(未中性化),-0.4396583379145738,-0.25954237875942665
2026-04-13,ic_style,合成分(未中性化),-0.2401012791897665,-0.27459577833223003
2026-04-14,ic_style,合成分(未中性化),-0.154265965872273,-0.28144064357330817
2026-04-15,ic_style,合成分(未中性化),-0.1728586171310629,-0.28987717608104807
2026-04-16,ic_style,合成分(未中性化),-0.1072311421508628,-0.29201393511721585
2026-04-17,ic_style,合成分(未中性化),-0.1989032087743298,-0.2955889426950623
2026-04-20,ic_style,合成分(未中性化),-0.0406458192121445,-0.2817609605378545
2026-04-21,ic_style,合成分(未中性化),-0.0462491069302214,-0.2749503033953963
2026-04-22,ic_style,合成分(未中性化),-0.12514212785706,-0.2618300848068492
2026-04-23,ic_style,合成分(未中性化),-0.0254554048005401,-0.24965251457939322
2026-04-24,ic_style,合成分(未中性化),-0.0088971176880456,-0.23363877225741927
2026-04-27,ic_style,合成分(未中性化),-0.003767688135569,-0.21784808449677504
2026-04-28,ic_style,合成分(未中性化),0.1237816841505132,-0.20329074723527385
2026-04-29,ic_style,合成分(未中性化),0.2232607275236472,-0.173043772080235
2026-04-30,ic_style,合成分(未中性化),0.1733470467234793,-0.15120136514449783
2026-05-06,ic_style,合成分(未中性化),0.2108594021318088,-0.12288778654040708
2026-05-07,ic_style,合成分(未中性化),0.3085714660492815,-0.08358000427161473
2026-05-08,ic_style,合成分(未中性化),0.3972912881793915,-0.04106238108711535
2026-05-11,ic_style,合成分(未中性化),0.3909923854372307,-0.0019461983477615601
2026-05-12,ic_style,合成分(未中性化),0.357097415246178,0.03110127998925403
2026-05-13,ic_style,合成分(未中性化),0.4508542608102525,0.07562690992549534
2026-05-14,ic_style,合成分(未中性化),0.3309862203304235,0.10418128490150484
2026-05-15,ic_style,合成分(未中性化),0.3540647073869785,0.12959781856446742
2026-05-18,ic_style,合成分(未中性化),0.2803536410202596,0.15225843147203352
2026-05-19,ic_style,合成分(未中性化),0.2045306976408628,0.16784652346161982
2026-05-20,ic_style,合成分(未中性化),0.2321798431967987,0.18940067606017624
2026-05-21,ic_style,合成分(未中性化),0.1307187141940153,0.19796890273048423
2026-05-22,ic_style,合成分(未中性化),0.0552380452676246,0.20304326034037654
2026-05-25,ic_style,合成分(未中性化),0.2160214073495944,0.22010143710070923
2026-05-26,ic_style,合成分(未中性化),0.1398993907038059,0.22836917687592656
2026-05-27,ic_style,合成分(未中性化),0.1071167631877537,0.2341698709197165
2026-05-28,ic_style,合成分(未中性化),0.185752044651114,0.2436458575590507
2026-05-29,ic_style,合成分(未中性化),0.143092128995022,0.24461137980127612
2026-06-01,ic_style,合成分(未中性化),0.178883853322927,0.2423925360912401
2026-06-02,ic_style,合成分(未中性化),-0.0123630148441466,0.2331070330128588
2026-06-03,ic_style,合成分(未中性化),0.1002984174039653,0.22757898377646663
2026-06-04,ic_style,合成分(未中性化),-0.0092988174800453,0.2116854696000003
2026-06-05,ic_style,合成分(未中性化),0.0461137476815629,0.19412659257510884
2026-06-08,ic_style,合成分(未中性化),-0.0913131021636901,0.17001131819506282
2026-06-09,ic_style,合成分(未中性化),-0.020915452774626,0.1511106747940226
2026-06-10,ic_style,合成分(未中性化),-0.1617999488427307,0.12047796431137348
2026-06-11,ic_style,合成分(未中性化),-0.1045956280210663,0.09869887189379897
2026-06-12,ic_style,合成分(未中性化),0.0907412496417544,0.08553269900653776
2026-06-15,ic_style,合成分(未中性化),0.1512668974867005,0.0790783618298598
2026-06-16,ic_style,合成分(未中性化),0.2086547605774213,0.07928456497668773
2026-06-17,ic_style,合成分(未中性化),0.3768808494730146,0.08651961529049854
2026-06-18,ic_style,合成分(未中性化),0.5515029087498606,0.1075588250182908
2026-06-22,ic_style,合成分(未中性化),0.5775249063756387,0.1336731680736915
2026-06-23,ic_style,合成分(未中性化),0.2379586937843918,0.13477003239543137
2026-06-24,ic_style,合成分(未中性化),0.3444130359215851,0.14499571465632033
2026-06-25,ic_style,合成分(未中性化),0.4383485635620592,0.1615573046750356
2026-06-26,ic_style,合成分(未中性化),0.3286775845898564,0.16870358167197272
2026-06-29,ic_style,合成分(未中性化),0.3343945201313554,0.1782687012287894
2026-06-30,ic_style,合成分(未中性化),0.4965337670770179,0.19415119691649396
2026-07-01,ic_style,合成分(未中性化),0.3710489207783776,0.21332179369762017
2026-07-02,ic_style,合成分(未中性化),0.0403106164450944,0.2103224036496766
2026-07-03,ic_style,合成分(未中性化),0.1882390749716339,0.22019929827226056
2026-07-06,ic_style,合成分(未中性化),0.1996038590945163,0.22787380384290823
2026-07-07,ic_style,合成分(未中性化),0.1406628145680162,0.23947259967949358
2026-07-08,ic_style,合成分(未中性化),-0.0953007457155787,0.23575333503244594
2026-07-09,ic_style,合成分(未中性化),0.1940710036662709,0.25354688265789604
2026-07-10,ic_style,合成分(未中性化),-0.0782456991821395,0.25486437909984233
2026-07-13,ic_style,合成分(未中性化),-0.0699660919125604,0.2468290120221266
2026-07-14,ic_style,合成分(未中性化),-0.0793817049679814,0.23529658189939248
2026-07-15,ic_style,合成分(未中性化),-0.1162418836517426,0.21905174968793434
2026-07-16,ic_style,合成分(未中性化),-0.0476366309899237,0.1978258756647874
2026-07-17,ic_style,合成分(未中性化),-0.2801306477953185,0.15624419783752846
2026-07-20,ic_style,合成分(未中性化),-0.5376484708567532,0.10048552897590883
2026-07-21,ic_style,合成分(未中性化),-0.2124089171055479,0.07796714843141186
2026-07-22,ic_style,合成分(未中性化),0.0005023909480433,0.060771616182734765
2026-07-23,ic_style,合成分(未中性化),0.1292849131966079,0.04531843366446221
2026-07-24,ic_style,合成分(未中性化),-0.1157190547710712,0.023098601696415828
2026-07-27,ic_style,合成分(未中性化),0.1908966295229912,0.015923707165997617
2026-07-28,ic_style,合成分(未中性化),-0.0224816522486243,-0.010027063800284494
2026-07-29,ic_style,合成分(未中性化),-0.0478058122528218,-0.030969800451844463
2026-07-30,ic_style,合成分(未中性化),-0.3309916843149142,-0.04953491548984489
2026-07-31,ic_style,合成分(未中性化),-0.2328877182466138,-0.07059125515075729
2026-08-03,ic_style,合成分(未中性化),-0.1287183324818324,-0.08700736472957471
2020-04-03,ic_o_trdmom,趋势动量,-0.0111856185761184,
2020-04-07,ic_o_trdmom,趋势动量,0.0008369004088664,
2020-04-08,ic_o_trdmom,趋势动量,-0.0116416146480664,
2020-04-09,ic_o_trdmom,趋势动量,0.0816499162354367,
2020-04-10,ic_o_trdmom,趋势动量,0.0833565804274465,
2020-04-13,ic_o_trdmom,趋势动量,-0.0248226418601924,
2020-04-14,ic_o_trdmom,趋势动量,0.1011863517060367,
2020-04-15,ic_o_trdmom,趋势动量,0.1928068991376078,
2020-04-16,ic_o_trdmom,趋势动量,0.0524695200143372,
2020-04-17,ic_o_trdmom,趋势动量,0.2357075365579303,0.07003638294032843
2020-04-20,ic_o_trdmom,趋势动量,0.0844185743061681,0.0713438548826775
2020-04-21,ic_o_trdmom,趋势动量,0.0004919392455037,0.06543952857957969
2020-04-22,ic_o_trdmom,趋势动量,0.0044334524686251,0.06074675349412163
2020-04-23,ic_o_trdmom,趋势动量,0.0350746156730408,0.05891302936404443
2020-04-24,ic_o_trdmom,趋势动量,-0.0290635414390918,0.05304792464383535
2020-04-27,ic_o_trdmom,趋势动量,-0.0351771305195998,0.04753385869612066
2020-04-28,ic_o_trdmom,趋势动量,-0.0006989136841607,0.04469663679139822
2020-04-29,ic_o_trdmom,趋势动量,-0.0149771278590176,0.041381427644152896
2020-04-30,ic_o_trdmom,趋势动量,0.0589279875705396,0.042304930798173254
2020-05-06,ic_o_trdmom,趋势动量,0.1102063895110193,0.04570000373381555
2020-05-07,ic_o_trdmom,趋势动量,0.0746161206829816,0.04999009069677056
2020-05-08,ic_o_trdmom,趋势动量,0.0964229471316085,0.05476939303290766
2020-05-11,ic_o_trdmom,趋势动量,0.0881966205837173,0.05976130479449685
2020-05-12,ic_o_trdmom,趋势动量,0.0219962504686914,0.05677862150615959
2020-05-13,ic_o_trdmom,趋势动量,0.034084790528408,0.05431503201120765
2020-05-14,ic_o_trdmom,趋势动量,0.1087394075740532,0.060993134482919945
2020-05-15,ic_o_trdmom,趋势动量,0.0904838252476836,0.06045800816000228
2020-05-18,ic_o_trdmom,趋势动量,0.0089928893781719,0.051267307672030485
2020-05-19,ic_o_trdmom,趋势动量,0.0874242031110141,0.053015041826864326
2020-05-20,ic_o_trdmom,趋势动量,0.1215898012748406,0.04730915506270985
2020-05-21,ic_o_trdmom,趋势动量,0.0241559805024372,0.0442960253725233
2020-05-22,ic_o_trdmom,趋势动量,0.0863802024746906,0.04859043853398264
2020-05-25,ic_o_trdmom,趋势动量,-0.0618912635920509,0.04527420273094885
2020-05-26,ic_o_trdmom,趋势动量,0.0446914135733033,0.04575504262596197
2020-05-27,ic_o_trdmom,趋势动量,-0.0200044994375703,0.04620799472603805
2020-05-28,ic_o_trdmom,趋势动量,-0.0473911471933749,0.045597293892349296
2020-05-29,ic_o_trdmom,趋势动量,-0.0883119610048744,0.0412166415263136
2020-06-01,ic_o_trdmom,趋势动量,0.1035260592425946,0.04714180088139421
2020-06-02,ic_o_trdmom,趋势动量,0.0669370344940999,0.04754225322757223
2020-06-03,ic_o_trdmom,趋势动量,-0.0266696662917135,0.04069845043743559
2020-06-04,ic_o_trdmom,趋势动量,-0.051116610423697,0.03441181388210166
2020-06-05,ic_o_trdmom,趋势动量,-0.0414698162729658,0.027517175711872947
2020-06-08,ic_o_trdmom,趋势动量,-0.1279370078740157,0.016710494288986293
2020-06-09,ic_o_trdmom,趋势动量,-0.1614539732494098,0.007537983103081236
2020-06-10,ic_o_trdmom,趋势动量,-0.1289032258064516,-0.0006114177136617452
2020-06-11,ic_o_trdmom,趋势动量,-0.0091305683563748,-0.006504916510183145
2020-06-12,ic_o_trdmom,趋势动量,-0.0325038402457757,-0.01265429978485611
2020-06-15,ic_o_trdmom,趋势动量,0.1565837173579108,-0.005274758385869166
2020-06-16,ic_o_trdmom,趋势动量,0.041468509984639,-0.007572543042187923
2020-06-17,ic_o_trdmom,趋势动量,0.0063164362519201,-0.013336211293333945
2020-06-18,ic_o_trdmom,趋势动量,0.0044178187403993,-0.014323119381435842
2020-06-19,ic_o_trdmom,趋势动量,0.227231950844854,-0.00728053196292767
2020-06-22,ic_o_trdmom,趋势动量,0.2820460829493087,0.00991633536414031
2020-06-23,ic_o_trdmom,趋势动量,0.2140645161290322,0.018384990491926757
2020-06-24,ic_o_trdmom,趋势动量,0.0443502304147465,0.021602726984542596
2020-06-29,ic_o_trdmom,趋势动量,0.0834101382488479,0.028142791256653737
2020-06-30,ic_o_trdmom,趋势动量,0.110057118454065,0.03806124522960071
2020-07-01,ic_o_trdmom,趋势动量,0.1278067151641494,0.03927527802567844
2020-07-02,ic_o_trdmom,趋势动量,0.1538837264237296,0.04362261262215993
2020-07-03,ic_o_trdmom,趋势动量,0.0242032776383921,0.04616625981866521
2020-07-06,ic_o_trdmom,趋势动量,-0.236091389526504,0.036917520863524865
2020-07-07,ic_o_trdmom,趋势动量,-0.126008252861737,0.0326905990340863
2020-07-08,ic_o_trdmom,趋势动量,-0.1997918112421929,0.029097858865677444
2020-07-09,ic_o_trdmom,趋势动量,-0.0716916671115144,0.03358597417257221
2020-07-10,ic_o_trdmom,趋势动量,-0.0929932130713242,0.035381474809328586
2020-07-13,ic_o_trdmom,趋势动量,-0.0077264471725682,0.03545168086851891
2020-07-14,ic_o_trdmom,趋势动量,-0.1247238116046921,0.030840682300573092
2020-07-15,ic_o_trdmom,趋势动量,-0.0287290554288601,0.02157504366123455
2020-07-16,ic_o_trdmom,趋势动量,0.1588135685951327,0.02744229659175923
2020-07-17,ic_o_trdmom,趋势动量,0.2861298119597427,0.04143296537715036
2020-07-20,ic_o_trdmom,趋势动量,0.2345806864890834,0.05294110876458456
2020-07-21,ic_o_trdmom,趋势动量,0.3207121123151658,0.05761511683810015
2020-07-22,ic_o_trdmom,趋势动量,0.2080554109966277,0.0539155832404661
2020-07-23,ic_o_trdmom,趋势动量,-0.0338707094432285,0.04151882196185307
2020-07-24,ic_o_trdmom,趋势动量,0.1289997984838047,0.04575130036530598
2020-07-27,ic_o_trdmom,趋势动量,0.0954893710156338,0.04635526200364527
2020-07-28,ic_o_trdmom,趋势动量,0.0574013772487055,0.043722474943377304
2020-07-29,ic_o_trdmom,趋势动量,-0.0203010729728286,0.0363170855365284
2020-07-30,ic_o_trdmom,趋势动量,-0.0303679163610007,0.027104503397291885
2020-07-31,ic_o_trdmom,趋势动量,0.0268609797498232,0.027237388502863436
2020-08-03,ic_o_trdmom,趋势动量,0.0031655409778773,0.0392002350280825
2020-08-04,ic_o_trdmom,趋势动量,0.1691295696493921,0.05395712615363897
2020-08-05,ic_o_trdmom,趋势动量,0.0421235253296322,0.06605289298223022
2020-08-06,ic_o_trdmom,趋势动量,-0.0382934371075944,0.06772280448242621
2020-08-07,ic_o_trdmom,趋势动量,-0.0413175163048415,0.07030658932075036
2020-08-10,ic_o_trdmom,趋势动量,-0.1333208775956867,0.06402686779959443
2020-08-11,ic_o_trdmom,趋势动量,0.045587999786473,0.07254245836915268
2020-08-12,ic_o_trdmom,趋势动量,0.0449634335130518,0.07622708281624828
2020-08-13,ic_o_trdmom,趋势动量,0.1902418192494528,0.07779849534896428
2020-08-14,ic_o_trdmom,趋势动量,0.1692574600971547,0.07195487775583488
2020-08-17,ic_o_trdmom,趋势动量,0.01373511984199,0.06091259942348021
2020-08-18,ic_o_trdmom,趋势动量,0.092857524155234,0.04951987001548362
2020-08-19,ic_o_trdmom,趋势动量,0.1426153985788674,0.0462478693945956
2020-08-20,ic_o_trdmom,趋势动量,0.1855791725555122,0.05722036349453265
2020-08-21,ic_o_trdmom,趋势动量,0.2261733654159989,0.062079041841142345
2020-08-24,ic_o_trdmom,趋势动量,0.2409864944216089,0.06935389801144111
2020-08-25,ic_o_trdmom,趋势动量,0.2344792611968184,0.07820779220884674
2020-08-26,ic_o_trdmom,趋势动量,0.1760005124698779,0.08802287148098206
2020-08-27,ic_o_trdmom,趋势动量,0.1970746810441467,0.09939500135123944
2020-08-28,ic_o_trdmom,趋势动量,0.1716863289382373,0.10663626881066016
2020-08-31,ic_o_trdmom,趋势动量,0.1277186351875306,0.1128639235211428
2020-09-01,ic_o_trdmom,趋势动量,0.095254363956654,0.10917016323650593
2020-09-02,ic_o_trdmom,趋势动量,0.1154967170234345,0.11283882282119602
2020-09-03,ic_o_trdmom,趋势动量,0.0144238211917989,0.11547468573616568
2020-09-04,ic_o_trdmom,趋势动量,0.1267737772565283,0.12387925041423417
2020-09-07,ic_o_trdmom,趋势动量,0.1116265413975337,0.1361266213638952
2020-09-08,ic_o_trdmom,趋势动量,0.1162468855054757,0.13965956564984533
2020-09-09,ic_o_trdmom,趋势动量,0.0178241605722521,0.13830260200280536
2020-09-10,ic_o_trdmom,趋势动量,0.0330860421262801,0.13044481314664672
2020-09-11,ic_o_trdmom,趋势动量,-0.0115438151174702,0.12140474938591546
2020-09-14,ic_o_trdmom,趋势动量,-0.0455832699457389,0.11843882989652903
2020-09-15,ic_o_trdmom,趋势动量,0.0308119361554476,0.11533655049653971
2020-09-16,ic_o_trdmom,趋势动量,-0.0480008541077243,0.10580573786221012
2020-09-17,ic_o_trdmom,趋势动量,-0.0338066964804343,0.09483644441041279
2020-09-18,ic_o_trdmom,趋势动量,0.0319489670634708,0.0851252244927864
2020-09-21,ic_o_trdmom,趋势动量,0.044157369348209,0.0752837682391164
2020-09-22,ic_o_trdmom,趋势动量,0.1274595633374259,0.06993278334614676
2020-09-23,ic_o_trdmom,趋势动量,0.2255484973042224,0.072410182587864
2020-09-24,ic_o_trdmom,趋势动量,0.1937439194790594,0.07224364450960963
2020-09-25,ic_o_trdmom,趋势动量,0.1454280486683202,0.07093073049611377
2020-09-28,ic_o_trdmom,趋势动量,0.0486628525368133,0.0669779413635779
2020-09-29,ic_o_trdmom,趋势动量,0.0816317815192409,0.06629681224170726
2020-09-30,ic_o_trdmom,趋势动量,0.0816808664339567,0.06460601971223337
2020-10-09,ic_o_trdmom,趋势动量,0.0578767836274921,0.06677866783401802
2020-10-12,ic_o_trdmom,趋势动量,0.0769187652708927,0.06428591723473624
2020-10-13,ic_o_trdmom,趋势动量,0.1332568195163615,0.06536743114067764
2020-10-14,ic_o_trdmom,趋势动量,0.1251060967620278,0.06581039170350525
2020-10-15,ic_o_trdmom,趋势动量,0.1629370629370629,0.07306603682174578
2020-10-16,ic_o_trdmom,趋势动量,-0.0061923140571749,0.07110211901257303
2020-10-19,ic_o_trdmom,趋势动量,-0.0055997512407982,0.07139932220640663
2020-10-20,ic_o_trdmom,趋势动量,0.0228580579725617,0.07482138860232165
2020-10-21,ic_o_trdmom,趋势动量,-0.0749382765544307,0.06953387796682775
2020-10-22,ic_o_trdmom,趋势动量,-0.0571291304115731,0.0690774641516353
2020-10-23,ic_o_trdmom,趋势动量,0.0091122617840175,0.0712234120648579
2020-10-26,ic_o_trdmom,趋势动量,0.0778198900336304,0.07351695821336587
2020-10-27,ic_o_trdmom,趋势动量,0.0401323866972721,0.07331570908081902
2020-10-28,ic_o_trdmom,趋势动量,0.1311268883787968,0.07349907533288758
2020-10-29,ic_o_trdmom,趋势动量,0.0465008274168579,0.06454669183851934
2020-10-30,ic_o_trdmom,趋势动量,0.0169166711151444,0.0557053294203236
2020-11-02,ic_o_trdmom,趋势动量,-0.1137404580152671,0.04274690408614424
2020-11-03,ic_o_trdmom,趋势动量,0.0422569796615598,0.04242661044238156
2020-11-04,ic_o_trdmom,趋势动量,-0.0243634228367052,0.03712685022458426
2020-11-05,ic_o_trdmom,趋势动量,-0.084359264879252,0.02882484365892382
2020-11-06,ic_o_trdmom,趋势动量,-0.1351091656435167,0.01917554619537338
2020-11-09,ic_o_trdmom,趋势动量,-0.0701276759298066,0.011823224135338414
2020-11-10,ic_o_trdmom,趋势动量,-0.0401753065468092,0.0031516178321798803
2020-11-11,ic_o_trdmom,趋势动量,-0.0394838513370491,-0.005077879572773965
2020-11-12,ic_o_trdmom,趋势动量,-0.0477073182450089,-0.015610098631877553
2020-11-13,ic_o_trdmom,趋势动量,-0.0339695109826691,-0.016998958478152266
2020-11-16,ic_o_trdmom,趋势动量,-0.0440345913628356,-0.018920700484254135
2020-11-17,ic_o_trdmom,趋势动量,-0.0506700083676429,-0.022597103801264364
2020-11-18,ic_o_trdmom,趋势动量,0.0285485506859552,-0.017422762439245072
2020-11-19,ic_o_trdmom,趋势动量,0.0957269200434846,-0.009779959916492185
2020-11-20,ic_o_trdmom,趋势动量,0.1252869268136443,-0.003971226665010844
2020-11-23,ic_o_trdmom,趋势动量,0.0215128383067314,-0.006786579251355794
2020-11-24,ic_o_trdmom,趋势动量,-0.0787113649709069,-0.012728766834764742
2020-11-25,ic_o_trdmom,趋势动量,-0.0308386681773991,-0.02082704466257454
2020-11-26,ic_o_trdmom,趋势动量,0.0145838893930496,-0.022422891563764952
2020-11-27,ic_o_trdmom,趋势动量,0.0519030587732877,-0.02067357218085779
2020-11-30,ic_o_trdmom,趋势动量,0.036347621843805,-0.013169168187904184
2020-12-01,ic_o_trdmom,趋势动量,-0.1536059360486841,-0.02296231397341638
2020-12-02,ic_o_trdmom,趋势动量,-0.2303788162154493,-0.033263083642353586
2020-12-03,ic_o_trdmom,趋势动量,-0.1024428938102178,-0.034167265088901874
2020-12-04,ic_o_trdmom,趋势动量,0.0154325366627542,-0.026640179973588328
2020-12-07,ic_o_trdmom,趋势动量,0.160800196050612,-0.015093786374567403
2020-12-08,ic_o_trdmom,趋势动量,0.2420261605460326,-0.0009837130199253114
2020-12-09,ic_o_trdmom,趋势动量,0.1962223375112765,0.010801596422490968
2020-12-10,ic_o_trdmom,趋势动量,0.3274976125166114,0.02956184296057198
2020-12-11,ic_o_trdmom,趋势动量,0.3421738742519521,0.04836901222230304
2020-12-14,ic_o_trdmom,趋势动量,0.3228097190875715,0.0667112277448234
2020-12-15,ic_o_trdmom,趋势动量,0.4332052303045724,0.09090498967843416
2020-12-16,ic_o_trdmom,趋势动量,0.3662271580095433,0.10778892004461356
2020-12-17,ic_o_trdmom,趋势动量,0.4207269866247048,0.12403892337367459
2020-12-18,ic_o_trdmom,趋势动量,0.3982376081825334,0.13768645744211902
2020-12-21,ic_o_trdmom,趋势动量,0.2872258064516129,0.1509721058493631
2020-12-22,ic_o_trdmom,趋势动量,0.3228324154209284,0.17104929486895487
2020-12-23,ic_o_trdmom,趋势动量,0.4013973249409913,0.1926610945248744
2020-12-24,ic_o_trdmom,趋势动量,0.424554281001123,0.21315961410527806
2020-12-25,ic_o_trdmom,趋势动量,0.3820304988682917,0.22966598611002825
2020-12-28,ic_o_trdmom,趋势动量,0.33663310249153,0.2446802601424145
2020-12-29,ic_o_trdmom,趋势动量,0.450109284200847,0.27486602115489106
2020-12-30,ic_o_trdmom,趋势动量,0.3329367926850699,0.30303180159991705
2020-12-31,ic_o_trdmom,趋势动量,0.2763641794388335,0.3219721552623696
2021-01-04,ic_o_trdmom,趋势动量,0.104443967367969,0.3264227267976304
2021-01-05,ic_o_trdmom,趋势动量,0.0725539977971512,0.3220104168849573
2021-01-06,ic_o_trdmom,趋势动量,0.194224055855284,0.3196203116504199
2021-01-07,ic_o_trdmom,趋势动量,0.0543711613493382,0.312527752842323
2021-01-08,ic_o_trdmom,趋势动量,0.0624638303433083,0.2992760637336578
2021-01-11,ic_o_trdmom,趋势动量,0.1888849478223532,0.29161161741217784
2021-01-12,ic_o_trdmom,趋势动量,0.0967293296245823,0.2803075979390284
2021-01-13,ic_o_trdmom,趋势动量,0.125221684992626,0.26490842067343107
2021-01-14,ic_o_trdmom,趋势动量,0.1220340881512871,0.25269876718051826
2021-01-15,ic_o_trdmom,趋势动量,0.2922208311798794,0.246273459408277
2021-01-18,ic_o_trdmom,趋势动量,0.0879552709690667,0.23075934254760364
2021-01-19,ic_o_trdmom,趋势动量,0.1876740666760507,0.22578175555882551
2021-01-20,ic_o_trdmom,趋势动量,0.1032958724587899,0.2148049284107186
2021-01-21,ic_o_trdmom,趋势动量,0.015919315996789,0.19553102796350852
2021-01-22,ic_o_trdmom,趋势动量,-0.1104644650624451,0.1687800906603301
2021-01-25,ic_o_trdmom,趋势动量,-0.1869527880971493,0.14033092631205807
2021-01-26,ic_o_trdmom,趋势动量,-0.0560839696081542,0.12069507270707384
2021-01-27,ic_o_trdmom,趋势动量,-0.1013263763137752,0.09312328968134273
2021-01-28,ic_o_trdmom,趋势动量,-0.1178524091324882,0.07058382959046483
2021-01-29,ic_o_trdmom,趋势动量,-0.2198415068979035,0.045773545273627966
2021-02-01,ic_o_trdmom,趋势动量,-0.2699703175462504,0.02705283102791701
2021-02-02,ic_o_trdmom,趋势动量,-0.3192823940112382,0.0074610114374975365
2021-02-03,ic_o_trdmom,趋势动量,-0.3270814203259599,-0.018604262371564657
2021-02-04,ic_o_trdmom,趋势动量,-0.3394860641813056,-0.038297123648096856
2021-02-05,ic_o_trdmom,趋势动量,-0.3350990348535479,-0.05817526690793966
2021-02-08,ic_o_trdmom,趋势动量,-0.3064246644389269,-0.08294074752100367
2021-02-09,ic_o_trdmom,趋势动量,-0.3225493307446748,-0.10390468053946651
2021-02-10,ic_o_trdmom,趋势动量,-0.3845184535254913,-0.12939168746537238
2021-02-18,ic_o_trdmom,趋势动量,-0.2282468684077883,-0.14690573529332615
2021-02-19,ic_o_trdmom,趋势动量,-0.0498838485960079,-0.1640109692821205
2021-02-22,ic_o_trdmom,趋势动量,0.0679382828980529,-0.16501181868567122
2021-02-23,ic_o_trdmom,趋势动量,-0.0131401015785246,-0.17505252709839997
2021-02-24,ic_o_trdmom,趋势动量,0.0656585043713278,-0.17693439550277307
2021-02-25,ic_o_trdmom,趋势动量,0.0122136763305766,-0.1771196774860837
2021-02-26,ic_o_trdmom,趋势动量,-0.0091567569585752,-0.1720542920808902
2021-03-01,ic_o_trdmom,趋势动量,-0.1055640599622902,-0.16798485567414725
2021-03-02,ic_o_trdmom,趋势动量,-0.0992448709093284,-0.17014290073920596
2021-03-03,ic_o_trdmom,趋势动量,-0.0619317863610058,-0.16817317124156747
2021-03-04,ic_o_trdmom,趋势动量,-0.1224307876117759,-0.16840209016553187
2021-03-05,ic_o_trdmom,趋势动量,-0.1259008880245317,-0.16370505922186326
2021-03-08,ic_o_trdmom,趋势动量,-0.3462952937442828,-0.16752130803176493
2021-03-09,ic_o_trdmom,趋势动量,-0.2771995818320981,-0.16541716742280793
2021-03-10,ic_o_trdmom,趋势动量,-0.2038990935408139,-0.1592580510835506
2021-03-11,ic_o_trdmom,趋势动量,-0.1667164485597476,-0.1506195703024727
2021-03-12,ic_o_trdmom,趋势动量,-0.1635568540332667,-0.14204246126145864
2021-03-15,ic_o_trdmom,趋势动量,-0.4442961352006457,-0.1489360347995446
2021-03-16,ic_o_trdmom,趋势动量,-0.4543888961487483,-0.15552801306974826
2021-03-17,ic_o_trdmom,趋势动量,-0.296927212649579,-0.15114845102595265
2021-03-18,ic_o_trdmom,趋势动量,-0.2820253140926316,-0.1538373733101948
2021-03-19,ic_o_trdmom,趋势动量,-0.3244488211025444,-0.16756562193552163
2021-03-22,ic_o_trdmom,趋势动量,-0.4176078555827281,-0.19184292885956067
2021-03-23,ic_o_trdmom,趋势动量,-0.3333908936472081,-0.20785546846299488
2021-03-24,ic_o_trdmom,趋势动量,-0.3699805850616984,-0.22963742293464615
2021-03-25,ic_o_trdmom,趋势动量,-0.2542516848059439,-0.2429606909914722
2021-03-26,ic_o_trdmom,趋势动量,-0.1584464315716765,-0.2504251747221272
2021-03-29,ic_o_trdmom,趋势动量,-0.1792614856161442,-0.25411004600481996
2021-03-30,ic_o_trdmom,趋势动量,-0.1090503481621147,-0.25460031986745923
2021-03-31,ic_o_trdmom,趋势动量,-0.1155748875240353,-0.25728247492561074
2021-04-01,ic_o_trdmom,趋势动量,0.0733614834710809,-0.24749286137146792
2021-04-02,ic_o_trdmom,趋势动量,0.0996090172226782,-0.23621736610910743
2021-04-06,ic_o_trdmom,趋势动量,0.0576474321877275,-0.2160202298125069
2021-04-07,ic_o_trdmom,趋势动量,0.037733163296882,-0.20027359255605787
2021-04-08,ic_o_trdmom,趋势动量,0.1348523051183375,-0.18333602262310034
2021-04-09,ic_o_trdmom,趋势动量,0.1136147254839733,-0.1693194639209143
2021-04-12,ic_o_trdmom,趋势动量,0.0411774039987305,-0.1590827510193144
2021-04-13,ic_o_trdmom,趋势动量,-0.0874325610917169,-0.141239572313868
2021-04-14,ic_o_trdmom,趋势动量,-0.038988556387328,-0.12046955532579698
2021-04-15,ic_o_trdmom,趋势动量,-0.0338921350831668,-0.10731780144747635
2021-04-16,ic_o_trdmom,趋势动量,-0.0259581458733922,-0.09451444303651438
2021-04-19,ic_o_trdmom,趋势动量,-0.0166940467078611,-0.07912670431678022
2021-04-20,ic_o_trdmom,趋势动量,0.0812673847704743,-0.054182942299120095
2021-04-21,ic_o_trdmom,趋势动量,0.0471418970634905,-0.03515630276358516
2021-04-22,ic_o_trdmom,趋势动量,0.020689285023962,-0.015622809259302145
2021-04-23,ic_o_trdmom,趋势动量,0.0505979084580268,-0.0003803295961036089
2021-04-26,ic_o_trdmom,趋势动量,0.0576334310302985,0.010423663533995143
2021-04-27,ic_o_trdmom,趋势动量,0.0107388877480538,0.019923682202205042
2021-04-28,ic_o_trdmom,趋势动量,-0.0185748688558254,0.024447456167519508
2021-04-29,ic_o_trdmom,趋势动量,0.1062501166763119,0.035538706377536866
2021-04-30,ic_o_trdmom,趋势动量,-0.012302350327627,0.031255514687601474
2021-05-06,ic_o_trdmom,趋势动量,-0.046623854238617,0.02394387111453671
2021-05-07,ic_o_trdmom,趋势动量,-0.1914520500636606,0.011488897001967306
2021-05-10,ic_o_trdmom,趋势动量,-0.3615518882894319,-0.00847535557734839
2021-05-11,ic_o_trdmom,趋势动量,-0.2720938264229843,-0.02882266215441448
2021-05-12,ic_o_trdmom,趋势动量,-0.2812079576356089,-0.04856379631039359
2021-05-13,ic_o_trdmom,趋势动量,-0.2439048294659024,-0.06281790798362523
2021-05-14,ic_o_trdmom,趋势动量,0.0097634737804991,-0.05795810624001444
2021-05-17,ic_o_trdmom,趋势动量,0.0685403326675005,-0.05258166178727301
2021-05-18,ic_o_trdmom,趋势动量,-0.005647133496369,-0.05116941170793312
2021-05-19,ic_o_trdmom,趋势动量,0.0080039949969197,-0.04947130466441753
2021-05-20,ic_o_trdmom,趋势动量,0.0617124348946179,-0.04555098058429358
2021-05-21,ic_o_trdmom,趋势动量,0.0856404129408031,-0.045332329175777134
2021-05-24,ic_o_trdmom,趋势动量,0.0685123303526424,-0.044263807511319544
2021-05-25,ic_o_trdmom,趋势动量,-0.0338361304534508,-0.04699007828519018
2021-05-26,ic_o_trdmom,趋势动量,-0.0934203894188586,-0.054190993179034454
2021-05-27,ic_o_trdmom,趋势动量,0.0086387242130524,-0.05664072851989675
2021-05-28,ic_o_trdmom,趋势动量,-0.0742225556576331,-0.0608888006901811
2021-05-31,ic_o_trdmom,趋势动量,-0.010995588463507,-0.06050983667056518
2021-06-01,ic_o_trdmom,趋势动量,0.1290440009707469,-0.05937014245584342
2021-06-02,ic_o_trdmom,趋势动量,0.1359259290874206,-0.05195872848509105
2021-06-03,ic_o_trdmom,趋势动量,-0.0218612818261633,-0.05072059986446836
2021-06-04,ic_o_trdmom,趋势动量,-0.0174617110525802,-0.04202108291391435
2021-06-07,ic_o_trdmom,趋势动量,-0.0500975514583943,-0.026448366072362468
2021-06-08,ic_o_trdmom,趋势动量,-0.0315774070822358,-0.01442254510532504
2021-06-09,ic_o_trdmom,趋势动量,0.0772314896107696,0.003499427256993885
2021-06-10,ic_o_trdmom,趋势动量,0.0695644584097058,0.019172891650774296
2021-06-11,ic_o_trdmom,趋势动量,0.1226774930829182,0.024818592615895252
2021-06-15,ic_o_trdmom,趋势动量,0.1066621778326413,0.026724684874152287
2021-06-16,ic_o_trdmom,趋势动量,-0.0342173842566615,0.02529617233613767
2021-06-17,ic_o_trdmom,趋势动量,-0.0684522250900884,0.02147336133178726
2021-06-18,ic_o_trdmom,趋势动量,-0.0900983802790558,0.013882820573103577
2021-06-21,ic_o_trdmom,趋势动量,-0.1147121535181236,0.00386519225015724
2021-06-22,ic_o_trdmom,趋势动量,-0.01687552213868,-0.00040420037440887983
2021-06-23,ic_o_trdmom,趋势动量,0.0810708362947169,0.005341147962999505
2021-06-24,ic_o_trdmom,趋势动量,0.0945722515243332,0.014740780010159094
2021-06-25,ic_o_trdmom,趋势动量,0.0880206809091796,0.018709877844965455
2021-06-28,ic_o_trdmom,趋势动量,0.0906132214092242,0.02695166669830832
2021-06-29,ic_o_trdmom,趋势动量,0.0831577407082236,0.03165933315689485
2021-06-30,ic_o_trdmom,趋势动量,0.0721736734372539,0.0288158167802202
2021-07-01,ic_o_trdmom,趋势动量,0.0735750275547157,0.025698271703584952
2021-07-02,ic_o_trdmom,趋势动量,0.1056172256337584,0.03207219707658104
2021-07-05,ic_o_trdmom,趋势动量,0.1490080302314596,0.040395684140783025
2021-07-06,ic_o_trdmom,趋势动量,0.0952881435994331,0.0476649688936744
2021-07-07,ic_o_trdmom,趋势动量,0.1522398047551566,0.05685582948554402
2021-07-08,ic_o_trdmom,趋势动量,0.1043891753161182,0.05821371377081146
2021-07-09,ic_o_trdmom,趋势动量,0.1909268136188273,0.06428183153126751
2021-07-12,ic_o_trdmom,趋势动量,0.1331089592190206,0.06480340483807265
2021-07-13,ic_o_trdmom,趋势动量,0.1918792316170681,0.06906425752729398
2021-07-14,ic_o_trdmom,趋势动量,0.0914974019839395,0.07534999683932404
2021-07-15,ic_o_trdmom,趋势动量,0.1042867264997638,0.08398694441881664
2021-07-16,ic_o_trdmom,趋势动量,0.125366084081247,0.09476016763683179
2021-07-19,ic_o_trdmom,趋势动量,-0.0155310340212581,0.09971922361167507
2021-07-20,ic_o_trdmom,趋势动量,0.0021925680995118,0.10067262812358466
2021-07-21,ic_o_trdmom,趋势动量,-0.0810070077616198,0.09256873592076782
2021-07-22,ic_o_trdmom,趋势动量,-0.005227523224689,0.08757874718331671
2021-07-23,ic_o_trdmom,趋势动量,0.0111124232404345,0.08373333429987946
2021-07-26,ic_o_trdmom,趋势动量,0.084951188789167,0.08345023266887659
2021-07-27,ic_o_trdmom,趋势动量,0.0481552929828791,0.08170011028260936
2021-07-28,ic_o_trdmom,趋势动量,0.077192347882003,0.08195104400484683
2021-07-29,ic_o_trdmom,趋势动量,0.0101278134071,0.07877868329746604
2021-07-30,ic_o_trdmom,趋势动量,-0.0086890121372879,0.07306337140891372
2021-08-02,ic_o_trdmom,趋势动量,0.0708102242585001,0.06915348111026574
2021-08-03,ic_o_trdmom,趋势动量,0.0164938509766096,0.06521376647912457
2021-08-04,ic_o_trdmom,趋势动量,-0.1007872775940796,0.05256241236166277
2021-08-05,ic_o_trdmom,趋势动量,-0.0373445126751692,0.045475727962098395
2021-08-06,ic_o_trdmom,趋势动量,-0.1038419146591087,0.030737291548201588
2021-08-09,ic_o_trdmom,趋势动量,-0.0430365296803652,0.0219300171032323
2021-08-10,ic_o_trdmom,趋势动量,0.0083372697213037,0.01275291900844408
2021-08-11,ic_o_trdmom,趋势动量,0.089249724452842,0.012640535131889206
2021-08-12,ic_o_trdmom,趋势动量,0.1590969925995906,0.015381048436880545
2021-08-13,ic_o_trdmom,趋势动量,0.2426982391536357,0.02124765619049998
2021-08-16,ic_o_trdmom,趋势动量,0.3183356951661155,0.03794099264986866
2021-08-17,ic_o_trdmom,趋势动量,0.4250196819398519,0.05908234834188566
2021-08-18,ic_o_trdmom,趋势动量,0.4067942056369075,0.08347240901181203
2021-08-19,ic_o_trdmom,趋势动量,0.31828058573453,0.09964781445977297
2021-08-20,ic_o_trdmom,趋势动量,0.2660368445914028,0.11239403552732138
2021-08-23,ic_o_trdmom,趋势动量,0.273368636207655,0.12181490789824578
2021-08-24,ic_o_trdmom,趋势动量,0.3055109431585576,0.13468269040702974
2021-08-25,ic_o_trdmom,趋势动量,0.3545819555975436,0.14855217079280675
2021-08-26,ic_o_trdmom,趋势动量,0.1726027397260273,0.15667591710875312
2021-08-27,ic_o_trdmom,趋势动量,0.0846559596913871,0.16134316570018686
2021-08-30,ic_o_trdmom,趋势动量,-0.0530152731853251,0.15515189082799558
2021-08-31,ic_o_trdmom,趋势动量,-0.1172257491200271,0.1484659108231638
2021-09-01,ic_o_trdmom,趋势动量,-0.1308415997480711,0.14696319471546418
2021-09-02,ic_o_trdmom,趋势动量,-0.3190560541646984,0.13287761764098774
2021-09-03,ic_o_trdmom,趋势动量,-0.2363960758110849,0.12624990958338894
2021-09-06,ic_o_trdmom,趋势动量,-0.2967800346402141,0.11356273433539647
2021-09-07,ic_o_trdmom,趋势动量,-0.3429066288773421,0.09600053940546419
2021-09-08,ic_o_trdmom,趋势动量,-0.4138820794779199,0.07084394920892609
2021-09-09,ic_o_trdmom,趋势动量,-0.3628995433789954,0.0447441224099968
2021-09-10,ic_o_trdmom,趋势动量,-0.3054597701149425,0.017336221946567885
2021-09-13,ic_o_trdmom,趋势动量,-0.4671036057313809,-0.021935743098306933
2021-09-14,ic_o_trdmom,趋势动量,-0.3212053219965359,-0.05924699329512632
2021-09-15,ic_o_trdmom,趋势动量,-0.5237364194615021,-0.10577352455004681
2021-09-16,ic_o_trdmom,趋势动量,-0.418607305936073,-0.14261791913357696
2021-09-17,ic_o_trdmom,趋势动量,-0.4099393796252558,-0.17641673034440988
2021-09-22,ic_o_trdmom,趋势动量,-0.5147048837832006,-0.21582040634395266
2021-09-23,ic_o_trdmom,趋势动量,-0.5441977641316328,-0.25830584170846216
2021-09-24,ic_o_trdmom,趋势动量,-0.4518840722553118,-0.29862914310110494
2021-09-27,ic_o_trdmom,趋势动量,-0.3060659738623839,-0.3225625787805255
2021-09-28,ic_o_trdmom,趋势动量,-0.3312509840969926,-0.34335792596994447
2021-09-29,ic_o_trdmom,趋势动量,-0.3113289245788064,-0.3562736085396186
2021-09-30,ic_o_trdmom,趋势动量,-0.2506219492993229,-0.3629434185485833
2021-10-08,ic_o_trdmom,趋势动量,-0.2197882223271925,-0.3673907496775394
2021-10-11,ic_o_trdmom,趋势动量,-0.115178712013856,-0.35719688256999726
2021-10-12,ic_o_trdmom,趋势动量,-0.1575736104550464,-0.3532557593021954
2021-10-13,ic_o_trdmom,趋势动量,0.0241615493623051,-0.3372086801020694
2021-10-14,ic_o_trdmom,趋势动量,0.036870214208621,-0.31821983794777126
2021-10-15,ic_o_trdmom,趋势动量,0.0923909620532199,-0.29290618587121425
2021-10-18,ic_o_trdmom,趋势动量,0.0641434419776413,-0.27155403660338245
2021-10-19,ic_o_trdmom,趋势动量,0.0743374501831991,-0.2525641755884754
2021-10-20,ic_o_trdmom,趋势动量,0.0789914974019839,-0.22525942043180716
2021-10-21,ic_o_trdmom,趋势动量,-0.0169618957644465,-0.21004724912020264
2021-10-22,ic_o_trdmom,趋势动量,0.0733073531727287,-0.1801950604884911
2021-10-25,ic_o_trdmom,趋势动量,0.0831994961423397,-0.15510472038457046
2021-10-26,ic_o_trdmom,趋势动量,0.0222130373169579,-0.13349709953745978
2021-10-27,ic_o_trdmom,趋势动量,-0.210770169505663,-0.11830036382358292
2021-10-28,ic_o_trdmom,趋势动量,-0.2686387970398362,-0.10452241546899307
2021-10-29,ic_o_trdmom,趋势动量,-0.2159740749234187,-0.09272691560239843
2021-11-01,ic_o_trdmom,趋势动量,-0.1874153676586364,-0.08679438529221105
2021-11-02,ic_o_trdmom,趋势动量,-0.2768720249489855,-0.08407543733481068
2021-11-03,ic_o_trdmom,趋势动量,-0.2395295970199145,-0.08048547095686609
2021-11-04,ic_o_trdmom,趋势动量,-0.3135710061123842,-0.08363292379751916
2021-11-05,ic_o_trdmom,趋势动量,-0.3528227373867412,-0.0902846495504966
2021-11-08,ic_o_trdmom,趋势动量,-0.4051255758205156,-0.10478199274082958
2021-11-09,ic_o_trdmom,趋势动量,-0.473252243741143,-0.1205659244051344
2021-11-10,ic_o_trdmom,趋势动量,-0.4202330341678476,-0.14278565358164205
2021-11-11,ic_o_trdmom,趋势动量,-0.4462228240580315,-0.16694030549497468
2021-11-12,ic_o_trdmom,趋势动量,-0.4807864903164855,-0.19559917811345992
2021-11-15,ic_o_trdmom,趋势动量,-0.4868946514037867,-0.22315108278253132
2021-11-16,ic_o_trdmom,趋势动量,-0.4208527037219809,-0.24791059047779035
2021-11-17,ic_o_trdmom,趋势动量,-0.3875569551927076,-0.2712380131075249
2021-11-18,ic_o_trdmom,趋势动量,-0.4230885808904645,-0.29154434736382584
2021-11-19,ic_o_trdmom,趋势动量,-0.3280428279011179,-0.31161185641751815
2021-11-22,ic_o_trdmom,趋势动量,-0.3086063166114162,-0.33120214705520595
2021-11-23,ic_o_trdmom,趋势动量,-0.1767753109746496,-0.34115156446978634
2021-11-24,ic_o_trdmom,趋势动量,-0.1297395387927123,-0.33710003293413876
2021-11-25,ic_o_trdmom,趋势动量,-0.1327174192228433,-0.3303039640432891
2021-11-26,ic_o_trdmom,趋势动量,-0.1611439143441977,-0.3275624560143281
2021-11-29,ic_o_trdmom,趋势动量,-0.1548107065348444,-0.32593222295813845
2021-11-30,ic_o_trdmom,趋势动量,-0.1280123462868846,-0.31848923902503345
2021-12-01,ic_o_trdmom,趋势动量,-0.0956072662969214,-0.3112931224888838
2021-12-02,ic_o_trdmom,趋势动量,-0.0540349671305619,-0.2983163205397927
2021-12-03,ic_o_trdmom,趋势动量,-0.156409068905323,-0.2884956371157218
2021-12-06,ic_o_trdmom,趋势动量,-0.0071187726457018,-0.26859529695698103
2021-12-07,ic_o_trdmom,趋势动量,0.0232338832878239,-0.2437709906055327
2021-12-08,ic_o_trdmom,趋势动量,-7.334589294433467e-05,-0.22276300619178757
2021-12-09,ic_o_trdmom,趋势动量,-0.0419077915423944,-0.2025472545660057
2021-12-10,ic_o_trdmom,趋势动量,-0.1791840164630095,-0.1874671308733319
2021-12-13,ic_o_trdmom,趋势动量,-0.2065278391936139,-0.17344879026282328
2021-12-14,ic_o_trdmom,趋势动量,-0.2627794740470796,-0.16554512877907818
2021-12-15,ic_o_trdmom,趋势动量,-0.2379346006106569,-0.15806401104997564
2021-12-16,ic_o_trdmom,趋势动量,-0.2370399553498145,-0.14876157977294316
2021-12-17,ic_o_trdmom,趋势动量,-0.195467677862044,-0.14213282227098947
2021-12-20,ic_o_trdmom,趋势动量,-0.0540523903136233,-0.12940512595609982
2021-12-21,ic_o_trdmom,趋势动量,0.0279843396040579,-0.11916714342716446
2021-12-22,ic_o_trdmom,趋势动量,0.0863866180767589,-0.10836083558369088
2021-12-23,ic_o_trdmom,趋势动量,-0.025698479923832,-0.10300988861874032
2021-12-24,ic_o_trdmom,趋势动量,-0.0738821038116812,-0.09864679809211449
2021-12-27,ic_o_trdmom,趋势动量,-0.0305575020493919,-0.09243413786784187
2021-12-28,ic_o_trdmom,趋势动量,-0.0056223177286686,-0.08631463643993106
2021-12-29,ic_o_trdmom,趋势动量,0.2056288781640894,-0.07125282921688053
2021-12-30,ic_o_trdmom,趋势动量,0.1249138185757904,-0.06230538993156291
2021-12-31,ic_o_trdmom,趋势动量,0.0366493756791667,-0.052652467702338446
2022-01-04,ic_o_trdmom,趋势动量,0.1836569413404957,-0.043113682003028564
2022-01-05,ic_o_trdmom,趋势动量,0.2711233674369016,-0.030719207795574677
2022-01-06,ic_o_trdmom,趋势动量,0.3848440735652922,-0.011473336822662846
2022-01-07,ic_o_trdmom,趋势动量,0.371927090808439,0.009218407294878822
2022-01-10,ic_o_trdmom,趋势动量,0.3263827664213123,0.03449674643909491
2022-01-11,ic_o_trdmom,趋势动量,0.1787293516221406,0.05375960597988264
2022-01-12,ic_o_trdmom,趋势动量,0.3351991197315454,0.08365853566881389
2022-01-13,ic_o_trdmom,趋势动量,0.2651042116064257,0.10881047627966803
2022-01-14,ic_o_trdmom,趋势动量,0.2142210315181129,0.1313735256230644
2022-01-17,ic_o_trdmom,趋势动量,0.1298054251327579,0.14763718077280447
2022-01-18,ic_o_trdmom,趋势动量,0.1585303344063313,0.15826631700880223
2022-01-19,ic_o_trdmom,趋势动量,0.0961625097268661,0.16167522551494262
2022-01-20,ic_o_trdmom,趋势动量,-0.0143882886023004,0.15663648018098966
2022-01-21,ic_o_trdmom,趋势动量,-0.1096549320320669,0.1524386575755779
2022-01-24,ic_o_trdmom,趋势动量,-0.0302195887068665,0.15462178333081864
2022-01-25,ic_o_trdmom,趋势动量,-0.0464656674799581,0.15382637505929034
2022-01-26,ic_o_trdmom,趋势动量,0.0403138386682081,0.15612318287913415
2022-01-27,ic_o_trdmom,趋势动量,0.1051845624970099,0.1511009670957802
2022-01-28,ic_o_trdmom,趋势动量,0.0572994621341042,0.14772024927369587
2022-02-07,ic_o_trdmom,趋势动量,0.1460508768947806,0.15319032433447657
2022-02-08,ic_o_trdmom,趋势动量,0.0411395649232157,0.14606445551361258
2022-02-09,ic_o_trdmom,趋势动量,0.1230735584578899,0.138661965064662
2022-02-10,ic_o_trdmom,趋势动量,-0.1022491952514711,0.11430730162382383
2022-02-11,ic_o_trdmom,趋势动量,-0.2245641372617363,0.08448274022031507
2022-02-14,ic_o_trdmom,趋势动量,-0.1776119300979367,0.05928300539435262
2022-02-15,ic_o_trdmom,趋势动量,-0.0894313110395779,0.04587497226126669
2022-02-16,ic_o_trdmom,趋势动量,-0.1379827636875593,0.022215878090311454
2022-02-17,ic_o_trdmom,趋势动量,-0.1455210874869292,0.0016846131356437089
2022-02-18,ic_o_trdmom,趋势动量,-0.1027891114619427,-0.01416589401335907
2022-02-21,ic_o_trdmom,趋势动量,-0.0670145367313882,-0.024006892106566376
2022-02-22,ic_o_trdmom,趋势动量,0.0396736237891531,-0.02994972763742528
2022-02-23,ic_o_trdmom,趋势动量,0.1377879837888449,-0.027868453934326343
2022-02-24,ic_o_trdmom,趋势动量,0.1505409413678333,-0.01962199243581966
2022-02-25,ic_o_trdmom,趋势动量,0.1359187801994272,-0.007343306824244953
2022-02-28,ic_o_trdmom,趋势动量,0.1392334556687784,0.001129345394537292
2022-03-01,ic_o_trdmom,趋势动量,0.1520171679686164,0.011053487166966016
2022-03-02,ic_o_trdmom,趋势动量,0.1134815027440045,0.014711870370755836
2022-03-03,ic_o_trdmom,趋势动量,0.0361367969983392,0.011259482095822301
2022-03-04,ic_o_trdmom,趋势动量,0.0904222964891777,0.012915623813575977
2022-03-07,ic_o_trdmom,趋势动量,0.0961768464792678,0.010421922292800336
2022-03-08,ic_o_trdmom,趋势动量,0.0618921671143187,0.011459552402355487
2022-03-09,ic_o_trdmom,趋势动量,-0.0263909676802055,0.003986326095450716
2022-03-10,ic_o_trdmom,趋势动量,0.0040288684313042,0.00930022927958948
2022-03-11,ic_o_trdmom,趋势动量,0.049844902101678,0.023020681247760195
2022-03-14,ic_o_trdmom,趋势动量,0.0728374305455887,0.03554314927993647
2022-03-15,ic_o_trdmom,趋势动量,-0.0844900525564007,0.035790212204095326
2022-03-16,ic_o_trdmom,趋势动量,-0.0806730499798385,0.038655697889481366
2022-03-17,ic_o_trdmom,趋势动量,-0.0621928799404041,0.04282210826680762
2022-03-18,ic_o_trdmom,趋势动量,0.0584168836583082,0.05088240802282016
2022-03-21,ic_o_trdmom,趋势动量,-0.0312194855243499,0.05267216058317209
2022-03-22,ic_o_trdmom,趋势动量,0.1091810608850418,0.05614753243796651
2022-03-23,ic_o_trdmom,趋势动量,0.1316062848980651,0.05583844749342752
2022-03-24,ic_o_trdmom,趋势动量,0.1731251580450932,0.05696765832729052
2022-03-25,ic_o_trdmom,趋势动量,0.2458498212808999,0.06246421038136416
2022-03-28,ic_o_trdmom,趋势动量,0.1776358504363753,0.06438433011974401
2022-03-29,ic_o_trdmom,趋势动量,0.1181117968274796,0.06268906156268717
2022-03-30,ic_o_trdmom,趋势动量,0.1483710249523301,0.06443353767310343
2022-03-31,ic_o_trdmom,趋势动量,0.1247753196782372,0.06886546380709835
2022-04-01,ic_o_trdmom,趋势动量,0.1632255551227113,0.07250562673877502
2022-04-06,ic_o_trdmom,趋势动量,0.0430326888510719,0.06984841885736523
2022-04-07,ic_o_trdmom,趋势动量,0.0208927070305291,0.06779844585317575
2022-04-08,ic_o_trdmom,趋势动量,-0.208794004879749,0.058678293993198585
2022-04-11,ic_o_trdmom,趋势动量,-0.3844408450030413,0.039254808321481295
2022-04-12,ic_o_trdmom,趋势动量,-0.2930343974466747,0.022110843344063665
2022-04-13,ic_o_trdmom,趋势动量,-0.3309207963422385,0.0019229319996723032
2022-04-14,ic_o_trdmom,趋势动量,-0.3377597501360972,-0.010740552879312523
2022-04-15,ic_o_trdmom,趋势动量,-0.3792296284146282,-0.02566838180105201
2022-04-18,ic_o_trdmom,趋势动量,-0.1576778799044786,-0.030442631799255732
2022-04-19,ic_o_trdmom,趋势动量,-0.2954206064185484,-0.04813450630309856
2022-04-20,ic_o_trdmom,趋势动量,-0.3518545096672338,-0.06416625751024276
2022-04-21,ic_o_trdmom,趋势动量,-0.325542000697107,-0.08590241058935019
2022-04-22,ic_o_trdmom,趋势动量,-0.3944545137678633,-0.1122054505226466
2022-04-25,ic_o_trdmom,趋势动量,-0.4865841756709654,-0.14519091720844954
2022-04-26,ic_o_trdmom,趋势动量,-0.556886159712794,-0.18532771625813424
2022-04-27,ic_o_trdmom,趋势动量,-0.4119728128267689,-0.21480814942129145
2022-04-28,ic_o_trdmom,趋势动量,-0.4704413301163602,-0.24423580576848342
2022-04-29,ic_o_trdmom,趋势动量,-0.2355640757522946,-0.2634325608037147
2022-05-05,ic_o_trdmom,趋势动量,-0.2402868392749249,-0.2816856687513728
2022-05-06,ic_o_trdmom,趋势动量,-0.2494857127235697,-0.30232123214368684
2022-05-09,ic_o_trdmom,趋势动量,-0.1964303715786281,-0.31429438516517183
2022-05-10,ic_o_trdmom,趋势动量,-0.2073382018051846,-0.3257059306069575
2022-05-11,ic_o_trdmom,趋势动量,-0.0672229853949247,-0.3186273796327163
2022-05-12,ic_o_trdmom,趋势动量,-0.106845317422891,-0.30474760325370875
2022-05-13,ic_o_trdmom,趋势动量,-0.1165710419400115,-0.29592443547837566
2022-05-16,ic_o_trdmom,趋势动量,-0.1100574771560767,-0.28488126951906756
2022-05-17,ic_o_trdmom,趋势动量,-0.1829051592752821,-0.2771385399760268
2022-05-18,ic_o_trdmom,趋势动量,-0.1512824718594304,-0.2657411821482669
2022-05-19,ic_o_trdmom,趋势动量,-0.1987404233216465,-0.2677943093191253
2022-05-20,ic_o_trdmom,趋势动量,-0.0668060880678517,-0.25636358340159043
2022-05-23,ic_o_trdmom,趋势动量,-0.1087555273067749,-0.2442086342835675
2022-05-24,ic_o_trdmom,趋势动量,-0.129528632645111,-0.23440796588096774
2022-05-25,ic_o_trdmom,趋势动量,-0.1855090589738858,-0.22396069314126885
2022-05-26,ic_o_trdmom,趋势动量,-0.1743724328351068,-0.2083501059994759
2022-05-27,ic_o_trdmom,趋势动量,-0.1863326020544153,-0.18982242811655697
2022-05-30,ic_o_trdmom,趋势动量,-0.0741359632036851,-0.17293058563540278
2022-05-31,ic_o_trdmom,趋势动量,-0.0488589998564779,-0.15185146912240866
2022-06-01,ic_o_trdmom,趋势动量,-0.1158051927637559,-0.14586352497298175
2022-06-02,ic_o_trdmom,趋势动量,-0.1857558113693942,-0.14313697357770522
2022-06-06,ic_o_trdmom,趋势动量,-0.2147739899551091,-0.14140138743928216
2022-06-07,ic_o_trdmom,趋势动量,-0.1095497577670118,-0.13705735674870134
2022-06-08,ic_o_trdmom,趋势动量,-0.1060616970191956,-0.1319935315094019
2022-06-09,ic_o_trdmom,趋势动量,-0.055364238410596,-0.13140059416018546
2022-06-10,ic_o_trdmom,趋势动量,-0.1671843193030801,-0.13441754425419492
2022-06-13,ic_o_trdmom,趋势动量,-0.3644908662607227,-0.14681353547023046
2022-06-14,ic_o_trdmom,趋势动量,-0.4182923685497133,-0.16222528003991232
2022-06-15,ic_o_trdmom,趋势动量,-0.4099222187652784,-0.17357613301441213
2022-06-16,ic_o_trdmom,趋势动量,-0.2506226943419707,-0.17854314413853917
2022-06-17,ic_o_trdmom,趋势动量,-0.2191012933908173,-0.1795611876419977
2022-06-20,ic_o_trdmom,趋势动量,-0.098367038535046,-0.1811392351653574
2022-06-21,ic_o_trdmom,趋势动量,-0.0874350748345381,-0.18007321254174555
2022-06-22,ic_o_trdmom,趋势动量,-0.0655158007022534,-0.17687257094460268
2022-06-23,ic_o_trdmom,趋势动量,-0.1897631005822481,-0.1770852730250208
2022-06-24,ic_o_trdmom,趋势动量,-0.1880974159718206,-0.1777715221818565
2022-06-27,ic_o_trdmom,趋势动量,-0.2742006311391617,-0.1821649236360938
2022-06-28,ic_o_trdmom,趋势动量,-0.3197030979154629,-0.19444328037168268
2022-06-29,ic_o_trdmom,趋势动量,-0.2540539579536868,-0.20470302827654313
2022-06-30,ic_o_trdmom,趋势动量,-0.4660239288141486,-0.22221396507906274
2022-07-01,ic_o_trdmom,趋势动量,-0.446432014667067,-0.2352477752439464
2022-07-04,ic_o_trdmom,趋势动量,-0.3765421757203142,-0.24333618453220668
2022-07-05,ic_o_trdmom,趋势动量,-0.3908488881161985,-0.25740114104966605
2022-07-06,ic_o_trdmom,趋势动量,-0.3426783202415008,-0.2692319722107813
2022-07-07,ic_o_trdmom,趋势动量,-0.3253275592293467,-0.2827301382517188
2022-07-08,ic_o_trdmom,趋势动量,-0.332639228587631,-0.2910028837159463
2022-07-11,ic_o_trdmom,趋势动量,-0.4200502599927296,-0.29378085340254667
2022-07-12,ic_o_trdmom,趋势动量,-0.459189834205244,-0.29582572668532325
2022-07-13,ic_o_trdmom,趋势动量,-0.4924404545526386,-0.29995163847469125
2022-07-14,ic_o_trdmom,趋势动量,-0.515816092680691,-0.31321130839162725
2022-07-15,ic_o_trdmom,趋势动量,-0.4938344581245751,-0.32694796662831516
2022-07-18,ic_o_trdmom,趋势动量,-0.3766388840377368,-0.3408615589034497
2022-07-19,ic_o_trdmom,趋势动量,-0.22497581823007,-0.3477385960732263
2022-07-20,ic_o_trdmom,趋势动量,-0.2326634087141864,-0.3560959764738229
2022-07-21,ic_o_trdmom,趋势动量,-0.1360311549726414,-0.3534093791933426
2022-07-22,ic_o_trdmom,趋势动量,-0.1467338907240283,-0.35134120293095294
2022-07-25,ic_o_trdmom,趋势动量,-0.1523653430208177,-0.34524943852503576
2022-07-26,ic_o_trdmom,趋势动量,-0.086908694346541,-0.3336097183465897
2022-07-27,ic_o_trdmom,趋势动量,-0.0727062951431145,-0.32454233520606107
2022-07-28,ic_o_trdmom,趋势动量,0.0007776074346857,-0.30120225839361936
2022-07-29,ic_o_trdmom,趋势动量,-0.0468620595917044,-0.2812237606398512
2022-08-01,ic_o_trdmom,趋势动量,-0.1269524165513953,-0.2687442726814052
2022-08-02,ic_o_trdmom,趋势动量,-0.2574354759684531,-0.262073602074018
2022-08-03,ic_o_trdmom,趋势动量,-0.3524047351867364,-0.2625599228212797
2022-08-04,ic_o_trdmom,趋势动量,-0.3022933097311564,-0.2614082103463703
2022-08-05,ic_o_trdmom,趋势动量,-0.3290546451413563,-0.2612289811740566
2022-08-08,ic_o_trdmom,趋势动量,-0.2837129174503326,-0.25441211404693664
2022-08-09,ic_o_trdmom,趋势动量,-0.3357430734459704,-0.248239776008973
2022-08-10,ic_o_trdmom,趋势动量,-0.2777038453635946,-0.23750294554952078
2022-08-11,ic_o_trdmom,趋势动量,-0.2830996823189138,-0.22586712503143197
2022-08-12,ic_o_trdmom,趋势动量,-0.1036763317130855,-0.20635921871085747
2022-08-15,ic_o_trdmom,趋势动量,-0.0869119240346749,-0.19187287071070439
2022-08-16,ic_o_trdmom,趋势动量,-0.1017056841391629,-0.185709364006159
2022-08-17,ic_o_trdmom,趋势动量,-0.1058135412974122,-0.17936687063532028
2022-08-18,ic_o_trdmom,趋势动量,-0.2563307660081853,-0.1853818511870975
2022-08-19,ic_o_trdmom,趋势动量,-0.0329638103831652,-0.17969334717005433
2022-08-22,ic_o_trdmom,趋势动量,-0.0348394664674764,-0.17381705334238726
2022-08-23,ic_o_trdmom,趋势动量,-0.0729270729270729,-0.17311797227141384
2022-08-24,ic_o_trdmom,趋势动量,0.1390641616448068,-0.1625294494320178
2022-08-25,ic_o_trdmom,趋势动量,0.2002813295190529,-0.15255426332779945
2022-08-26,ic_o_trdmom,趋势动量,0.2609430935509523,-0.1371640056706666
2022-08-29,ic_o_trdmom,趋势动量,0.1818178944540152,-0.12172549012039609
2022-08-30,ic_o_trdmom,趋势动量,0.2871776067848779,-0.09449483598272954
2022-08-31,ic_o_trdmom,趋势动量,0.3635286019888619,-0.058698169123949616
2022-09-01,ic_o_trdmom,趋势动量,0.3320288915933049,-0.026982059057726555
2022-09-02,ic_o_trdmom,趋势动量,0.4204896398033854,0.010495155189510528
2022-09-05,ic_o_trdmom,趋势动量,0.3753157054574765,0.043446586334900984
2022-09-06,ic_o_trdmom,趋势动量,0.3635219926980765,0.07840983964210332
2022-09-07,ic_o_trdmom,趋势动量,0.240081553950467,0.10429910960780642
2022-09-08,ic_o_trdmom,趋势动量,0.1897146867126695,0.12793982805938559
2022-09-09,ic_o_trdmom,趋势动量,0.1573376091239836,0.14099052510123905
2022-09-13,ic_o_trdmom,趋势动量,0.2175941584612223,0.1562158292260339
2022-09-14,ic_o_trdmom,趋势动量,0.2398666055538872,0.1732944437106864
2022-09-15,ic_o_trdmom,趋势动量,0.1347947716963537,0.18532485936037468
2022-09-16,ic_o_trdmom,趋势动量,0.1144458870935597,0.2038636920154619
2022-09-19,ic_o_trdmom,趋势动量,0.0074568127578195,0.20588472317251116
2022-09-20,ic_o_trdmom,趋势动量,0.0752224557854309,0.21138781928515651
2022-09-21,ic_o_trdmom,趋势动量,-0.0960029839918935,0.21023402373191552
2022-09-22,ic_o_trdmom,趋势动量,-0.1125160025920247,0.19765501552007392
2022-09-23,ic_o_trdmom,趋势动量,-0.1145927834236854,0.18191130987293702
2022-09-26,ic_o_trdmom,趋势动量,-0.3007983916790556,0.15382423561143663
2022-09-27,ic_o_trdmom,趋势动量,-0.3024829700810797,0.12960919238468188
2022-09-28,ic_o_trdmom,趋势动量,-0.4118822209226975,0.09465620099930311
2022-09-29,ic_o_trdmom,趋势动量,-0.3675870461981002,0.058100418589955
2022-09-30,ic_o_trdmom,趋势动量,-0.4459736688214189,0.019200290569218813
2022-10-10,ic_o_trdmom,趋势动量,-0.5757519242623002,-0.03061178763406546
2022-10-11,ic_o_trdmom,趋势动量,-0.5777560019598236,-0.07826537300493046
2022-10-12,ic_o_trdmom,趋势动量,-0.4929778255440881,-0.12109036391703869
2022-10-13,ic_o_trdmom,趋势动量,-0.3895500225618186,-0.15257194274265298
2022-10-14,ic_o_trdmom,趋势动量,-0.3054827646157007,-0.1773318153090715
2022-10-17,ic_o_trdmom,趋势动量,-0.1640630433004144,-0.1934018479302914
2022-10-18,ic_o_trdmom,趋势动量,-0.2606723459404782,-0.2173151731503764
2022-10-19,ic_o_trdmom,趋势动量,-0.2726787080309746,-0.24294243882961947
2022-10-20,ic_o_trdmom,趋势动量,-0.0712016563670559,-0.25324226023279
2022-10-21,ic_o_trdmom,趋势动量,-0.1770923306826197,-0.2678191711215989
2022-10-24,ic_o_trdmom,趋势动量,-0.2416399298256704,-0.2802740082507734
2022-10-25,ic_o_trdmom,趋势动量,-0.2542396990722447,-0.2967471159936572
2022-10-26,ic_o_trdmom,趋势动量,-0.2278689052882601,-0.30334041205847556
2022-10-27,ic_o_trdmom,趋势动量,-0.3194594043554951,-0.31368758214664905
2022-10-28,ic_o_trdmom,趋势动量,-0.422509522530069,-0.32908341910196826
2022-10-31,ic_o_trdmom,趋势动量,-0.4390921591250335,-0.33599810747426717
2022-11-01,ic_o_trdmom,趋势动量,-0.4222123879818558,-0.34198457836930596
2022-11-02,ic_o_trdmom,趋势动量,-0.3716710657331162,-0.33997402060982684
2022-11-03,ic_o_trdmom,趋势动量,-0.4481674068688656,-0.3440030386433652
2022-11-04,ic_o_trdmom,趋势动量,-0.4186025193216481,-0.34263448116837664
2022-11-07,ic_o_trdmom,趋势动量,-0.3070158524442477,-0.329197677577474
2022-11-08,ic_o_trdmom,趋势动量,-0.2690679774304183,-0.31376327635100376
2022-11-09,ic_o_trdmom,趋势动量,-0.1949234246337184,-0.29886055630548525
2022-11-10,ic_o_trdmom,趋势动量,-0.0913530685464114,-0.28395070860471494
2022-11-11,ic_o_trdmom,趋势动量,0.0783929446349828,-0.26475692314218074
2022-11-14,ic_o_trdmom,趋势动量,0.0922033791152344,-0.25194360202139826
2022-11-15,ic_o_trdmom,趋势动量,-0.0315389606130558,-0.24048693275502714
2022-11-16,ic_o_trdmom,趋势动量,0.0501303914905722,-0.2243464777789498
2022-11-17,ic_o_trdmom,趋势动量,-0.0738948917315365,-0.22448113954717383
2022-11-18,ic_o_trdmom,趋势动量,0.0122204485467275,-0.21501550058570648
2022-11-21,ic_o_trdmom,趋势动量,-0.0240299663352878,-0.20413500241118734
2022-11-22,ic_o_trdmom,趋势动量,0.0828720898990058,-0.18727941296262482
2022-11-23,ic_o_trdmom,趋势动量,0.0620853646104764,-0.172781699467688
2022-11-24,ic_o_trdmom,趋势动量,0.1313050212577642,-0.15024347818702505
2022-11-25,ic_o_trdmom,趋势动量,-0.0020894281573387,-0.12922247346838853
2022-11-28,ic_o_trdmom,趋势动量,-0.081089538934637,-0.1113223424588687
2022-11-29,ic_o_trdmom,趋势动量,0.0252248265398049,-0.08895048173278566
2022-11-30,ic_o_trdmom,趋势动量,0.0791199759763556,-0.06641092964731207
2022-12-01,ic_o_trdmom,趋势动量,0.1305657586128399,-0.0374742713732268
2022-12-02,ic_o_trdmom,趋势动量,0.2213942454685663,-0.005474433133716083
2022-12-05,ic_o_trdmom,趋势动量,-0.1303124120461581,0.003360738886188398
2022-12-06,ic_o_trdmom,趋势动量,0.0424289688366861,0.01893558619954362
2022-12-07,ic_o_trdmom,趋势动量,0.0633803760738745,0.03185077623492326
2022-12-08,ic_o_trdmom,趋势动量,-0.0129987510544044,0.03576849210952361
2022-12-09,ic_o_trdmom,趋势动量,0.0516163403160307,0.034429661893576005
2022-12-12,ic_o_trdmom,趋势动量,0.0109397826116092,0.030366482068394745
2022-12-13,ic_o_trdmom,趋势动量,-0.0163644405130473,0.031125208073395173
2022-12-14,ic_o_trdmom,趋势动量,-0.0707517456743462,0.025081101215149254
2022-12-15,ic_o_trdmom,趋势动量,0.0422011616628419,0.03088590388486817
2022-12-16,ic_o_trdmom,趋势动量,-0.0227678616335684,0.029136488375853375
2022-12-19,ic_o_trdmom,趋势动量,0.0135465669521397,0.031015315040224756
2022-12-20,ic_o_trdmom,趋势动量,0.0242652288016489,0.028084971985356904
2022-12-21,ic_o_trdmom,趋势动量,-0.0928743088288466,0.020336988313390758
2022-12-22,ic_o_trdmom,趋势动量,-0.327536756329326,-0.002605100565963753
2022-12-23,ic_o_trdmom,趋势动量,-0.3181449613338157,-0.0184078772247876
2022-12-26,ic_o_trdmom,趋势动量,-0.1776064492782759,-0.023233722741969547
2022-12-27,ic_o_trdmom,趋势动量,-0.2267165239301461,-0.0358307902654671
2022-12-28,ic_o_trdmom,趋势动量,-0.2902184948299258,-0.05429771380578117
2022-12-29,ic_o_trdmom,趋势动量,-0.2749257417038116,-0.07457228882161374
2022-12-30,ic_o_trdmom,趋势动量,-0.3534103979756154,-0.10331252099382282
2023-01-03,ic_o_trdmom,趋势动量,-0.3106239293075979,-0.11232809685689482
2023-01-04,ic_o_trdmom,趋势动量,-0.4155066824151942,-0.13522487941948885
2023-01-05,ic_o_trdmom,趋势动量,-0.3670404876926617,-0.15674592260781567
2023-01-06,ic_o_trdmom,趋势动量,-0.2861599953991258,-0.17040398482505173
2023-01-09,ic_o_trdmom,趋势动量,-0.2363677144238965,-0.18480318756204808
2023-01-10,ic_o_trdmom,趋势动量,-0.1263682307387635,-0.19166858822956673
2023-01-11,ic_o_trdmom,趋势动量,-0.1780335434939572,-0.19975204337861222
2023-01-12,ic_o_trdmom,趋势动量,-0.2212761674718197,-0.2072782644684859
2023-01-13,ic_o_trdmom,趋势动量,-0.2745772946859904,-0.2231171872859275
2023-01-16,ic_o_trdmom,趋势动量,-0.1215151872422416,-0.22805455356636117
2023-01-17,ic_o_trdmom,趋势动量,-0.1773349436392914,-0.2375986290959327
2023-01-18,ic_o_trdmom,趋势动量,-0.1019842002992271,-0.2439111005509765
2023-01-19,ic_o_trdmom,趋势动量,-0.19209382339393,-0.2488720762792307
2023-01-20,ic_o_trdmom,趋势动量,-0.0975112847303598,-0.23737080269928237
2023-01-30,ic_o_trdmom,趋势动量,-0.1350389206323752,-0.2282155006642103
2023-01-31,ic_o_trdmom,趋势动量,-0.1073470209339774,-0.22470252924699538
2023-02-01,ic_o_trdmom,趋势动量,-0.1317172762824937,-0.2199525668646128
2023-02-02,ic_o_trdmom,趋势动量,-0.0525908672647803,-0.2080711854863555
2023-02-03,ic_o_trdmom,趋势动量,-0.1001207729468599,-0.19933093704850793
2023-02-06,ic_o_trdmom,趋势动量,0.0354669887278583,-0.17988706771333424
2023-02-07,ic_o_trdmom,趋势动量,-0.0218570278352887,-0.1654487226397188
2023-02-08,ic_o_trdmom,趋势动量,0.0136703866758866,-0.14398986918516476
2023-02-09,ic_o_trdmom,趋势动量,-0.0020071313549574,-0.12573820136827954
2023-02-10,ic_o_trdmom,趋势动量,0.131458571614489,-0.10485727301759881
2023-02-13,ic_o_trdmom,趋势动量,0.1055756843800322,-0.08776010307740237
2023-02-14,ic_o_trdmom,趋势动量,0.0848199907982516,-0.0772006920005516
2023-02-15,ic_o_trdmom,趋势动量,0.0289394985047159,-0.06685203990061796
2023-02-16,ic_o_trdmom,趋势动量,0.1468771566597654,-0.0484443736940387
2023-02-17,ic_o_trdmom,趋势动量,0.1151082032926764,-0.02896009879510536
2023-02-20,ic_o_trdmom,趋势动量,0.1001841069876804,-0.017875134083609263
2023-02-21,ic_o_trdmom,趋势动量,0.0308948700253048,-0.007463643400379449
2023-02-22,ic_o_trdmom,趋势动量,0.0248619737750172,-0.0011213346966672346
2023-02-23,ic_o_trdmom,趋势动量,-0.0258813735632209,0.00718928779486822
2023-02-24,ic_o_trdmom,趋势动量,0.0036806993328732,0.012248886998029871
2023-02-27,ic_o_trdmom,趋势动量,-0.0491172425791208,0.01654497090069259
2023-02-28,ic_o_trdmom,趋势动量,0.0603348870915972,0.024929066301971316
2023-03-01,ic_o_trdmom,趋势动量,0.0569904531861053,0.03436445277540127
2023-03-02,ic_o_trdmom,趋势动量,0.0606395215090867,0.04002597221409462
2023-03-03,ic_o_trdmom,趋势动量,0.1172043938348286,0.05089223055317904
2023-03-06,ic_o_trdmom,趋势动量,0.1778611686220382,0.05801193954788804
2023-03-07,ic_o_trdmom,趋势动量,0.2219547964113181,0.07020253076021839
2023-03-08,ic_o_trdmom,趋势动量,0.2560904071773637,0.08232353178529224
2023-03-09,ic_o_trdmom,趋势动量,0.2242379802162411,0.09363578736385217
2023-03-10,ic_o_trdmom,趋势动量,0.2939334424139206,0.10175953090382375
2023-03-13,ic_o_trdmom,趋势动量,0.1456637808142348,0.10376393572553386
2023-03-14,ic_o_trdmom,趋势动量,0.2270473890039107,0.11087530563581682
2023-03-15,ic_o_trdmom,趋势动量,0.2051817345295606,0.11968741743705906
2023-03-16,ic_o_trdmom,趋势动量,0.2039884114701568,0.12254298017757863
2023-03-17,ic_o_trdmom,趋势动量,0.2233666896710375,0.1279559044964967
2023-03-20,ic_o_trdmom,趋势动量,0.3159707844490453,0.13874523836956493
2023-03-21,ic_o_trdmom,趋势动量,0.4121779388083736,0.15780939180871836
2023-03-22,ic_o_trdmom,趋势动量,0.5260984587071544,0.18287121605532525
2023-03-23,ic_o_trdmom,趋势动量,0.4444990798251669,0.20639023872474463
2023-03-24,ic_o_trdmom,趋势动量,0.3575885668276973,0.22408563209948582
2023-03-27,ic_o_trdmom,趋势动量,0.3631038647342995,0.24469668746515683
2023-03-28,ic_o_trdmom,趋势动量,0.2759719346675869,0.2554785398439563
2023-03-29,ic_o_trdmom,趋势动量,0.1374712445364619,0.25950257941147414
2023-03-30,ic_o_trdmom,趋势动量,0.0879198297676558,0.2608665948244026
2023-03-31,ic_o_trdmom,趋势动量,0.0814814814814815,0.25908044920673523
2023-04-03,ic_o_trdmom,趋势动量,0.0080026455026455,0.2505875230507656
2023-04-04,ic_o_trdmom,趋势动量,0.0439124683689901,0.2416854066486492
2023-04-06,ic_o_trdmom,趋势动量,-0.0185098918794571,0.2279553916958082
2023-04-07,ic_o_trdmom,趋势动量,-0.1109270761444674,0.21119713887777278
2023-04-10,ic_o_trdmom,趋势动量,-0.0208275822406257,0.19545908764504544
2023-04-11,ic_o_trdmom,趋势动量,-0.0520818955601564,0.18557180382632588
2023-04-12,ic_o_trdmom,趋势动量,-0.0833592132505176,0.17005147371360446
2023-04-13,ic_o_trdmom,趋势动量,0.0190159880377271,0.1607431863890128
2023-04-14,ic_o_trdmom,趋势动量,-0.0541321601104209,0.1478371578099839
2023-04-17,ic_o_trdmom,趋势动量,0.072627674258109,0.1403002070393375
2023-04-18,ic_o_trdmom,趋势动量,0.1197766561541718,0.1304905006245938
2023-04-19,ic_o_trdmom,趋势动量,0.0526225739340518,0.11251273238087771
2023-04-20,ic_o_trdmom,趋势动量,-0.1306820795951231,0.07967370546576383
2023-04-21,ic_o_trdmom,趋势动量,-0.1365625718886588,0.050620622880072554
2023-04-24,ic_o_trdmom,趋势动量,-0.108307453416149,0.02732582186788024
2023-04-25,ic_o_trdmom,趋势动量,-0.1366028295376121,0.002340487154284654
2023-04-26,ic_o_trdmom,趋势动量,0.1724437632590186,-0.002835921416143761
2023-04-27,ic_o_trdmom,趋势动量,0.1857171612606395,-0.00042362557993488035
2023-04-28,ic_o_trdmom,趋势动量,0.0826719576719576,-0.0006860191847197904
2023-05-04,ic_o_trdmom,趋势动量,-0.015542328042328,-0.005537209660910265
2023-05-05,ic_o_trdmom,趋势动量,-0.1903755463538072,-0.0154561192537329
2023-05-08,ic_o_trdmom,趋势动量,-0.2795232344145388,-0.03162790439290934
2023-05-09,ic_o_trdmom,趋势动量,-0.2489130434782609,-0.04314806197284954
2023-05-10,ic_o_trdmom,趋势动量,0.0926357257878997,-0.032969921876231184
2023-05-11,ic_o_trdmom,趋势动量,0.1572204968944099,-0.0240675179194794
2023-05-12,ic_o_trdmom,趋势动量,0.0651211073162027,-0.018207367775661447
2023-05-15,ic_o_trdmom,趋势动量,-0.125238670347366,-0.020301340630503865
2023-05-16,ic_o_trdmom,趋势动量,-0.1876984126984127,-0.030637060667310857
2023-05-17,ic_o_trdmom,趋势动量,-0.2619552722821532,-0.04102821627589747
2023-05-18,ic_o_trdmom,趋势动量,-0.3477398205659076,-0.06204659101709831
2023-05-19,ic_o_trdmom,趋势动量,-0.2966904594336367,-0.08286994679648872
2023-05-22,ic_o_trdmom,趋势动量,-0.2564814814814815,-0.09832514956726539
2023-05-23,ic_o_trdmom,趋势动量,-0.1745744191396365,-0.10051976654449106
2023-05-24,ic_o_trdmom,趋势动量,-0.0361056455340401,-0.09549692022676012
2023-05-25,ic_o_trdmom,趋势动量,0.0189024175454511,-0.08913642667868013
2023-05-26,ic_o_trdmom,趋势动量,-0.0923913707667672,-0.08692585374013788
2023-05-29,ic_o_trdmom,趋势动量,-0.1717017483321831,-0.10413312931969795
2023-05-30,ic_o_trdmom,趋势动量,-0.1202295550304795,-0.1194304651342539
2023-05-31,ic_o_trdmom,趋势动量,-0.256725902921555,-0.13640035816392954
2023-06-01,ic_o_trdmom,趋势动量,-0.2833994708994709,-0.1497932153067867
2023-06-02,ic_o_trdmom,趋势动量,-0.0778065332413158,-0.1441647646511621
2023-06-05,ic_o_trdmom,趋势动量,-0.1951058201058201,-0.13994389393572618
2023-06-06,ic_o_trdmom,趋势动量,-0.1979439843570278,-0.13739544097966452
2023-06-07,ic_o_trdmom,趋势动量,-0.3013543823326433,-0.15709494638569166
2023-06-08,ic_o_trdmom,趋势动量,-0.4168222458178022,-0.18579708352130228
2023-06-09,ic_o_trdmom,趋势动量,-0.3716327352196918,-0.20763477564809701
2023-06-12,ic_o_trdmom,趋势动量,-0.1798770559273066,-0.21036669492709406
2023-06-13,ic_o_trdmom,趋势动量,-0.1799804462847941,-0.2099807966064131
2023-06-14,ic_o_trdmom,趋势动量,-0.0924864633269965,-0.20150735615865528
2023-06-15,ic_o_trdmom,趋势动量,-0.0887019783758914,-0.18855546404915444
2023-06-16,ic_o_trdmom,趋势动量,-0.1287443315634824,-0.18015815765564674
2023-06-19,ic_o_trdmom,趋势动量,-0.1752444214400736,-0.17609630465357634
2023-06-20,ic_o_trdmom,趋势动量,-0.2905986101037458,-0.1818975142017818
2023-06-21,ic_o_trdmom,趋势动量,-0.2661276930410259,-0.1933986165771311
2023-06-26,ic_o_trdmom,趋势动量,-0.2762393604784909,-0.2081557054783282
2023-06-27,ic_o_trdmom,趋势动量,-0.2654934437543133,-0.2168108091277055
2023-06-28,ic_o_trdmom,趋势动量,-0.3002214170692431,-0.2232367925645585
2023-06-29,ic_o_trdmom,趋势动量,-0.3269007361398666,-0.23357035162002787
2023-06-30,ic_o_trdmom,趋势动量,-0.351121337359704,-0.2382901233419353
2023-07-03,ic_o_trdmom,趋势动量,-0.1281344368062498,-0.23052687163727423
2023-07-04,ic_o_trdmom,趋势动量,-0.2048167005060447,-0.2368773800005107
2023-07-05,ic_o_trdmom,趋势动量,-0.2293433786471806,-0.23858925792757874
2023-07-06,ic_o_trdmom,趋势动量,-0.2954100405041896,-0.24346256073493683
2023-07-07,ic_o_trdmom,趋势动量,-0.3373107485545261,-0.24526037904603099
2023-07-10,ic_o_trdmom,趋势动量,-0.2787162336256918,-0.23835507843642545
2023-07-11,ic_o_trdmom,趋势动量,-0.2681470106259083,-0.23318079220673624
2023-07-12,ic_o_trdmom,趋势动量,-0.3310238387253033,-0.24073813134663608
2023-07-13,ic_o_trdmom,趋势动量,-0.1878628988104082,-0.24113225397291682
2023-07-14,ic_o_trdmom,趋势动量,-0.2068115236269029,-0.24684850698791214
2023-07-17,ic_o_trdmom,趋势动量,-0.1888701083203644,-0.2518569134851358
2023-07-18,ic_o_trdmom,趋势动量,-0.0483731332515691,-0.2478383535695401
2023-07-19,ic_o_trdmom,趋势动量,0.0085311305100642,-0.23864957597203323
2023-07-20,ic_o_trdmom,趋势动量,0.0913071176754583,-0.21955428958307305
2023-07-21,ic_o_trdmom,趋势动量,0.1943402351922661,-0.19653089317140843
2023-07-24,ic_o_trdmom,趋势动量,0.1605042926195801,-0.17469371051650487
2023-07-25,ic_o_trdmom,趋势动量,0.2651763588849265,-0.14816022038454288
2023-07-26,ic_o_trdmom,趋势动量,0.2521334267781133,-0.12054247819217505
2023-07-27,ic_o_trdmom,趋势动量,0.2213610644459789,-0.09312938816288278
2023-07-28,ic_o_trdmom,趋势动量,0.2419610005462397,-0.06347527126758559
2023-07-31,ic_o_trdmom,趋势动量,0.1734080290847424,-0.048398147973035995
2023-08-01,ic_o_trdmom,趋势动量,0.1194862248218302,-0.03218300170664224
2023-08-02,ic_o_trdmom,趋势动量,-0.0828377668071774,-0.02485772111464208
2023-08-03,ic_o_trdmom,趋势动量,-0.1852783245900626,-0.01935113531893573
2023-08-04,ic_o_trdmom,趋势动量,-0.0736856751213579,-0.0061698816472773215
2023-08-07,ic_o_trdmom,趋势动量,-0.0014403216632497,0.007693913950844784
2023-08-08,ic_o_trdmom,趋势动量,-0.06177919548167,0.018012304708056696
2023-08-09,ic_o_trdmom,趋势动量,-0.0818084668497513,0.030473073301834297
2023-08-10,ic_o_trdmom,趋势动量,-0.0435626165912581,0.037688087412791796
2023-08-11,ic_o_trdmom,趋势动量,0.0271638656815669,0.04938685687821529
2023-08-14,ic_o_trdmom,趋势动量,0.0235939480763086,0.060010059698048936
2023-08-15,ic_o_trdmom,趋势动量,-0.0849892298020138,0.058179254870526706
2023-08-16,ic_o_trdmom,趋势动量,-0.1541658507425768,0.050044405807894654
2023-08-17,ic_o_trdmom,趋势动量,-0.0386078101971616,0.04354865941426366
2023-08-18,ic_o_trdmom,趋势动量,-0.0674992527853071,0.030456685015385003
2023-08-21,ic_o_trdmom,趋势动量,-0.0268301606769249,0.02108996235055975
2023-08-22,ic_o_trdmom,趋势动量,0.0437481601436805,0.01001855241349745
2023-08-23,ic_o_trdmom,趋势动量,0.1073103362981438,0.0027773978894989762
2023-08-24,ic_o_trdmom,趋势动量,0.1585151555752522,-0.0003648975540373578
2023-08-25,ic_o_trdmom,趋势动量,0.0312954126171065,-0.01089817695049402
2023-08-28,ic_o_trdmom,趋势动量,0.1451838148144331,-0.012309387664009486
2023-08-29,ic_o_trdmom,趋势动量,0.2151837580290221,-0.0075245110036498905
2023-08-30,ic_o_trdmom,趋势动量,0.085207007590049,0.0008777277162114301
2023-08-31,ic_o_trdmom,趋势动量,0.0860662496006266,0.014444956425745888
2023-09-01,ic_o_trdmom,趋势动量,0.1811815267915116,0.027188316521389366
2023-09-04,ic_o_trdmom,趋势动量,0.131262432106527,0.0338234542098782
2023-09-05,ic_o_trdmom,趋势动量,0.1147092395670596,0.04264787596231468
2023-09-06,ic_o_trdmom,趋势动量,0.0441938841765694,0.04894799351363071
2023-09-07,ic_o_trdmom,趋势动量,0.105328929060983,0.05639257079624277
2023-09-08,ic_o_trdmom,趋势动量,0.19824378781164,0.06494656690274643
2023-09-11,ic_o_trdmom,趋势动量,0.3305162480546652,0.08029268190166425
2023-09-12,ic_o_trdmom,趋势动量,0.4092487261908925,0.10500457970130957
2023-09-13,ic_o_trdmom,趋势动量,0.3385284112466892,0.12963929280077285
2023-09-14,ic_o_trdmom,趋势动量,0.2731110110530438,0.14522523386328315
2023-09-15,ic_o_trdmom,趋势动量,0.3261695198243788,0.16490867249376745
2023-09-18,ic_o_trdmom,趋势动量,0.3028151957702495,0.18139094031612615
2023-09-19,ic_o_trdmom,趋势动量,0.2109825100229833,0.1897526578100913
2023-09-20,ic_o_trdmom,趋势动量,0.2060818122790563,0.1946912316091369
2023-09-21,ic_o_trdmom,趋势动量,0.0426221567192637,0.1888965816663375
2023-09-22,ic_o_trdmom,趋势动量,0.0347609428303462,0.18906985817699948
2023-09-25,ic_o_trdmom,趋势动量,0.0718692167317086,0.18540412827286326
2023-09-26,ic_o_trdmom,趋势动量,0.0550929122821482,0.17739958598551955
2023-09-27,ic_o_trdmom,趋势动量,0.1516175909798303,0.18072011515500863
2023-09-28,ic_o_trdmom,趋势动量,0.1081583171654707,0.18182471853325083
2023-10-09,ic_o_trdmom,趋势动量,-0.0640259927649005,0.16956434255543024
2023-10-10,ic_o_trdmom,趋势动量,0.092113654077877,0.16760690365399772
2023-10-11,ic_o_trdmom,趋势动量,0.1122368723634326,0.16748328529381637
2023-10-12,ic_o_trdmom,趋势动量,0.1072678914554235,0.17063698565775906
2023-10-13,ic_o_trdmom,趋势动量,0.0101801560390406,0.16587954700666196
2023-10-16,ic_o_trdmom,趋势动量,-0.1787531941838687,0.14702969790688653
2023-10-17,ic_o_trdmom,趋势动量,-0.1862059014501118,0.12119359043164768
2023-10-18,ic_o_trdmom,趋势动量,-0.295051892772115,0.0859785594834973
2023-10-19,ic_o_trdmom,趋势动量,-0.1580626917198357,0.06114900433517105
2023-10-20,ic_o_trdmom,趋势动量,-0.1481958630072041,0.040083660632158666
2023-10-23,ic_o_trdmom,趋势动量,-0.2903177598992379,0.009259296645977827
2023-10-24,ic_o_trdmom,趋势动量,-0.2107686520246941,-0.016419895743769352
2023-10-25,ic_o_trdmom,趋势动量,-0.0941478236392022,-0.03167641242687863
2023-10-26,ic_o_trdmom,趋势动量,-0.0573860884083811,-0.0448498074612505
2023-10-27,ic_o_trdmom,趋势动量,0.1407289599344804,-0.039944467300489665
2023-10-30,ic_o_trdmom,趋势动量,0.1259753251513533,-0.035383748184439304
2023-10-31,ic_o_trdmom,趋势动量,0.1630175300306555,-0.030826332519491968
2023-11-01,ic_o_trdmom,趋势动量,0.2692764297465634,-0.020117156646271207
2023-11-02,ic_o_trdmom,趋势动量,0.2771433963893334,-0.01384086637579605
2023-11-03,ic_o_trdmom,趋势动量,0.2618460981519206,-0.006156477326473555
2023-11-06,ic_o_trdmom,趋势动量,0.1399817447603436,0.0040439095497886495
2023-11-07,ic_o_trdmom,趋势动量,0.1453012374150121,0.006703288716645406
2023-11-08,ic_o_trdmom,趋势动量,0.1275778906902202,0.007470339632984786
2023-11-09,ic_o_trdmom,趋势动量,0.1904856380182835,0.011631226961127786
2023-11-10,ic_o_trdmom,趋势动量,0.2014490811835881,0.021194673218355158
2023-11-13,ic_o_trdmom,趋势动量,0.2747123704693403,0.04386795145101561
2023-11-14,ic_o_trdmom,趋势动量,0.1581648395323534,0.06108648850013887
2023-11-15,ic_o_trdmom,趋势动量,0.1510894848144933,0.08339355737946927
2023-11-16,ic_o_trdmom,趋势动量,0.2766214558834139,0.10512776475963177
2023-11-17,ic_o_trdmom,趋势动量,0.1895091057128428,0.12201301319563411
2023-11-20,ic_o_trdmom,趋势动量,0.200248384470302,0.1465413204141111
2023-11-21,ic_o_trdmom,趋势动量,0.2845470848320571,0.17130710725694867
2023-11-22,ic_o_trdmom,趋势动量,0.3291789914147608,0.1924734480096468
2023-11-23,ic_o_trdmom,趋势动量,0.2587295288940192,0.20827922887476685
2023-11-24,ic_o_trdmom,趋势动量,0.2714916154084061,0.21481736164846313
2023-11-27,ic_o_trdmom,趋势动量,0.2739598256155503,0.22221658667167293
2023-11-28,ic_o_trdmom,趋势动量,0.1988183701443928,0.22400662867735982
2023-11-29,ic_o_trdmom,趋势动量,0.2105032619786245,0.2210679702889629
2023-11-30,ic_o_trdmom,趋势动量,-0.0598213630069186,0.2042197323191503
2023-12-01,ic_o_trdmom,趋势动量,0.046461294278912,0.19345049212549986
2023-12-04,ic_o_trdmom,趋势动量,0.1247372669059302,0.1926882682327792
2023-12-05,ic_o_trdmom,趋势动量,0.1341095777464005,0.19212868524934862
2023-12-06,ic_o_trdmom,趋势动量,0.2659234027641791,0.19904596085304654
2023-12-07,ic_o_trdmom,趋势动量,0.244166729471441,0.2017300154257044
2023-12-08,ic_o_trdmom,趋势动量,0.1564796396879219,0.1994815433509211
2023-12-11,ic_o_trdmom,趋势动量,0.0247688787657043,0.18698436876573932
2023-12-12,ic_o_trdmom,趋势动量,0.0128147402364447,0.17971686380094387
2023-12-13,ic_o_trdmom,趋势动量,-0.1927870406878731,0.16252303752582556
2023-12-14,ic_o_trdmom,趋势动量,-0.183621569253919,0.13951088626895894
2023-12-15,ic_o_trdmom,趋势动量,-0.0899981448462799,0.1255355237410028
2023-12-18,ic_o_trdmom,趋势动量,-0.1589583311861646,0.10757518795817944
2023-12-19,ic_o_trdmom,趋势动量,-0.1088150720933348,0.08790708011190985
2023-12-20,ic_o_trdmom,趋势动量,-0.0848217506467272,0.06720704300883544
2023-12-21,ic_o_trdmom,趋势动量,0.0631294977933439,0.05742704145380169
2023-12-22,ic_o_trdmom,趋势动量,0.1763555505168664,0.05267023820922471
2023-12-25,ic_o_trdmom,趋势动量,0.1871490584767118,0.048329699852282776
2023-12-26,ic_o_trdmom,趋势动量,0.1751471239964133,0.0471461375448838
2023-12-27,ic_o_trdmom,趋势动量,0.1140713409669473,0.04232454149429994
2023-12-28,ic_o_trdmom,趋势动量,0.1974630772877653,0.055188763509034136
2023-12-29,ic_o_trdmom,趋势动量,0.0901971053132736,0.05737555406075222
2024-01-02,ic_o_trdmom,趋势动量,0.2726116414036478,0.06476927278563809
2024-01-03,ic_o_trdmom,趋势动量,0.4023887224944167,0.0781832300230389
2024-01-04,ic_o_trdmom,趋势动量,0.3833425667838161,0.08405418822402075
2024-01-05,ic_o_trdmom,趋势动量,0.547019182493378,0.0991968108751176
2024-01-08,ic_o_trdmom,趋势动量,0.503345683073354,0.1165401130443892
2024-01-09,ic_o_trdmom,趋势动量,0.3881165492287183,0.13470749656753994
2024-01-10,ic_o_trdmom,趋势动量,0.2703294610550371,0.14758323260846953
2024-01-11,ic_o_trdmom,趋势动量,0.185179013521234,0.1664815353189249
2024-01-12,ic_o_trdmom,趋势动量,0.2186013370837352,0.18659268063580758
2024-01-15,ic_o_trdmom,趋势动量,0.2325249735981025,0.20271883655802672
2024-01-16,ic_o_trdmom,趋势动量,0.1645077152554057,0.21889213888010522
2024-01-17,ic_o_trdmom,趋势动量,0.1177546268243278,0.23022062382598837
2024-01-18,ic_o_trdmom,趋势动量,0.0686655294367891,0.23789498783016416
2024-01-19,ic_o_trdmom,趋势动量,0.0602266235002856,0.23774984411551126
2024-01-22,ic_o_trdmom,趋势动量,-0.1095354131680545,0.22345529593126517
2024-01-23,ic_o_trdmom,趋势动量,0.0372732235381754,0.2159615041843384
2024-01-24,ic_o_trdmom,趋势动量,-0.0297886982566091,0.2057147130716873
2024-01-25,ic_o_trdmom,趋势动量,-0.04672921972072,0.1976746850373039
2024-01-26,ic_o_trdmom,趋势动量,-0.1818679558871903,0.17870813337855612
2024-01-29,ic_o_trdmom,趋势动量,-0.2550704627689963,0.16144475497444263
2024-01-30,ic_o_trdmom,趋势动量,-0.3775971122368545,0.1289343172924175
2024-01-31,ic_o_trdmom,趋势动量,-0.402982983210499,0.08866573200717175
2024-02-01,ic_o_trdmom,趋势动量,-0.2698490330846073,0.05600615201375057
2024-02-02,ic_o_trdmom,趋势动量,-0.5941682103841693,-0.0010532176301268014
2024-02-05,ic_o_trdmom,趋势动量,-0.8011461020411698,-0.06627780688585298
2024-02-06,ic_o_trdmom,趋势动量,-0.6275215043031166,-0.11705970956244474
2024-02-07,ic_o_trdmom,趋势动量,-0.4623884540915632,-0.15369560531977475
2024-02-08,ic_o_trdmom,趋势动量,-0.344986423033338,-0.18020387714750336
2024-02-19,ic_o_trdmom,趋势动量,-0.4650899073129157,-0.21438843936733593
2024-02-20,ic_o_trdmom,趋势动量,-0.4722573887612311,-0.24962755748530255
2024-02-21,ic_o_trdmom,趋势动量,-0.4110853403926587,-0.27840721026770576
2024-02-22,ic_o_trdmom,趋势动量,-0.3240277263812888,-0.30049632792798664
2024-02-23,ic_o_trdmom,趋势动量,-0.1566672978603454,-0.3117629692928433
2024-02-26,ic_o_trdmom,趋势动量,0.1458142172053808,-0.3074835896075886
2024-02-27,ic_o_trdmom,趋势动量,0.1560222295320372,-0.294205707472584
2024-02-28,ic_o_trdmom,趋势动量,0.2398807153615762,-0.28407533288141396
2024-02-29,ic_o_trdmom,趋势动量,0.2344034036806842,-0.2708657277845493
2024-03-01,ic_o_trdmom,趋势动量,0.1085810494970655,-0.26310021432366
2024-03-04,ic_o_trdmom,趋势动量,0.0274720548207604,-0.2526332137882625
2024-03-05,ic_o_trdmom,趋势动量,0.0288971244623752,-0.23843483442669391
2024-03-06,ic_o_trdmom,趋势动量,-0.0212989733557244,-0.2206199274826374
2024-03-07,ic_o_trdmom,趋势动量,0.2134399797441383,-0.18979877933490558
2024-03-08,ic_o_trdmom,趋势动量,0.0242962905254341,-0.17509151315440347
2024-03-11,ic_o_trdmom,趋势动量,0.0506050795519468,-0.14285284865759768
2024-03-12,ic_o_trdmom,趋势动量,-0.0685367289347483,-0.1062223800022766
2024-03-13,ic_o_trdmom,趋势动量,0.0148456571042745,-0.07410402193190704
2024-03-14,ic_o_trdmom,趋势动量,0.0876013268042832,-0.04660453288711472
2024-03-15,ic_o_trdmom,趋势动量,0.0312884125967348,-0.027790791105611078
2024-03-18,ic_o_trdmom,趋势动量,-0.1251125326777583,-0.010791922373853208
2024-03-19,ic_o_trdmom,趋势动量,-0.1091350565260296,0.007364194237906865
2024-03-20,ic_o_trdmom,趋势动量,-0.1051683909311027,0.022660041710984666
2024-03-21,ic_o_trdmom,趋势动量,-0.0845608628659476,0.03463338488675173
2024-03-22,ic_o_trdmom,趋势动量,0.0406625577812018,0.04449987766882908
2024-03-25,ic_o_trdmom,趋势动量,0.1932171435269627,0.04687002398490818
2024-03-26,ic_o_trdmom,趋势动量,0.2063306185340084,0.04938544343500674
2024-03-27,ic_o_trdmom,趋势动量,0.1436890808677135,0.0445758617103136
2024-03-28,ic_o_trdmom,趋势动量,0.1146166963868354,0.03858652634562117
2024-03-29,ic_o_trdmom,趋势动量,0.1090639365880636,0.03861067070017107
2024-04-01,ic_o_trdmom,趋势动量,0.1219746022402659,0.04333579807114635
2024-04-02,ic_o_trdmom,趋势动量,-0.013669481608203,0.04120746776761743
2024-04-03,ic_o_trdmom,趋势动量,-0.0431238205709734,0.040116225406854986
2024-04-08,ic_o_trdmom,趋势动量,-0.2182063904529275,0.018533906897001694
2024-04-09,ic_o_trdmom,趋势动量,-0.0429268883848963,0.015172747951485174
2024-04-10,ic_o_trdmom,趋势动量,-0.1382550509859594,0.005729741424589864
2024-04-11,ic_o_trdmom,趋势动量,-0.1681844150897664,0.0007473571168389592
2024-04-12,ic_o_trdmom,趋势动量,-0.2348232371323211,-0.01173608759499082
2024-04-15,ic_o_trdmom,趋势动量,-0.2517519670236163,-0.028703752286385796
2024-04-16,ic_o_trdmom,趋势动量,-0.3077595609494296,-0.045656150963694006
2024-04-17,ic_o_trdmom,趋势动量,-0.2392574574539915,-0.05136339720250568
2024-04-18,ic_o_trdmom,趋势动量,-0.1739733557244507,-0.05460531216242672
2024-04-19,ic_o_trdmom,趋势动量,-0.4455766247861584,-0.07162572385517951
2024-04-22,ic_o_trdmom,趋势动量,-0.2547558839256433,-0.0801354749081643
2024-04-23,ic_o_trdmom,趋势动量,-0.0785456449853707,-0.08609588504649293
2024-04-24,ic_o_trdmom,趋势动量,-0.0408082443170997,-0.09779715443869605
2024-04-25,ic_o_trdmom,趋势动量,0.0010679847495862,-0.10806028612791715
2024-04-26,ic_o_trdmom,趋势动量,-0.0662665985699693,-0.11855807009980128
2024-04-29,ic_o_trdmom,趋势动量,-0.0578547809075327,-0.1271816439645197
2024-04-30,ic_o_trdmom,趋势动量,-0.0534119042260348,-0.1353054360052246
2024-05-06,ic_o_trdmom,趋势动量,-0.0876478073440556,-0.14578655648444067
2024-05-07,ic_o_trdmom,趋势动量,-0.1279627083817059,-0.15150121782311582
2024-05-08,ic_o_trdmom,趋势动量,-0.0822594013683332,-0.15345799686298384
2024-05-09,ic_o_trdmom,趋势动量,-0.0827494344959493,-0.1466851490651349
2024-05-10,ic_o_trdmom,趋势动量,-0.0548207267879711,-0.14727984098528865
2024-05-13,ic_o_trdmom,趋势动量,-0.1133160783227437,-0.14603289235212788
2024-05-14,ic_o_trdmom,趋势动量,-0.1696195738035987,-0.1461046502878195
2024-05-15,ic_o_trdmom,趋势动量,-0.1475423228596949,-0.1417406045741882
2024-05-16,ic_o_trdmom,趋势动量,-0.2058915184986409,-0.13944758214793943
2024-05-17,ic_o_trdmom,趋势动量,-0.266966465262028,-0.13740792736356933
2024-05-20,ic_o_trdmom,趋势动量,-0.2554426862415817,-0.1382171888029488
2024-05-21,ic_o_trdmom,趋势动量,-0.1640574955419747,-0.13772139579382503
2024-05-22,ic_o_trdmom,趋势动量,-0.1453749069441318,-0.12271130990172371
2024-05-23,ic_o_trdmom,趋势动量,-0.0866090910222265,-0.11430397025655288
2024-05-24,ic_o_trdmom,趋势动量,0.0014650896934621,-0.11030343352261122
2024-05-27,ic_o_trdmom,趋势动量,0.194439154446772,-0.09854106358441764
2024-05-28,ic_o_trdmom,趋势动量,0.1010889700663077,-0.09354001431858157
2024-05-29,ic_o_trdmom,趋势动量,0.0792230051418777,-0.08626553413298922
2024-05-30,ic_o_trdmom,趋势动量,0.312332283028341,-0.06775618093619554
2024-05-31,ic_o_trdmom,趋势动量,0.3889756929416043,-0.04563680107781358
2024-06-03,ic_o_trdmom,趋势动量,0.463957081767975,-0.01805655662221205
2024-06-04,ic_o_trdmom,趋势动量,0.4136530345156909,0.009024230522657788
2024-06-05,ic_o_trdmom,趋势动量,0.404790862346566,0.03337674370840275
2024-06-06,ic_o_trdmom,趋势动量,0.4766854347470415,0.06134848717055229
2024-06-07,ic_o_trdmom,趋势动量,0.5393477753955531,0.09105691227972851
2024-06-11,ic_o_trdmom,趋势动量,0.4616198646145323,0.11980370942659231
2024-06-12,ic_o_trdmom,趋势动量,0.3647660185938609,0.14652298904646527
2024-06-13,ic_o_trdmom,趋势动量,0.313386194837347,0.16956941493131736
2024-06-14,ic_o_trdmom,趋势动量,0.3232481276554547,0.19602639723902215
2024-06-17,ic_o_trdmom,趋势动量,0.2694032305534877,0.22284488202979796
2024-06-18,ic_o_trdmom,趋势动量,0.3435730856460241,0.2527956706241782
2024-06-19,ic_o_trdmom,趋势动量,0.3928645625941379,0.28064177353098385
2024-06-20,ic_o_trdmom,趋势动量,0.3508119665518256,0.3054511172057818
2024-06-21,ic_o_trdmom,趋势动量,0.3080127594743858,0.32518220973061235
2024-06-24,ic_o_trdmom,趋势动量,0.2642743373556552,0.33832267211372197
2024-06-25,ic_o_trdmom,趋势动量,0.2425165769290698,0.3407265432378369
2024-06-26,ic_o_trdmom,趋势动量,0.3730155295095307,0.35432287120999806
2024-06-27,ic_o_trdmom,趋势动量,0.2733916483440384,0.36403130337010603
2024-06-28,ic_o_trdmom,趋势动量,0.0162104449011042,0.34922521146374425
2024-07-01,ic_o_trdmom,趋势动量,0.0958794860434204,0.33457040111883507
2024-07-02,ic_o_trdmom,趋势动量,0.0157731501993797,0.3121612045404053
2024-07-03,ic_o_trdmom,趋势动量,-0.2735778544046541,0.27779966009438806
2024-07-04,ic_o_trdmom,趋势动量,-0.2621448247962859,0.24445287573724545
2024-07-05,ic_o_trdmom,趋势动量,-0.1438018916992544,0.21342850941493063
2024-07-08,ic_o_trdmom,趋势动量,-0.406540039683304,0.1661341186609878
2024-07-09,ic_o_trdmom,趋势动量,-0.5013773574001656,0.11798425756025285
2024-07-10,ic_o_trdmom,趋势动量,-0.4099932625037859,0.07924629350537055
2024-07-11,ic_o_trdmom,趋势动量,-0.3207866929874064,0.04753764911413287
2024-07-12,ic_o_trdmom,趋势动量,-0.2654890100364084,0.018100792229539718
2024-07-15,ic_o_trdmom,趋势动量,-0.3582805185798771,-0.013283395227128523
2024-07-16,ic_o_trdmom,趋势动量,-0.2853961588102714,-0.044731857449943305
2024-07-17,ic_o_trdmom,趋势动量,-0.1043993777794165,-0.06959505446862102
2024-07-18,ic_o_trdmom,趋势动量,-0.0796863863150392,-0.09111997211196425
2024-07-19,ic_o_trdmom,趋势动量,0.0135061903780525,-0.10584530056678092
2024-07-22,ic_o_trdmom,趋势动量,0.0402865132016949,-0.11704469177447893
2024-07-23,ic_o_trdmom,趋势动量,0.1545217078003963,-0.12144443523091261
2024-07-24,ic_o_trdmom,趋势动量,0.09702917660214,-0.13524375287628215
2024-07-25,ic_o_trdmom,趋势动量,0.1934081599085163,-0.13924292729805826
2024-07-26,ic_o_trdmom,趋势动量,0.1539616833629663,-0.13235536537496514
2024-07-29,ic_o_trdmom,趋势动量,0.1648919505298693,-0.1289047421506427
2024-07-30,ic_o_trdmom,趋势动量,0.053578308245636,-0.1270144842483299
2024-07-31,ic_o_trdmom,趋势动量,-0.0720081771400374,-0.11693600038509906
2024-08-01,ic_o_trdmom,趋势动量,-0.1486377532414778,-0.11126064680735866
2024-08-02,ic_o_trdmom,趋势动量,-0.1422762035021479,-0.11118436239750333
2024-08-05,ic_o_trdmom,趋势动量,-0.169938933944636,-0.09935430711056992
2024-08-06,ic_o_trdmom,趋势动量,-0.2482556683554545,-0.08669822265833436
2024-08-07,ic_o_trdmom,趋势动量,-0.1383040203425093,-0.07311376055027054
2024-08-08,ic_o_trdmom,趋势动量,-0.1099400897690277,-0.0625714303893516
2024-08-09,ic_o_trdmom,趋势动量,-0.0424092050032668,-0.051417440137694524
2024-08-12,ic_o_trdmom,趋势动量,0.0081292982219568,-0.033096949297602825
2024-08-13,ic_o_trdmom,趋势动量,0.023208953786288,-0.017666693667774853
2024-08-14,ic_o_trdmom,趋势动量,-0.0848105411184527,-0.016687251834726663
2024-08-15,ic_o_trdmom,趋势动量,-0.0259733004565506,-0.014001597541802233
2024-08-16,ic_o_trdmom,趋势动量,-0.004343973338984,-0.014894105727654058
2024-08-19,ic_o_trdmom,趋势动量,-0.0620080522432625,-0.02000883399990193
2024-08-20,ic_o_trdmom,趋势动量,-0.1580185317177476,-0.03563584597580912
2024-08-21,ic_o_trdmom,趋势动量,-0.0897478376452004,-0.04497469668817615
2024-08-22,ic_o_trdmom,趋势动量,-0.1969419761428327,-0.0644922034907436
2024-08-23,ic_o_trdmom,趋势动量,-0.1986247602866983,-0.08212152567322682
2024-08-26,ic_o_trdmom,趋势动量,-0.1459575041898634,-0.09766399840921346
2024-08-27,ic_o_trdmom,趋势动量,-0.3246986663693227,-0.1165778471399614
2024-08-28,ic_o_trdmom,趋势动量,-0.5008591627978656,-0.1380203964228528
2024-08-29,ic_o_trdmom,趋势动量,-0.3519543064090462,-0.14818622408123122
2024-08-30,ic_o_trdmom,趋势动量,-0.0026564697270328,-0.14120523739247545
2024-09-02,ic_o_trdmom,趋势动量,-0.2169790603147695,-0.14355724371098214
2024-09-03,ic_o_trdmom,趋势动量,-0.1195887149201475,-0.1371238960392168
2024-09-04,ic_o_trdmom,趋势动量,-0.0815188019393293,-0.1342846351190578
2024-09-05,ic_o_trdmom,趋势动量,-0.0620902618407964,-0.13189214372264624
2024-09-06,ic_o_trdmom,趋势动量,-0.1050162207676716,-0.13502249451086648
2024-09-09,ic_o_trdmom,趋势动量,-0.1432293817947291,-0.14259042851170076
2024-09-10,ic_o_trdmom,趋势动量,-0.0799149225016447,-0.1477466223260974
2024-09-11,ic_o_trdmom,趋势动量,-0.0194071846096119,-0.14447645450065535
2024-09-12,ic_o_trdmom,趋势动量,0.0029570103838738,-0.14302993895863414
2024-09-13,ic_o_trdmom,趋势动量,-0.0366615541871406,-0.14464581800104198
2024-09-18,ic_o_trdmom,趋势动量,-0.1554754456665515,-0.14931918767220642
2024-09-19,ic_o_trdmom,趋势动量,0.0129510546474195,-0.14077070835394806
2024-09-20,ic_o_trdmom,趋势动量,-0.0799738394178879,-0.14028200844258243
2024-09-23,ic_o_trdmom,趋势动量,-0.1570124458577773,-0.13828553192832965
2024-09-24,ic_o_trdmom,趋势动量,-0.0403981264637002,-0.13037420023717977
2024-09-25,ic_o_trdmom,趋势动量,0.0029097773217516,-0.12293083616159901
2024-09-26,ic_o_trdmom,趋势动量,0.1448328934073766,-0.09945425817276403
2024-09-27,ic_o_trdmom,趋势动量,0.1870442458468118,-0.06505908774053018
2024-09-30,ic_o_trdmom,趋势动量,0.251898042015418,-0.034866470319306966
2024-10-08,ic_o_trdmom,趋势动量,0.0143667807602233,-0.03401530779494417
2024-10-09,ic_o_trdmom,趋势动量,0.1304035164069284,-0.01664617895885927
2024-10-10,ic_o_trdmom,趋势动量,0.4631881793783065,0.012492665756063427
2024-10-11,ic_o_trdmom,趋势动量,0.4336969692307738,0.03825345431456858
2024-10-14,ic_o_trdmom,趋势动量,0.3891076930784231,0.060813352060529555
2024-10-15,ic_o_trdmom,趋势动量,0.3872396987151085,0.08542614803466855
2024-10-16,ic_o_trdmom,趋势动量,0.2283311822157153,0.10400417623519079
2024-10-17,ic_o_trdmom,趋势动量,0.2512877810098052,0.12056431141076329
2024-10-18,ic_o_trdmom,趋势动量,0.0920055922663859,0.12613495025456317
2024-10-21,ic_o_trdmom,趋势动量,-0.0177043486468922,0.12510188230302488
2024-10-22,ic_o_trdmom,趋势动量,0.1451176051318602,0.1341908402689749
2024-10-23,ic_o_trdmom,趋势动量,0.1867764957217838,0.15130343733839166
2024-10-24,ic_o_trdmom,趋势动量,0.1965537169386064,0.160483570452951
2024-10-25,ic_o_trdmom,趋势动量,0.0313247673903411,0.16604850079336247
2024-10-28,ic_o_trdmom,趋势动量,-0.0036504787039355,0.17371659915105456
2024-10-29,ic_o_trdmom,趋势动量,-0.0103427019321531,0.17521937037763188
2024-10-30,ic_o_trdmom,趋势动量,0.0604226464525823,0.17809501383417345
2024-10-31,ic_o_trdmom,趋势动量,-0.028007551386026,0.16945299159450333
2024-11-01,ic_o_trdmom,趋势动量,0.0879958428829458,0.16450057144631
2024-11-04,ic_o_trdmom,趋势动量,0.0758885765486095,0.1557000981729696
2024-11-05,ic_o_trdmom,趋势动量,-0.1678570326244637,0.14658890750373524
2024-11-06,ic_o_trdmom,趋势动量,-0.3167752091113923,0.1242299712278192
2024-11-07,ic_o_trdmom,趋势动量,-0.3674989968826198,0.08269561241477288
2024-11-08,ic_o_trdmom,趋势动量,-0.3376647427389734,0.04412752681628553
2024-11-11,ic_o_trdmom,趋势动量,-0.5565583299896087,-0.00315577433711606
2024-11-12,ic_o_trdmom,趋势动量,-0.4816540025176324,-0.046600459398753104
2024-11-13,ic_o_trdmom,趋势动量,-0.452865829192259,-0.08066030996915181
2024-11-14,ic_o_trdmom,趋势动量,-0.3289557954236653,-0.10967248879082533
2024-11-15,ic_o_trdmom,趋势动量,-0.0865170735722296,-0.11859862208275614
2024-11-18,ic_o_trdmom,趋势动量,0.0122534646131053,-0.11710073141975626
2024-11-19,ic_o_trdmom,趋势动量,-0.0621336049466547,-0.12746329192368197
2024-11-20,ic_o_trdmom,趋势动量,-0.0572713444197656,-0.13966568393075945
2024-11-21,ic_o_trdmom,趋势动量,-0.0113110486949185,-0.15005892221243572
2024-11-22,ic_o_trdmom,趋势动量,0.1361667541179254,-0.1448168228760565
2024-11-25,ic_o_trdmom,趋势动量,0.0350504645205098,-0.14288177571483424
2024-11-26,ic_o_trdmom,趋势动量,0.0343282376658983,-0.14064822873493166
2024-11-27,ic_o_trdmom,趋势动量,-0.0084087173696929,-0.1440897969260454
2024-11-28,ic_o_trdmom,趋势动量,-0.0130374394271428,-0.14334129132810125
2024-11-29,ic_o_trdmom,趋势动量,-0.0473225455983091,-0.150107210752164
2024-12-02,ic_o_trdmom,趋势动量,-0.0814626003442443,-0.1579747695968067
2024-12-03,ic_o_trdmom,趋势动量,-0.0533288064446433,-0.15224835828781566
2024-12-04,ic_o_trdmom,趋势动量,0.0790435918804078,-0.13245741823822568
2024-12-05,ic_o_trdmom,趋势动量,-0.0196611006512546,-0.1150655234266574
2024-12-06,ic_o_trdmom,趋势动量,-0.0100496928917559,-0.09868477093429653
2024-12-09,ic_o_trdmom,趋势动量,0.0310688601500046,-0.06930341142731586
2024-12-10,ic_o_trdmom,趋势动量,0.0172206961120199,-0.04435967649583325
2024-12-11,ic_o_trdmom,趋势动量,-0.0048509752620844,-0.021958933799324516
2024-12-12,ic_o_trdmom,趋势动量,0.0334413613588896,-0.0038390759601967714
2024-12-13,ic_o_trdmom,趋势动量,0.0353159048118769,0.0022525729590085536
2024-12-16,ic_o_trdmom,趋势动量,0.0314145498317849,0.0032106272199425327
2024-12-17,ic_o_trdmom,趋势动量,0.0407924322728287,0.008356929080916703
2024-12-18,ic_o_trdmom,趋势动量,0.0027243639206971,0.011356714497939837
2024-12-19,ic_o_trdmom,趋势动量,0.0533740753315431,0.014590970699262917
2024-12-20,ic_o_trdmom,趋势动量,0.0376801753140529,0.009666641759069294
2024-12-23,ic_o_trdmom,趋势动量,0.0995874358262086,0.012893490324354235
2024-12-24,ic_o_trdmom,趋势动量,0.1238783090013066,0.017370993891124648
2024-12-25,ic_o_trdmom,趋势动量,0.1058551189851538,0.023084185708866983
2024-12-26,ic_o_trdmom,趋势动量,0.1035381750465549,0.028912966432551868
2024-12-27,ic_o_trdmom,趋势动量,0.0792822823749704,0.03524320783121584
2024-12-30,ic_o_trdmom,趋势动量,-0.0121711575460147,0.03870777997112733
2024-12-31,ic_o_trdmom,趋势动量,-0.1567044250336944,0.03353899904167477
2025-01-02,ic_o_trdmom,趋势动量,-0.2965482473738901,0.014759407078959874
2025-01-03,ic_o_trdmom,趋势动量,-0.2886089988468237,0.0013120121691814202
2025-01-06,ic_o_trdmom,趋势动量,-0.1749807092811506,-0.006934538650288316
2025-01-07,ic_o_trdmom,趋势动量,-0.1579452853201878,-0.016385245923797937
2025-01-08,ic_o_trdmom,趋势动量,-0.2887775799549648,-0.03168515972714717
2025-01-09,ic_o_trdmom,趋势动量,-0.166330236529934,-0.03975912279053965
2025-01-10,ic_o_trdmom,趋势动量,-0.3276623764107945,-0.05781430967902386
2025-01-13,ic_o_trdmom,趋势动量,-0.1905222437238167,-0.06910621710580854
2025-01-14,ic_o_trdmom,趋势动量,-0.089865098439645,-0.07517019951938003
2025-01-15,ic_o_trdmom,趋势动量,-0.0794736463059559,-0.08118350344831926
2025-01-16,ic_o_trdmom,趋势动量,-0.1281932569935286,-0.08772938449403055
2025-01-17,ic_o_trdmom,趋势动量,-0.1533833348765908,-0.09806725500443725
2025-01-20,ic_o_trdmom,趋势动量,-0.0470014506620574,-0.10230133630324274
2025-01-21,ic_o_trdmom,趋势动量,-0.1240367501054559,-0.11348254559982598
2025-01-22,ic_o_trdmom,趋势动量,-0.127677940345834,-0.12606035806718302
2025-01-23,ic_o_trdmom,趋势动量,-0.2192095533862206,-0.14231359168575172
2025-01-24,ic_o_trdmom,趋势动量,-0.1457123162237517,-0.15477611624926707
2025-01-27,ic_o_trdmom,趋势动量,-0.2071186390108194,-0.16909616231855656
2025-02-05,ic_o_trdmom,趋势动量,-0.0416885294813625,-0.17057203091532394
2025-02-06,ic_o_trdmom,趋势动量,0.0371552170574887,-0.16087904881076479
2025-02-07,ic_o_trdmom,趋势动量,0.0862950641307304,-0.14173688323553374
2025-02-10,ic_o_trdmom,趋势动量,0.0620574709095959,-0.12420355974771277
2025-02-11,ic_o_trdmom,趋势动量,-0.0784326232964062,-0.11937615544847555
2025-02-12,ic_o_trdmom,趋势动量,-0.1010607323271294,-0.11653192779882264
2025-02-13,ic_o_trdmom,趋势动量,-0.0370937374610327,-0.10394773567412605
2025-02-14,ic_o_trdmom,趋势动量,-0.1019457430699465,-0.10072851100112665
2025-02-17,ic_o_trdmom,趋势动量,-0.1886324622326361,-0.09377701529221874
2025-02-18,ic_o_trdmom,趋势动量,-0.1840871468123928,-0.09345526044664755
2025-02-19,ic_o_trdmom,趋势动量,-0.2226509048633188,-0.10009455076783125
2025-02-20,ic_o_trdmom,趋势动量,-0.3016283980698632,-0.1112022883560266
2025-02-21,ic_o_trdmom,趋势动量,-0.5207794479253475,-0.13083159790261753
2025-02-24,ic_o_trdmom,趋势动量,-0.4260904862447053,-0.14446695547102326
2025-02-25,ic_o_trdmom,趋势动量,-0.4517609544081102,-0.16470493065832592
2025-02-26,ic_o_trdmom,趋势动量,-0.5283786328541836,-0.1849220247957623
2025-02-27,ic_o_trdmom,趋势动量,-0.4257610947209842,-0.19982618251451983
2025-02-28,ic_o_trdmom,趋势动量,-0.2684870169271651,-0.20229005569156705
2025-03-03,ic_o_trdmom,趋势动量,-0.219327098110602,-0.20597079478590957
2025-03-04,ic_o_trdmom,趋势动量,-0.306559538007658,-0.21094283973575148
2025-03-05,ic_o_trdmom,趋势动量,-0.2097754901345385,-0.21934718776841028
2025-03-06,ic_o_trdmom,趋势动量,-0.3150607829598477,-0.23695798776927707
2025-03-07,ic_o_trdmom,趋势动量,-0.2027912037327641,-0.25141230116245183
2025-03-10,ic_o_trdmom,趋势动量,-0.2499151208370628,-0.26701093074978477
2025-03-11,ic_o_trdmom,趋势动量,-0.2139428171651388,-0.27378644044322137
2025-03-12,ic_o_trdmom,趋势动量,-0.2123748675370638,-0.2793521472037181
2025-03-13,ic_o_trdmom,趋势动量,-0.1016523666637822,-0.2825800786638556
2025-03-14,ic_o_trdmom,趋势动量,-0.1868658497690258,-0.2868260839988096
2025-03-17,ic_o_trdmom,趋势动量,-0.1023097420702285,-0.2825099479906892
2025-03-18,ic_o_trdmom,趋势动量,-0.1818327726164388,-0.28239722928089145
2025-03-19,ic_o_trdmom,趋势动量,-0.0184964325319607,-0.2721895056643236
2025-03-20,ic_o_trdmom,趋势动量,0.0083192099261398,-0.25669212526452345
2025-03-21,ic_o_trdmom,趋势动量,0.023137279517921,-0.22949628889236
2025-03-24,ic_o_trdmom,趋势动量,0.0444625782018287,-0.2059686356700333
2025-03-25,ic_o_trdmom,趋势动量,0.0133324963906848,-0.18271396313009353
2025-03-26,ic_o_trdmom,趋势动量,0.1037453183520599,-0.15110776556978137
2025-03-27,ic_o_trdmom,趋势动量,0.1738345833719147,-0.12112798166513641
2025-03-28,ic_o_trdmom,趋势动量,0.1354074714240151,-0.1009332572475774
2025-03-31,ic_o_trdmom,趋势动量,0.1157957550130148,-0.08417711459139657
2025-04-01,ic_o_trdmom,趋势动量,0.023737358148914,-0.06766226978356796
2025-04-02,ic_o_trdmom,趋势动量,-0.0060824953869445,-0.05747762004618827
2025-04-03,ic_o_trdmom,趋势动量,0.0670598208995954,-0.038371589853216106
2025-04-07,ic_o_trdmom,趋势动量,-0.3488893690134469,-0.045676498117250254
2025-04-08,ic_o_trdmom,趋势动量,-0.3150779500170911,-0.048934639576251666
2025-04-09,ic_o_trdmom,趋势动量,-0.4616623969875613,-0.06132061856737279
2025-04-10,ic_o_trdmom,趋势动量,-0.3244186160162862,-0.0669228059913339
2025-04-11,ic_o_trdmom,趋势动量,-0.3228021440990977,-0.07798029486309968
2025-04-14,ic_o_trdmom,趋势动量,-0.0979639289278475,-0.07353519882104077
2025-04-15,ic_o_trdmom,趋势动量,-0.1857653749921625,-0.07770798046713748
2025-04-16,ic_o_trdmom,趋势动量,-0.2911468460960729,-0.08317368414111917
2025-04-17,ic_o_trdmom,趋势动量,-0.2958878853709278,-0.09704325678306754
2025-04-18,ic_o_trdmom,趋势动量,-0.1741649300724173,-0.1061674637829954
2025-04-21,ic_o_trdmom,趋势动量,-0.0471002191425661,-0.10967933871601973
2025-04-22,ic_o_trdmom,趋势动量,-0.0526456848697482,-0.11453475186959858
2025-04-23,ic_o_trdmom,趋势动量,0.0919401277509344,-0.11060437030158612
2025-04-24,ic_o_trdmom,趋势动量,0.0512855335041205,-0.11322735954398308
2025-04-25,ic_o_trdmom,趋势动量,0.1855696089229382,-0.1126406082664319
2025-04-28,ic_o_trdmom,趋势动量,-0.0259185087597947,-0.12070690727562239
2025-04-29,ic_o_trdmom,趋势动量,0.0649999819953284,-0.1232466959265067
2025-04-30,ic_o_trdmom,趋势动量,0.1055907618500514,-0.11915402574144984
2025-05-06,ic_o_trdmom,趋势动量,0.0159405657235812,-0.11805287268592354
2025-05-07,ic_o_trdmom,趋势动量,0.1560958327703475,-0.11360107209238594
2025-05-08,ic_o_trdmom,趋势动量,0.2096308389415023,-0.0856750616946385
2025-05-09,ic_o_trdmom,趋势动量,0.157295923415492,-0.06205636802300933
2025-05-12,ic_o_trdmom,趋势动量,0.2103000387795752,-0.028458246234652512
2025-05-13,ic_o_trdmom,趋势动量,0.2441728280396141,-2.8674031857496564e-05
2025-05-14,ic_o_trdmom,趋势动量,0.3221245020233377,0.032217658274264274
2025-05-15,ic_o_trdmom,趋势动量,0.2843678285660536,0.05133424614895933
2025-05-16,ic_o_trdmom,趋势动量,0.2095861546915833,0.07110182263314661
2025-05-19,ic_o_trdmom,趋势动量,0.2331868860238103,0.09731850923914077
2025-05-20,ic_o_trdmom,趋势动量,0.2279907737253565,0.12351244219395499
2025-05-21,ic_o_trdmom,趋势动量,0.2277750145625834,0.143609439425705
2025-05-22,ic_o_trdmom,趋势动量,0.2197474490094464,0.15695182283330564
2025-05-23,ic_o_trdmom,趋势动量,0.1711510717912045,0.16814166066635328
2025-05-26,ic_o_trdmom,趋势动量,0.1448030733012949,0.1707848079438713
2025-05-27,ic_o_trdmom,趋势动量,0.1054733135996822,0.17349419694864937
2025-05-28,ic_o_trdmom,趋势动量,0.0840986132511556,0.16842064716506028
2025-05-29,ic_o_trdmom,趋势动量,0.1575566806075281,0.1775944066334264
2025-05-30,ic_o_trdmom,趋势动量,0.0061182071969012,0.17465031789350505
2025-06-03,ic_o_trdmom,趋势动量,0.1131928864147686,0.1750304241217409
2025-06-04,ic_o_trdmom,趋势动量,0.157656921448913,0.18211624190800751
2025-06-05,ic_o_trdmom,趋势动量,0.1992383887299141,0.18427336970598582
2025-06-06,ic_o_trdmom,趋势动量,0.2546621175434735,0.1865249336360844
2025-06-09,ic_o_trdmom,趋势动量,0.2340347787805415,0.19036187640433685
2025-06-10,ic_o_trdmom,趋势动量,0.1293810489941261,0.1863159269150644
2025-06-11,ic_o_trdmom,趋势动量,0.1282171312939594,0.18051814207778166
2025-06-12,ic_o_trdmom,趋势动量,0.1146118483417364,0.17014250939370162
2025-06-13,ic_o_trdmom,趋势动量,0.0273924945394811,0.157293742692373
2025-06-16,ic_o_trdmom,趋势动量,0.0998128582052474,0.1518050778680562
2025-06-17,ic_o_trdmom,趋势动量,0.0123466772490262,0.140763067429317
2025-06-18,ic_o_trdmom,趋势动量,-0.0539945038401836,0.12666380355103998
2025-06-19,ic_o_trdmom,趋势动量,-0.13454952448536,0.10854757659864282
2025-06-20,ic_o_trdmom,趋势动量,-0.1689329725968663,0.08911355551832718
2025-06-23,ic_o_trdmom,趋势动量,-0.2484645116812014,0.06813277634470688
2025-06-24,ic_o_trdmom,趋势动量,-0.2029376686962526,0.050745739244829516
2025-06-25,ic_o_trdmom,趋势动量,-0.22766506831899,0.0340888201488959
2025-06-26,ic_o_trdmom,趋势动量,-0.2797924098522335,0.01589426899372644
2025-06-27,ic_o_trdmom,趋势动量,-0.0965338871340282,0.003189740606648626
2025-06-30,ic_o_trdmom,趋势动量,0.0890162980395327,0.007334645148780202
2025-07-01,ic_o_trdmom,趋势动量,-0.0104358946260834,0.0011532060967376014
2025-07-02,ic_o_trdmom,趋势动量,0.0727916683068614,-0.0030900565603649787
2025-07-03,ic_o_trdmom,趋势动量,0.0255349074238586,-0.011775230625667751
2025-07-04,ic_o_trdmom,趋势动量,-0.0127594743858312,-0.02514631022213299
2025-07-07,ic_o_trdmom,趋势动量,-0.0532348719956507,-0.039509792760942596
2025-07-08,ic_o_trdmom,趋势动量,0.0621036269760801,-0.0428736638618449
2025-07-09,ic_o_trdmom,趋势动量,0.0290309161649443,-0.04783297461829565
2025-07-10,ic_o_trdmom,趋势动量,0.0220793272683362,-0.052459600671965666
2025-07-11,ic_o_trdmom,趋势动量,0.1242104456825994,-0.04761870311480974
2025-07-14,ic_o_trdmom,趋势动量,0.1749345827900986,-0.043862616885567196
2025-07-15,ic_o_trdmom,趋势动量,0.1949191852994098,-0.03473399148304801
2025-07-16,ic_o_trdmom,趋势动量,0.2071379859542582,-0.021677366993325918
2025-07-17,ic_o_trdmom,趋势动量,0.1539999297819303,-0.007249894279961405
2025-07-18,ic_o_trdmom,趋势动量,0.3151463116609847,0.016954069932931144
2025-07-21,ic_o_trdmom,趋势动量,0.3694928021159045,0.04785193562278644
2025-07-22,ic_o_trdmom,趋势动量,0.024645530982781,0.05923109560673813
2025-07-23,ic_o_trdmom,趋势动量,0.1220102794998345,0.07671486299767935
2025-07-24,ic_o_trdmom,趋势动量,0.0365080766738764,0.09252988732398484
2025-07-25,ic_o_trdmom,趋势动量,0.2763219349546615,0.11117267842841934
2025-07-28,ic_o_trdmom,趋势动量,0.2938892192920954,0.12141632449104747
2025-07-29,ic_o_trdmom,趋势动量,0.1405904062966458,0.1289676395371839
2025-07-30,ic_o_trdmom,趋势动量,0.0441384402438907,0.1275349781340354
2025-07-31,ic_o_trdmom,趋势动量,0.1150374735950822,0.13201010644259656
2025-08-01,ic_o_trdmom,趋势动量,0.1766527046191787,0.14148071539284707
2025-08-04,ic_o_trdmom,趋势动量,0.2408956735513581,0.1561872426701975
2025-08-05,ic_o_trdmom,趋势动量,0.1087065667145652,0.15851738965712175
2025-08-06,ic_o_trdmom,趋势动量,0.0746654316926646,0.16079911543350778
2025-08-07,ic_o_trdmom,趋势动量,-0.039121378526817,0.1577390801437501
2025-08-08,ic_o_trdmom,趋势动量,-0.0488824639462613,0.14908443466230709
2025-08-11,ic_o_trdmom,趋势动量,0.0858710894894479,0.14463125999727455
2025-08-12,ic_o_trdmom,趋势动量,0.0887147036928031,0.1393210359169442
2025-08-13,ic_o_trdmom,趋势动量,0.1491779381344811,0.13642303352595536
2025-08-14,ic_o_trdmom,趋势动量,0.1564120625137574,0.1365436401625467
2025-08-15,ic_o_trdmom,趋势动量,0.1798987453224741,0.12978126184562117
2025-08-18,ic_o_trdmom,趋势动量,0.1593246308062533,0.11927285328013863
2025-08-19,ic_o_trdmom,趋势动量,0.2103978066428422,0.12856046706314167
2025-08-20,ic_o_trdmom,趋势动量,0.2360657028350014,0.13426323822990002
2025-08-21,ic_o_trdmom,趋势动量,0.2508178809250486,0.14497872844245865
2025-08-22,ic_o_trdmom,趋势动量,0.1771357198256464,0.14001941768600787
2025-08-25,ic_o_trdmom,趋势动量,0.231616430602737,0.13690577825153996
2025-08-26,ic_o_trdmom,趋势动量,0.1650262945392684,0.1381275726636711
2025-08-27,ic_o_trdmom,趋势动量,0.3020048865419446,0.1510208949785738
2025-08-28,ic_o_trdmom,趋势动量,0.2708972012233228,0.1588138813599858
2025-08-29,ic_o_trdmom,趋势动量,0.200801337122272,0.1600213129851405
2025-09-01,ic_o_trdmom,趋势动量,0.2721083429996018,0.16158194645755267
2025-09-02,ic_o_trdmom,趋势动量,0.4173187791070099,0.1770125570771749
2025-09-03,ic_o_trdmom,趋势动量,0.3870253940143027,0.1926305551932568
2025-09-04,ic_o_trdmom,趋势动量,0.2434190024410935,0.2067575742416523
2025-09-05,ic_o_trdmom,趋势动量,0.1540096258721282,0.21690217873257184
2025-09-08,ic_o_trdmom,趋势动量,0.0008569796229289,0.21265147323924585
2025-09-09,ic_o_trdmom,趋势动量,0.0603546871194554,0.2112334724105785
2025-09-10,ic_o_trdmom,趋势动量,0.0612014311719289,0.20683464706245086
2025-09-11,ic_o_trdmom,趋势动量,0.0370549264891284,0.2008667902612194
2025-09-12,ic_o_trdmom,趋势动量,0.0830924905458351,0.19602647752238747
2025-09-15,ic_o_trdmom,趋势动量,0.1061518607298501,0.1933678390185673
2025-09-16,ic_o_trdmom,趋势动量,-0.0388380398945026,0.18090604669170005
2025-09-17,ic_o_trdmom,趋势动量,-0.0526010613631522,0.16647270848179238
2025-09-18,ic_o_trdmom,趋势动量,-0.0528986763893868,0.1512868806160706
2025-09-19,ic_o_trdmom,趋势动量,-0.0012160492973405,0.14236929215992128
2025-09-22,ic_o_trdmom,趋势动量,-0.0574564674565844,0.1279156472569552
2025-09-23,ic_o_trdmom,趋势动量,0.0956742477357332,0.12444804491677844
2025-09-24,ic_o_trdmom,趋势动量,0.0216516353894815,0.11043038235915528
2025-09-25,ic_o_trdmom,趋势动量,-0.0901686086594377,0.09237709186501725
2025-09-26,ic_o_trdmom,趋势动量,-0.0280309002721058,0.08093547999529836
2025-09-29,ic_o_trdmom,趋势动量,-0.2572715598731394,0.0544664848516613
2025-09-30,ic_o_trdmom,趋势动量,-0.3611496187477991,0.015543064958920851
2025-10-09,ic_o_trdmom,趋势动量,-0.3243385002157538,-0.02002512975258197
2025-10-10,ic_o_trdmom,趋势动量,-0.2396957642545341,-0.04418086808736335
2025-10-13,ic_o_trdmom,趋势动量,-0.297521408531921,-0.0667574198075658
2025-10-14,ic_o_trdmom,趋势动量,-0.0930485174944065,-0.07145269466343258
2025-10-15,ic_o_trdmom,趋势动量,-0.1312067188053566,-0.08103076495967318
2025-10-16,ic_o_trdmom,趋势动量,-0.0083527585594231,-0.08450847444624078
2025-10-17,ic_o_trdmom,趋势动量,0.0121200708351769,-0.08575521722893835
2025-10-20,ic_o_trdmom,趋势动量,0.0186088622698455,-0.08897939864273784
2025-10-21,ic_o_trdmom,趋势动量,-0.0764696463614095,-0.0981104739973008
2025-10-22,ic_o_trdmom,趋势动量,0.034554811171584,-0.09444083144399648
2025-10-23,ic_o_trdmom,趋势动量,0.1842064666586519,-0.08260045504290628
2025-10-24,ic_o_trdmom,趋势动量,-0.0538115685457063,-0.08264609965072225
2025-10-27,ic_o_trdmom,趋势动量,-0.206816685090044,-0.09292613144035741
2025-10-28,ic_o_trdmom,趋势动量,-0.1072772517924226,-0.09541717065714934
2025-10-29,ic_o_trdmom,趋势动量,-0.2870461492304206,-0.11455319050545702
2025-10-30,ic_o_trdmom,趋势动量,-0.1857609381990488,-0.12492381918488356
2025-10-31,ic_o_trdmom,趋势动量,0.0723363147642002,-0.11679857301370164
2025-11-03,ic_o_trdmom,趋势动量,0.0661294629700754,-0.11209055485159258
2025-11-04,ic_o_trdmom,趋势动量,0.0996664026687786,-0.0942436567244967
2025-11-05,ic_o_trdmom,趋势动量,0.0749430454214773,-0.07243902351603287
2025-11-06,ic_o_trdmom,趋势动量,-0.0411908704730362,-0.058281642028896984
2025-11-07,ic_o_trdmom,趋势动量,-0.0212590299277605,-0.04735980531255831
2025-11-10,ic_o_trdmom,趋势动量,-0.1407708738330093,-0.03952227857761272
2025-11-11,ic_o_trdmom,趋势动量,-0.1868505051959584,-0.04421237796269032
2025-11-12,ic_o_trdmom,趋势动量,-0.2904360765113879,-0.05217384584799188
2025-11-13,ic_o_trdmom,趋势动量,-0.2765833873329013,-0.06558537728666579
2025-11-14,ic_o_trdmom,趋势动量,-0.2574148951298224,-0.07906212558491575
2025-11-17,ic_o_trdmom,趋势动量,-0.2529990796062587,-0.09264252267872097
2025-11-18,ic_o_trdmom,趋势动量,-0.1888352893176854,-0.09826080482653476
2025-11-19,ic_o_trdmom,趋势动量,-0.2225190198478412,-0.111114496377506
2025-11-20,ic_o_trdmom,趋势动量,-0.0751032240460739,-0.1240799809127423
2025-11-21,ic_o_trdmom,趋势动量,-0.1591144149967679,-0.1293451232352954
2025-11-24,ic_o_trdmom,趋势动量,-0.1789344140022873,-0.12795100968090756
2025-11-25,ic_o_trdmom,趋势动量,-0.1295659092039182,-0.12906544255148236
2025-11-26,ic_o_trdmom,趋势动量,-0.1054653265977224,-0.11998640141984744
2025-11-27,ic_o_trdmom,趋势动量,-0.1497712694545273,-0.11818691798262135
2025-11-28,ic_o_trdmom,趋势动量,-0.0156058873253443,-0.12258402808709859
2025-12-01,ic_o_trdmom,趋势动量,0.0621327023349918,-0.12278386611885275
2025-12-02,ic_o_trdmom,趋势动量,0.0601511610561384,-0.12475962819948476
2025-12-03,ic_o_trdmom,趋势动量,0.0460046740589727,-0.12620654676761
2025-12-04,ic_o_trdmom,趋势动量,0.0025533306109414,-0.12401933671341112
2025-12-05,ic_o_trdmom,趋势动量,0.1720536774290944,-0.11435370134556837
2025-12-08,ic_o_trdmom,趋势动量,0.2804957485952961,-0.09329037022415312
2025-12-09,ic_o_trdmom,趋势动量,0.1045994729252648,-0.07871787131809195
2025-12-10,ic_o_trdmom,趋势动量,0.2022997364626324,-0.054081080669390935
2025-12-11,ic_o_trdmom,趋势动量,0.0215528815076326,-0.03917426722736424
2025-12-12,ic_o_trdmom,趋势动量,0.0916488488886679,-0.021721080026439726
2025-12-15,ic_o_trdmom,趋势动量,0.0011038762465258,-0.009015932233800497
2025-12-16,ic_o_trdmom,趋势动量,-0.0641589180050718,-0.0027821136681698173
2025-12-17,ic_o_trdmom,趋势动量,0.0169509223807866,0.009191383443261572
2025-12-18,ic_o_trdmom,趋势动量,0.0244366045071639,0.014168374870923464
2025-12-19,ic_o_trdmom,趋势动量,0.1180403869299912,0.028026114967261418
2025-12-22,ic_o_trdmom,趋势动量,0.2626058707506671,0.050103129204909135
2025-12-23,ic_o_trdmom,趋势动量,0.2285831180806175,0.06801058056913592
2025-12-24,ic_o_trdmom,趋势动量,0.2117024199901075,0.08386896789852741
2025-12-25,ic_o_trdmom,趋势动量,0.2520758910851791,0.10396132592551273
2025-12-26,ic_o_trdmom,趋势动量,0.2484975055110801,0.11716649556733394
2025-12-29,ic_o_trdmom,趋势动量,0.2160051636257897,0.12486011863187385
2025-12-30,ic_o_trdmom,趋势动量,0.1454253454729759,0.12912382785271573
2025-12-31,ic_o_trdmom,趋势动量,0.1284587985234339,0.13324653407593878
2026-01-05,ic_o_trdmom,趋势动量,0.1353325173398613,0.13988549341238476
2026-01-06,ic_o_trdmom,趋势动量,0.1554155566755466,0.13905358737470738
2026-01-07,ic_o_trdmom,趋势动量,0.1677994576043391,0.13341877282515954
2026-01-08,ic_o_trdmom,趋势动量,0.2076679386564907,0.13857219611172084
2026-01-09,ic_o_trdmom,趋势动量,0.171375428996568,0.1370259807384176
2026-01-12,ic_o_trdmom,趋势动量,0.1783294803618774,0.14486481068112986
2026-01-13,ic_o_trdmom,趋势动量,0.2455852353181174,0.15256163000260234
2026-01-14,ic_o_trdmom,趋势动量,0.1452207867640123,0.15976747552847664
2026-01-15,ic_o_trdmom,趋势动量,0.2024455804353565,0.17309770045049805
2026-01-16,ic_o_trdmom,趋势动量,0.0657834737322101,0.17553932801806924
2026-01-19,ic_o_trdmom,趋势动量,0.0442340461276309,0.1765292000990926
2026-01-20,ic_o_trdmom,趋势动量,0.1531187750497996,0.178283119505083
2026-01-21,ic_o_trdmom,趋势动量,0.0921688626490988,0.1697612691000046
2026-01-22,ic_o_trdmom,趋势动量,0.1635767895317869,0.16651095267256305
2026-01-23,ic_o_trdmom,趋势动量,0.158422732618139,0.16384696830396464
2026-01-26,ic_o_trdmom,趋势动量,0.0281373749010007,0.15265004249475572
2026-01-27,ic_o_trdmom,趋势动量,-0.0201358389132886,0.13921837527353728
2026-01-28,ic_o_trdmom,趋势动量,-0.0680754553963568,0.12501434432242994
2026-01-29,ic_o_trdmom,趋势动量,-0.0703074375404996,0.11422770517175618
2026-01-30,ic_o_trdmom,趋势动量,0.0607867137062903,0.110844100930899
2026-02-02,ic_o_trdmom,趋势动量,0.2060263517891857,0.11437879265336523
2026-02-03,ic_o_trdmom,趋势动量,0.1142222862217102,0.1123191291306734
2026-02-04,ic_o_trdmom,趋势动量,0.1312058290768884,0.11048944770430087
2026-02-05,ic_o_trdmom,趋势动量,0.1040997918022901,0.10531104036159085
2026-02-06,ic_o_trdmom,趋势动量,0.1363189094487244,0.10355821438419868
2026-02-09,ic_o_trdmom,趋势动量,0.1030767753857969,0.09979557913539464
2026-02-10,ic_o_trdmom,趋势动量,0.1337293301653586,0.0942027838777567
2026-02-11,ic_o_trdmom,趋势动量,0.0882880936952504,0.0913561492243186
2026-02-12,ic_o_trdmom,趋势动量,0.0307869537043703,0.0827732178877693
2026-02-13,ic_o_trdmom,趋势动量,0.0829649362805097,0.08363229101518428
2026-02-24,ic_o_trdmom,趋势动量,0.1737994096047232,0.0901105591890389
2026-02-25,ic_o_trdmom,趋势动量,0.0720305811518005,0.08605614949413895
2026-02-26,ic_o_trdmom,趋势动量,0.0826167402495099,0.0855785433741595
2026-02-27,ic_o_trdmom,趋势动量,0.1350500732804857,0.08415220756159444
2026-03-02,ic_o_trdmom,趋势动量,0.0909704331131715,0.08077959258634607
2026-03-03,ic_o_trdmom,趋势动量,0.1145890136168248,0.08510217452213727
2026-03-04,ic_o_trdmom,趋势动量,0.059580730454748,0.0890880029905391
2026-03-05,ic_o_trdmom,趋势动量,0.1644739373074099,0.10071547262572744
2026-03-06,ic_o_trdmom,趋势动量,0.2568977087937831,0.11707572994244157
2026-03-09,ic_o_trdmom,趋势动量,0.2268391130977461,0.12537834991201435
2026-03-10,ic_o_trdmom,趋势动量,0.1040480358864855,0.12027943411687933
2026-03-11,ic_o_trdmom,趋势动量,0.1140350877192982,0.12027007419175875
2026-03-12,ic_o_trdmom,趋势动量,-0.0770177838577291,0.10985889354502787
2026-03-13,ic_o_trdmom,趋势动量,-0.0404012767897856,0.10263384011542406
2026-03-16,ic_o_trdmom,趋势动量,-0.0816473468212254,0.09173552730192659
2026-03-17,ic_o_trdmom,趋势动量,0.017985456116351,0.0874809613384543
2026-03-18,ic_o_trdmom,趋势动量,-0.0027311814279682,0.08065793575878796
2026-03-19,ic_o_trdmom,趋势动量,-0.2552585110870639,0.06348060551967225
2026-03-20,ic_o_trdmom,趋势动量,-0.3463964288285693,0.044621436393025266
2026-03-23,ic_o_trdmom,趋势动量,-0.4002090384531875,0.020462737656340404
2026-03-24,ic_o_trdmom,趋势动量,-0.4045023639810881,-0.008452351022950161
2026-03-25,ic_o_trdmom,趋势动量,-0.1906833889429561,-0.021588049527687992
2026-03-26,ic_o_trdmom,趋势动量,-0.2871566750406564,-0.04007672029219631
2026-03-27,ic_o_trdmom,趋势动量,-0.2698370413036696,-0.060321076021404074
2026-03-30,ic_o_trdmom,趋势动量,-0.2190438476492188,-0.07582179005952358
2026-03-31,ic_o_trdmom,趋势动量,-0.3189744395892044,-0.09749996271982506
2026-04-01,ic_o_trdmom,趋势动量,-0.1775985792113663,-0.10935892820313076
2026-04-02,ic_o_trdmom,趋势动量,-0.416508517837043,-0.1384080509603534
2026-04-03,ic_o_trdmom,趋势动量,-0.4701586387308902,-0.17476086833658705
2026-04-07,ic_o_trdmom,趋势动量,-0.4630018959848321,-0.209252918790716
2026-04-08,ic_o_trdmom,趋势动量,-0.1972904216766266,-0.2243198416688716
2026-04-09,ic_o_trdmom,趋势动量,-0.2034608943894181,-0.24019464077430736
2026-04-10,ic_o_trdmom,趋势动量,0.0090287494390291,-0.23589231410946948
2026-04-13,ic_o_trdmom,趋势动量,0.0131326949384404,-0.2332156155230582
2026-04-14,ic_o_trdmom,趋势动量,0.1196678426572587,-0.22314985604913398
2026-04-15,ic_o_trdmom,趋势动量,0.1140902872777017,-0.21834461449106649
2026-04-16,ic_o_trdmom,趋势动量,0.0985984112127103,-0.21327813485903252
2026-04-17,ic_o_trdmom,趋势动量,0.1340557275541795,-0.19381242292697037
2026-04-20,ic_o_trdmom,趋势动量,0.1220400461648378,-0.17039059917729998
2026-04-21,ic_o_trdmom,趋势动量,0.1975476456543377,-0.14050276497192374
2026-04-22,ic_o_trdmom,趋势动量,0.2563088891738571,-0.1074622023141765
2026-04-23,ic_o_trdmom,趋势动量,0.1771436283020269,-0.08907085145192734
2026-04-24,ic_o_trdmom,趋势动量,0.1647560559327961,-0.06647521490325471
2026-04-27,ic_o_trdmom,趋势动量,0.285196283117696,-0.03872354868218643
2026-04-28,ic_o_trdmom,趋势动量,0.2066586102055271,-0.017438425789449135
2026-04-29,ic_o_trdmom,趋势动量,0.2274717423562386,0.009883883307823017
2026-04-30,ic_o_trdmom,趋势动量,0.2348542729677023,0.030506525916776446
2026-05-06,ic_o_trdmom,趋势动量,0.2074292736355622,0.06170341549040671
2026-05-07,ic_o_trdmom,趋势动量,0.2209482458959409,0.09625875972174827
2026-05-08,ic_o_trdmom,趋势动量,0.1308589830197218,0.12595180367197595
2026-05-11,ic_o_trdmom,趋势动量,0.0697772035337867,0.1393051849324966
2026-05-12,ic_o_trdmom,趋势动量,0.185752044651114,0.15876583188452323
2026-05-13,ic_o_trdmom,趋势动量,0.0243993939831181,0.15953436411172767
2026-05-14,ic_o_trdmom,趋势动量,0.1859094516334254,0.16817320194647695
2026-05-15,ic_o_trdmom,趋势动量,0.1728577893501059,0.17083269928111927
2026-05-18,ic_o_trdmom,趋势动量,0.0854995376169894,0.16940316179808368
2026-05-19,ic_o_trdmom,趋势动量,0.0876140380793724,0.1688539431414168
2026-05-20,ic_o_trdmom,趋势动量,0.1322182768354645,0.16876207060548104
2026-05-21,ic_o_trdmom,趋势动量,0.2902717830091481,0.17717365744769653
2026-05-22,ic_o_trdmom,趋势动量,0.2628683487351693,0.18043969260173812
2026-05-25,ic_o_trdmom,趋势动量,0.3031487955086541,0.182781687918478
2026-05-26,ic_o_trdmom,趋势动量,0.3687575793152142,0.19236238546913734
2026-05-27,ic_o_trdmom,趋势动量,0.3442792399866204,0.20133854467182855
2026-05-28,ic_o_trdmom,趋势动量,0.2927441939778712,0.20171594021483732
2026-05-29,ic_o_trdmom,趋势动量,0.3003731857205632,0.20640166899058912
2026-06-01,ic_o_trdmom,趋势动量,0.155073423798624,0.20278175306270838
2026-06-02,ic_o_trdmom,趋势动量,0.0740613454764314,0.19474210668814484
2026-06-03,ic_o_trdmom,趋势动量,0.1110125859999606,0.18992127230636474
2026-06-04,ic_o_trdmom,趋势动量,0.119087564192535,0.18482823822119446
2026-06-05,ic_o_trdmom,趋势动量,0.1741251439621412,0.18699154626831543
2026-06-08,ic_o_trdmom,趋势动量,0.0670199578936322,0.1868536839863077
2026-06-09,ic_o_trdmom,趋势动量,0.2186396101553738,0.18849806226152072
2026-06-10,ic_o_trdmom,趋势动量,0.2032976762794236,0.19744297637633595
2026-06-11,ic_o_trdmom,趋势动量,0.0609702828734644,0.19119601793833793
2026-06-12,ic_o_trdmom,趋势动量,0.2887462460050374,0.1969904407710845
2026-06-15,ic_o_trdmom,趋势动量,0.3235856809398423,0.20889474793722718
2026-06-16,ic_o_trdmom,趋势动量,0.1958811839628519,0.2143081052314011
2026-06-17,ic_o_trdmom,趋势动量,-0.0880836355766014,0.20329300961079783
2026-06-18,ic_o_trdmom,趋势动量,-0.1890470974808324,0.1793270655862988
2026-06-22,ic_o_trdmom,趋势动量,-0.3730742239507841,0.14752993695200114
2026-06-23,ic_o_trdmom,趋势动量,-0.3032694741950928,0.11720902346681379
2026-06-24,ic_o_trdmom,趋势动量,-0.4359635602835949,0.07697296648687334
2026-06-25,ic_o_trdmom,趋势动量,-0.5569456204431028,0.03191172346538717
2026-06-26,ic_o_trdmom,趋势动量,-0.4744705550563713,-0.006449013986324953
2026-06-29,ic_o_trdmom,趋势动量,-0.5165080789244089,-0.04729307721857355
2026-06-30,ic_o_trdmom,趋势动量,-0.5789756740626086,-0.0839955321116352
2026-07-01,ic_o_trdmom,趋势动量,-0.5930740927782988,-0.11735230402437172
2026-07-02,ic_o_trdmom,趋势动量,-0.4938132497327361,-0.14759359581100653
2026-07-03,ic_o_trdmom,趋势动量,-0.5255806022128799,-0.17982700413127728
2026-07-06,ic_o_trdmom,趋势动量,-0.4828813348112101,-0.21267732806994485
2026-07-07,ic_o_trdmom,趋势动量,-0.553774816194555,-0.24371706677435423
2026-07-08,ic_o_trdmom,趋势动量,-0.5566999626158418,-0.282484045412915
2026-07-09,ic_o_trdmom,趋势动量,-0.5818929501347798,-0.32174357673362514
2026-07-10,ic_o_trdmom,趋势动量,-0.5267244262843426,-0.3511283121915155
2026-07-13,ic_o_trdmom,趋势动量,-0.6307783119412873,-0.3971045400888317
2026-07-14,ic_o_trdmom,趋势动量,-0.4663998179325714,-0.4366038150324525
2026-07-15,ic_o_trdmom,趋势动量,-0.4293251131462445,-0.46786412988790727
2026-07-16,ic_o_trdmom,趋势动量,-0.2810870795673746,-0.47751430208744594
2026-07-17,ic_o_trdmom,趋势动量,-0.4208839713781637,-0.4891061457823125
2026-07-20,ic_o_trdmom,趋势动量,-0.5867489555390862,-0.4997898823617276
2026-07-21,ic_o_trdmom,趋势动量,-0.3131546326842482,-0.5002841402861853
2026-07-22,ic_o_trdmom,趋势动量,-0.0995573581582011,-0.48346383017991573
2026-07-23,ic_o_trdmom,趋势动量,0.0397019761134904,-0.45363145035208596
2026-07-24,ic_o_trdmom,趋势动量,-0.1272727272727273,-0.43627155896290376
2026-07-27,ic_o_trdmom,趋势动量,0.2148198673846174,-0.3997051616474525
2026-07-28,ic_o_trdmom,趋势动量,-0.0677414065625594,-0.37414344827245005
2026-07-29,ic_o_trdmom,趋势动量,-0.1415101888227925,-0.35156525307467473
2026-07-30,ic_o_trdmom,趋势动量,-0.4887175192119678,-0.3513104665486363
2026-07-31,ic_o_trdmom,趋势动量,-0.2958426821118633,-0.3398235705435855
2026-08-03,ic_o_trdmom,趋势动量,-0.3280112283647382,-0.3320800652212619
2020-04-03,ic_o_val,价值,-0.4560846735433304,
2020-04-07,ic_o_val,价值,-0.4024951030899764,
2020-04-08,ic_o_val,价值,-0.3744844363588133,
2020-04-09,ic_o_val,价值,-0.3403799630749431,
2020-04-10,ic_o_val,价值,-0.4227881514810648,
2020-04-13,ic_o_val,价值,-0.4281823228719909,
2020-04-14,ic_o_val,价值,-0.3221027371578553,
2020-04-15,ic_o_val,价值,-0.2974938132733408,
2020-04-16,ic_o_val,价值,-0.3340417458447639,
2020-04-17,ic_o_val,价值,-0.2699212598425197,-0.3647974206538599
2020-04-20,ic_o_val,价值,-0.1434632822847992,-0.3446761353475816
2020-04-21,ic_o_val,价值,-0.1421524441733045,-0.3277991610830585
2020-04-22,ic_o_val,价值,-0.0370214278537017,-0.3054316431423388
2020-04-23,ic_o_val,价值,-0.0883539557555305,-0.289926094043281
2020-04-24,ic_o_val,价值,-0.1072882327022394,-0.27775023662054493
2020-04-27,ic_o_val,价值,-0.1864924858475348,-0.27204662719723177
2020-04-28,ic_o_val,价值,-0.209377141923208,-0.2683601868869951
2020-04-29,ic_o_val,价值,-0.4572058492688414,-0.27885161257487545
2020-04-30,ic_o_val,价值,-0.2505571836996492,-0.2773624321077583
2020-05-06,ic_o_val,价值,-0.0860743698154246,-0.2677980289931416
2020-05-07,ic_o_val,价值,-0.1041986003684315,-0.25020372533439666
2020-05-08,ic_o_val,价值,-0.1394435695538058,-0.23705114865758814
2020-05-11,ic_o_val,价值,-0.1413087557603686,-0.22539236462766593
2020-05-12,ic_o_val,价值,-0.1495883014623172,-0.21585278154703458
2020-05-13,ic_o_val,价值,-0.1456980062963863,-0.20199827428780065
2020-05-14,ic_o_val,价值,-0.1608848893888264,-0.18863340261364245
2020-05-15,ic_o_val,价值,-0.1208070803257156,-0.17856861977203548
2020-05-18,ic_o_val,价值,-0.1358982165704064,-0.17048883993688874
2020-05-19,ic_o_val,价值,-0.1469518514465116,-0.16113434521697614
2020-05-20,ic_o_val,价值,-0.2449523809523809,-0.15988590127246918
2020-05-21,ic_o_val,价值,-0.2835875515560555,-0.166892114736032
2020-05-22,ic_o_val,价值,-0.4942992125984252,-0.18449945315728805
2020-05-25,ic_o_val,价值,-0.5571773528308962,-0.21050724940614773
2020-05-26,ic_o_val,价值,-0.5358980127484065,-0.23288445225579152
2020-05-27,ic_o_val,价值,-0.5522159730033747,-0.25513083927084834
2020-05-28,ic_o_val,价值,-0.4995523052908586,-0.2707838302430145
2020-05-29,ic_o_val,价值,-0.461225346831646,-0.2833762404884364
2020-06-01,ic_o_val,价值,-0.3105961754780653,-0.2760457567988976
2020-06-02,ic_o_val,价值,-0.3848692005720587,-0.2827613576425181
2020-06-03,ic_o_val,价值,-0.3599220097487814,-0.2964537396391859
2020-06-04,ic_o_val,价值,-0.1078875140607424,-0.2966381853238015
2020-06-05,ic_o_val,价值,-0.1923929508811398,-0.2992856543901682
2020-06-08,ic_o_val,价值,-0.2678095238095238,-0.3056106927926259
2020-06-09,ic_o_val,价值,-0.3954870180959873,-0.3179056286243095
2020-06-10,ic_o_val,价值,-0.4456466973886328,-0.3329030631789217
2020-06-11,ic_o_val,价值,-0.4774930875576036,-0.34873347308736063
2020-06-12,ic_o_val,价值,-0.4861321044546851,-0.3669997242938091
2020-06-15,ic_o_val,价值,-0.5129339477726573,-0.38585151085392166
2020-06-16,ic_o_val,价值,-0.3461259600614438,-0.3958102162846682
2020-06-17,ic_o_val,价值,-0.3831029185867894,-0.4027177431663887
2020-06-18,ic_o_val,价值,-0.3713671274961597,-0.40710672196339387
2020-06-19,ic_o_val,价值,-0.2459969278033794,-0.39469160772364165
2020-06-22,ic_o_val,价值,-0.1699539170506912,-0.37533043593463133
2020-06-23,ic_o_val,价值,-0.1844301075268817,-0.3577570406735551
2020-06-24,ic_o_val,价值,-0.1954101382488479,-0.33991674893582874
2020-06-29,ic_o_val,价值,-0.2494132104454684,-0.32740979419355926
2020-06-30,ic_o_val,价值,-0.1951903058773287,-0.3141080421458434
2020-07-01,ic_o_val,价值,-0.2577487024887557,-0.3114656684963779
2020-07-02,ic_o_val,价值,-0.2973846919672375,-0.30709144306613684
2020-07-03,ic_o_val,价值,-0.3813110553568569,-0.3081608953465406
2020-07-06,ic_o_val,价值,-0.471056424491539,-0.32631934086808045
2020-07-07,ic_o_val,价值,-0.3591488771143742,-0.33465713717974216
2020-07-08,ic_o_val,价值,-0.3837506005444936,-0.34045419101649066
2020-07-09,ic_o_val,价值,-0.3121123151657503,-0.33628545586997877
2020-07-10,ic_o_val,价值,-0.2174958008439279,-0.3248779110427436
2020-07-13,ic_o_val,价值,-0.1253137418235944,-0.3072689437560431
2020-07-14,ic_o_val,价值,-0.0884922639937729,-0.2873869517329975
2020-07-15,ic_o_val,价值,0.0806920755438419,-0.25770565056717254
2020-07-16,ic_o_val,价值,-0.1081853935753903,-0.24580862224286987
2020-07-17,ic_o_val,价值,-0.0421991287604637,-0.22876343275155359
2020-07-20,ic_o_val,价值,-0.0328671328671328,-0.21183843302010225
2020-07-21,ic_o_val,价值,0.0049645011477072,-0.1992903615725479
2020-07-22,ic_o_val,价值,0.0580640856306128,-0.18788946143848267
2020-07-23,ic_o_val,价值,0.057225217530561,-0.17580669518561057
2020-07-24,ic_o_val,价值,-0.0684594945544496,-0.16945916300089064
2020-07-27,ic_o_val,价值,-0.0912935612203359,-0.16155318053963402
2020-07-28,ic_o_val,价值,-0.0294613783163401,-0.1532667341615846
2020-07-29,ic_o_val,价值,0.0691773874979981,-0.1369204296622469
2020-07-30,ic_o_val,价值,-0.0206667886593841,-0.12308453449685423
2020-07-31,ic_o_val,价值,-0.0299308060069459,-0.1055155220293587
2020-08-03,ic_o_val,价值,0.0540197165693597,-0.07926171497631375
2020-08-04,ic_o_val,价值,0.0043292643053264,-0.061087807905328716
2020-08-05,ic_o_val,价值,-0.0167298350504457,-0.04273676963062632
2020-08-06,ic_o_val,价值,0.0305290537141329,-0.02560470118663216
2020-08-07,ic_o_val,价值,-0.0125900984760941,-0.015359416068240475
2020-08-10,ic_o_val,价值,0.0768216516308119,-0.00525264639552016
2020-08-11,ic_o_val,价值,0.1028986280894677,0.00431689820864187
2020-08-12,ic_o_val,价值,0.1090001601451983,0.00573230243870969
2020-08-13,ic_o_val,价值,0.1055196711685261,0.01641755567590551
2020-08-14,ic_o_val,价值,0.052426199754444,0.021148822101650894
2020-08-17,ic_o_val,价值,0.0696631612662147,0.026275336808318266
2020-08-18,ic_o_val,价值,0.1266214701329205,0.03235818525757893
2020-08-19,ic_o_val,价值,0.1587901499523503,0.03739448847366581
2020-08-20,ic_o_val,价值,0.1763467895517365,0.04335056707472458
2020-08-21,ic_o_val,价值,0.145441394119323,0.05404561150841321
2020-08-24,ic_o_val,价值,0.2080606416484279,0.06901332165185141
2020-08-25,ic_o_val,价值,0.2028719372230822,0.08062998742882252
2020-08-26,ic_o_val,价值,0.1248178338662628,0.08341200974723575
2020-08-27,ic_o_val,价值,0.2449527571664976,0.09669298703852983
2020-08-28,ic_o_val,价值,0.2913147920781508,0.11275526694278468
2020-08-31,ic_o_val,价值,0.3066330895122166,0.12538593558992753
2020-09-01,ic_o_val,价值,0.286067367746757,0.13947284076199906
2020-09-02,ic_o_val,价值,0.3230715849036459,0.15646291175970362
2020-09-03,ic_o_val,价值,0.2451195490322067,0.1671924365256073
2020-09-04,ic_o_val,价值,0.0776465030248156,0.1717042666006528
2020-09-07,ic_o_val,价值,-0.1270271713019804,0.16151182545401319
2020-09-08,ic_o_val,价值,-0.1617335207036094,0.14828021801435934
2020-09-09,ic_o_val,价值,-0.2534618053702023,0.1301571197385893
2020-09-10,ic_o_val,价值,-0.1120217157179715,0.11928005039426444
2020-09-11,ic_o_val,价值,0.1074682478357971,0.12203215279833209
2020-09-14,ic_o_val,价值,0.0196687619293916,0.11953243283149091
2020-09-15,ic_o_val,价值,0.1795174291357497,0.12217723078163238
2020-09-16,ic_o_val,价值,0.051710884535312,0.11682326751078047
2020-09-17,ic_o_val,价值,0.1877331283473731,0.11739258445056229
2020-09-18,ic_o_val,价值,0.2360006405807932,0.12192054677363581
2020-09-21,ic_o_val,价值,0.1362889019377569,0.11833195978810226
2020-09-22,ic_o_val,价值,0.0155340842363743,0.10896506713876686
2020-09-23,ic_o_val,价值,0.0356589974910585,0.10450712532000665
2020-09-24,ic_o_val,价值,0.0140901271688151,0.09296399382012252
2020-09-25,ic_o_val,价值,0.0692335307126153,0.08185993075184575
2020-09-28,ic_o_val,价值,0.007014369047101,0.06687899472858996
2020-09-29,ic_o_val,价值,0.0982229126310511,0.05748677197280468
2020-09-30,ic_o_val,价值,0.082833416861453,0.04547486357069503
2020-10-09,ic_o_val,价值,0.1702405927563505,0.04173091575690222
2020-10-12,ic_o_val,价值,0.1633929882303758,0.04601824001718023
2020-10-13,ic_o_val,价值,0.1458602466236054,0.05966261091345952
2020-10-14,ic_o_val,价值,0.2058357221815597,0.07804107305771797
2020-10-15,ic_o_val,价值,0.1348582714994929,0.09745707690120273
2020-10-16,ic_o_val,价值,0.0154967997482576,0.10383300267451419
2020-10-19,ic_o_val,价值,0.003808791716215,0.09865002986853508
2020-10-20,ic_o_val,价值,0.0654780334169647,0.10094049344291374
2020-10-21,ic_o_val,价值,0.1187172198528269,0.0979004829787676
2020-10-22,ic_o_val,价值,0.0805423584049538,0.09934205667224968
2020-10-23,ic_o_val,价值,-0.0874819836651897,0.08558130107162155
2020-10-26,ic_o_val,价值,-0.1261250200181497,0.0674750180416744
2020-10-27,ic_o_val,价值,0.0143436715955799,0.06137775652456555
2020-10-28,ic_o_val,价值,0.1531735440132386,0.06825972951340877
2020-10-29,ic_o_val,价值,0.2369134682111781,0.07832245304941475
2020-10-30,ic_o_val,价值,0.2664068755671809,0.09093829046933304
2020-11-02,ic_o_val,价值,0.242064805423584,0.09957985420488147
2020-11-03,ic_o_val,价值,0.2708001921742379,0.11276914536123832
2020-11-04,ic_o_val,价值,0.2505258100677948,0.12038429023307551
2020-11-05,ic_o_val,价值,0.2187666401094139,0.12718095139547353
2020-11-06,ic_o_val,价值,0.1041050552500934,0.1238741745201607
2020-11-09,ic_o_val,价值,0.1036701324803844,0.12088803173266112
2020-11-10,ic_o_val,价值,0.094769096083644,0.11833347420566305
2020-11-11,ic_o_val,价值,-0.0358191904916649,0.10625072857200182
2020-11-12,ic_o_val,价值,0.0130732038023975,0.10016147518714706
2020-11-13,ic_o_val,价值,0.0331020566674835,0.10104173803310834
2020-11-16,ic_o_val,价值,-0.0792878876848342,0.09688690406305588
2020-11-17,ic_o_val,价值,-0.1442456417094672,0.0864007203067343
2020-11-18,ic_o_val,价值,-0.2145838893930497,0.06973566484444046
2020-11-19,ic_o_val,价值,-0.2013988701742974,0.055638603415477904
2020-11-20,ic_o_val,价值,-0.1317941600384348,0.05342299459681564
2020-11-23,ic_o_val,价值,-0.2523461271552875,0.04711193923995877
2020-11-24,ic_o_val,价值,-0.1374793145785512,0.03952078993125221
2020-11-25,ic_o_val,价值,-0.2415740158732945,0.01978341193692555
2020-11-26,ic_o_val,价值,-0.248139646612929,-0.004469243804279803
2020-11-27,ic_o_val,价值,-0.3449847862061602,-0.035038826892946864
2020-11-30,ic_o_val,价值,-0.2705546362034912,-0.060669798974300616
2020-12-01,ic_o_val,价值,-0.2496770405167351,-0.08669366060884928
2020-12-02,ic_o_val,价值,-0.325250544943313,-0.11548247835940466
2020-12-03,ic_o_val,价值,-0.4001947608053552,-0.1464305484051431
2020-12-04,ic_o_val,价值,-0.4206575434342391,-0.17266867833935975
2020-12-07,ic_o_val,价值,-0.4433839367478815,-0.20002138180077306
2020-12-08,ic_o_val,价值,-0.3611013031909725,-0.2228149017645039
2020-12-09,ic_o_val,价值,-0.3882579199725068,-0.24043683823854595
2020-12-10,ic_o_val,价值,-0.318370624455517,-0.2570090296514417
2020-12-11,ic_o_val,价值,-0.2673740421186897,-0.27203283459075034
2020-12-14,ic_o_val,价值,-0.2645388125741438,-0.28129538083521577
2020-12-15,ic_o_val,价值,-0.0590871089580696,-0.27703745419764597
2020-12-16,ic_o_val,价值,-0.0361957829138458,-0.26811804887368573
2020-12-17,ic_o_val,价值,0.084840283241542,-0.25380609120289377
2020-12-18,ic_o_val,价值,0.0121667977970102,-0.24660804331112157
2020-12-21,ic_o_val,价值,0.1041888276947285,-0.22878129556862073
2020-12-22,ic_o_val,价值,-0.0597828481510621,-0.22489647224724627
2020-12-23,ic_o_val,价值,-0.0659260424862313,-0.2161140735778931
2020-12-24,ic_o_val,价值,-0.1489685125048714,-0.21115551687249026
2020-12-25,ic_o_val,价值,-0.1245603848316016,-0.20013429680376232
2020-12-28,ic_o_val,价值,-0.1064769574776416,-0.19193041286746984
2020-12-29,ic_o_val,价值,-0.0056742811554455,-0.17973027489940535
2020-12-30,ic_o_val,价值,0.0826126364305046,-0.15933711583071447
2020-12-31,ic_o_val,价值,0.1662404092071611,-0.13101535733008865
2021-01-04,ic_o_val,价值,0.1992831407396344,-0.10001832312139498
2021-01-05,ic_o_val,价值,0.287705116956335,-0.06346387043618415
2021-01-06,ic_o_val,价值,0.31182444415405,-0.029817583068933028
2021-01-07,ic_o_val,价值,0.1911064648010902,-0.0008493638302531789
2021-01-08,ic_o_val,价值,0.2147777549610768,0.02580805514057651
2021-01-11,ic_o_val,价值,0.2297029887804058,0.05066190668553129
2021-01-12,ic_o_val,价值,0.2028581029365094,0.07403175246106394
2021-01-13,ic_o_val,价值,0.0709812011126252,0.08053516796459867
2021-01-14,ic_o_val,价值,0.060195642839808,0.08535473925228138
2021-01-15,ic_o_val,价值,0.111017640312255,0.08666360710581703
2021-01-18,ic_o_val,价值,0.2534676199899191,0.09872864821546248
2021-01-19,ic_o_val,价值,0.2103186317121016,0.10403513841633114
2021-01-20,ic_o_val,价值,0.3643941232475218,0.12524398698626033
2021-01-21,ic_o_val,价值,0.4618048425336493,0.15163053123725434
2021-01-22,ic_o_val,价值,0.4722123695558832,0.1826895753402921
2021-01-25,ic_o_val,价值,0.4424039053895122,0.21103778985134775
2021-01-26,ic_o_val,价值,0.4779855134691134,0.24026091339868555
2021-01-27,ic_o_val,价值,0.4760020161666697,0.2643447282647913
2021-01-28,ic_o_val,价值,0.5490460544738365,0.28766639916695785
2021-01-29,ic_o_val,价值,0.5864991505964493,0.3086793362364223
2021-02-01,ic_o_val,价值,0.6453413482181193,0.33098224661034653
2021-02-02,ic_o_val,价值,0.6219034106819497,0.3476921612966272
2021-02-03,ic_o_val,价值,0.6239809770723359,0.36329998794254154
2021-02-04,ic_o_val,价值,0.5988061679765526,0.38368497310131466
2021-02-05,ic_o_val,价值,0.6251983497302444,0.40420600283977304
2021-02-08,ic_o_val,价值,0.6539847294042973,0.42542008987096763
2021-02-09,ic_o_val,价值,0.6705947691675844,0.44880692318252136
2021-02-10,ic_o_val,价值,0.6257397278174995,0.4765448495177651
2021-02-18,ic_o_val,价值,0.6894029906472268,0.5080052169081359
2021-02-19,ic_o_val,价值,0.6997739977206184,0.5374430347785542
2021-02-22,ic_o_val,价值,0.6447719678160061,0.5570082521698586
2021-02-23,ic_o_val,价值,0.6523730239389508,0.5791109717812011
2021-02-24,ic_o_val,价值,0.609646108665858,0.5913735710521179
2021-02-25,ic_o_val,价值,0.5326040285996976,0.5949135303554203
2021-02-26,ic_o_val,价值,0.4611561222394383,0.594360717989598
2021-03-01,ic_o_val,价值,0.5397912894132582,0.5992300871907853
2021-03-02,ic_o_val,价值,0.4994166184404577,0.6003016424393526
2021-03-03,ic_o_val,价值,0.5091660910635278,0.6019598461841954
2021-03-04,ic_o_val,价值,0.3248315194056042,0.5907491194307838
2021-03-05,ic_o_val,价值,0.1954890551659244,0.5711986146592576
2021-03-08,ic_o_val,价值,0.101088356637482,0.5439859650802257
2021-03-09,ic_o_val,价值,-0.0326506991244609,0.5112582595899051
2021-03-10,ic_o_val,价值,-0.0907182718818545,0.47552329714219566
2021-03-11,ic_o_val,价值,0.0300791532099986,0.447086946403868
2021-03-12,ic_o_val,价值,0.0907601695073459,0.42036503739272313
2021-03-15,ic_o_val,价值,0.0538953735298751,0.3903605695990019
2021-03-16,ic_o_val,价值,-0.042619523213919,0.35469985497992673
2021-03-17,ic_o_val,价值,-0.0489107099520227,0.3209673330914506
2021-03-18,ic_o_val,价值,-0.0045690443743349,0.28626873134037256
2021-03-19,ic_o_val,价值,-0.1303507756641215,0.2447624926711356
2021-03-22,ic_o_val,价值,-0.1816370153266003,0.20344204351400524
2021-03-23,ic_o_val,价值,-0.220952265387272,0.15977577904769408
2021-03-24,ic_o_val,价值,-0.2416926465921182,0.11720884128479529
2021-03-25,ic_o_val,价值,-0.2750434035880299,0.07682646967540892
2021-03-26,ic_o_val,价值,-0.2163038811208393,0.04295346950739503
2021-03-29,ic_o_val,价值,-0.2197061623760897,0.00497859691792764
2021-03-30,ic_o_val,价值,-0.2446282225997348,-0.032223645134081984
2021-03-31,ic_o_val,价值,-0.2589560737020926,-0.070629753372363
2021-04-01,ic_o_val,价值,-0.2442691445634521,-0.09908478657081582
2021-04-02,ic_o_val,价值,-0.0177488212761957,-0.10974668039292182
2021-04-06,ic_o_val,价值,0.1037299083390893,-0.10961460280784145
2021-04-07,ic_o_val,价值,0.1212174954001135,-0.10192119308161274
2021-04-08,ic_o_val,价值,0.2047531651404836,-0.08714762123049583
2021-04-09,ic_o_val,价值,0.1421584184292568,-0.08154365796953292
2021-04-12,ic_o_val,价值,0.0500354695988201,-0.08357989296495921
2021-04-13,ic_o_val,价值,-0.0500728060186308,-0.08877830194238451
2021-04-14,ic_o_val,价值,-0.0577127709223962,-0.08953296432780837
2021-04-15,ic_o_val,价值,-0.0607650232419213,-0.09012567999230331
2021-04-16,ic_o_val,价值,-0.1147441521832471,-0.09563443538274892
2021-04-19,ic_o_val,价值,-0.0497787817126215,-0.09160583568517391
2021-04-20,ic_o_val,价值,0.0605783411428678,-0.0794950678617005
2021-04-21,ic_o_val,价值,-0.0114902831967442,-0.06902196875217412
2021-04-22,ic_o_val,价值,-0.107579148306979,-0.06231629383791716
2021-04-23,ic_o_val,价值,-0.0343028757244382,-0.050279267444737576
2021-04-26,ic_o_val,价值,-0.1065348068773685,-0.04479081373256403
2021-04-27,ic_o_val,价值,-0.0523363264696548,-0.036422321937242284
2021-04-28,ic_o_val,价值,-0.0890940317732932,-0.028645612395920207
2021-04-29,ic_o_val,价值,-0.2010519536281665,-0.025750406392223903
2021-04-30,ic_o_val,价值,-0.0848190117049676,-0.01777789974929967
2021-05-06,ic_o_val,价值,-0.1348918177235984,-0.023635049571669807
2021-05-07,ic_o_val,价值,-0.2411842192772135,-0.04088075595248495
2021-05-10,ic_o_val,价值,-0.228559560923703,-0.05836960876867577
2021-05-11,ic_o_val,价值,-0.2074971530979894,-0.07898212468059942
2021-05-12,ic_o_val,价值,-0.2621773770335384,-0.09919891445373918
2021-05-13,ic_o_val,价值,-0.3857552224317209,-0.12098844905526622
2021-05-14,ic_o_val,价值,-0.3194084044280993,-0.13445522897573967
2021-05-17,ic_o_val,价值,-0.1897623536879048,-0.14105770811401508
2021-05-18,ic_o_val,价值,-0.0805066552168312,-0.14204478971276058
2021-05-19,ic_o_val,价值,-0.1030998562547837,-0.14146257491633743
2021-05-20,ic_o_val,价值,-0.0533117404372094,-0.1416392228525668
2021-05-21,ic_o_val,价值,-0.1420184068549666,-0.15176906025245854
2021-05-24,ic_o_val,价值,-0.0791905464185039,-0.15515407341354653
2021-05-25,ic_o_val,价值,0.024478690238393,-0.14855118148627794
2021-05-26,ic_o_val,价值,-0.002002165512349,-0.14693614597567345
2021-05-27,ic_o_val,价值,0.0042353550639357,-0.14139763787860823
2021-05-28,ic_o_val,价值,-0.0781475513697763,-0.1426881991236143
2021-05-31,ic_o_val,价值,-0.0228639167583704,-0.13937669337286818
2021-06-01,ic_o_val,价值,0.0538811208393227,-0.12663003964949374
2021-06-02,ic_o_val,价值,-0.0193737432613343,-0.12335777622731206
2021-06-03,ic_o_val,价值,-0.0359379572724612,-0.11841008320475518
2021-06-04,ic_o_val,价值,-0.0272022241732513,-0.10771098344955707
2021-06-07,ic_o_val,价值,0.0709735635547751,-0.09273432722563317
2021-06-08,ic_o_val,价值,-0.0666617890937469,-0.08569255902542104
2021-06-09,ic_o_val,价值,-0.0492147107599258,-0.07504442571174043
2021-06-10,ic_o_val,价值,0.0434992955024376,-0.0535816998150325
2021-06-11,ic_o_val,价值,-0.076417506973347,-0.04143215494229488
2021-06-15,ic_o_val,价值,-0.1266873651791169,-0.03827840551685549
2021-06-16,ic_o_val,价值,-0.2836170027057694,-0.0484339228913024
2021-06-17,ic_o_val,价值,-0.2424494070998391,-0.05540140043355517
2021-06-18,ic_o_val,价值,-0.1613960273818875,-0.06080561478078907
2021-06-21,ic_o_val,价值,-0.168338757341114,-0.062121632305096444
2021-06-22,ic_o_val,价值,-0.1780496016159802,-0.06706458506497026
2021-06-23,ic_o_val,价值,-0.1842691305377873,-0.07750197610377926
2021-06-24,ic_o_val,价值,-0.2046434494195688,-0.08763404029914026
2021-06-25,ic_o_val,价值,-0.0823383084577114,-0.09196272347522262
2021-06-28,ic_o_val,价值,-0.0116500971247978,-0.0886378507629737
2021-06-29,ic_o_val,价值,-0.0083260169739537,-0.08791095577375287
2021-06-30,ic_o_val,价值,0.0559793733270351,-0.08780604314936724
2021-07-01,ic_o_val,价值,-0.0469807904267044,-0.08918639550763574
2021-07-02,ic_o_val,价值,-0.0701857975122028,-0.09089878751962283
2021-07-05,ic_o_val,价值,-0.0712250039363879,-0.09309992650777965
2021-07-06,ic_o_val,价值,-0.1238584474885844,-0.10284152705994762
2021-07-07,ic_o_val,价值,-0.0778223901747756,-0.10339955711399906
2021-07-08,ic_o_val,价值,-4.920489805239556e-05,-0.1009412818209054
2021-07-09,ic_o_val,价值,0.0749508689093309,-0.09936870315056072
2021-07-12,ic_o_val,价值,0.1770862856243111,-0.08669351352067782
2021-07-13,ic_o_val,价值,0.1396591088017635,-0.07337618982163381
2021-07-14,ic_o_val,价值,0.2110809321366713,-0.048641293079511774
2021-07-15,ic_o_val,价值,0.1734057628719886,-0.027848534580920382
2021-07-16,ic_o_val,价值,0.2346205321996535,-0.008047706601843332
2021-07-19,ic_o_val,价值,0.1963137658576035,0.010184919558092542
2021-07-20,ic_o_val,价值,0.2661509998425445,0.03239494963101878
2021-07-21,ic_o_val,价值,0.3463513091948901,0.05892597161765264
2021-07-22,ic_o_val,价值,0.3754369390647141,0.08792999104186679
2021-07-23,ic_o_val,价值,0.3636474570933711,0.1102292793194209
2021-07-26,ic_o_val,价值,0.3158833254605573,0.12660595044868866
2021-07-27,ic_o_val,价值,0.2629290249979905,0.1401687025472859
2021-07-28,ic_o_val,价值,0.2249537818503335,0.1486174229734508
2021-07-29,ic_o_val,价值,0.3460376437161578,0.1682683446805939
2021-07-30,ic_o_val,价值,0.3193392814082469,0.18774459862661638
2021-08-02,ic_o_val,价值,0.3098062856683546,0.2067961631068535
2021-08-03,ic_o_val,价值,0.2843300377783136,0.22720558737019841
2021-08-04,ic_o_val,价值,0.3961305306250983,0.2509032334101921
2021-08-05,ic_o_val,价值,0.4089316643048338,0.2713522768703364
2021-08-06,ic_o_val,价值,0.4327783026295071,0.28924364855634527
2021-08-09,ic_o_val,价值,0.4361832782239017,0.3021984981863247
2021-08-10,ic_o_val,价值,0.4499291450165328,0.31771199999706323
2021-08-11,ic_o_val,价值,0.4530349551251771,0.3298097011464885
2021-08-12,ic_o_val,价值,0.4368957644465438,0.3429842012252163
2021-08-13,ic_o_val,价值,0.4399409934864686,0.35325022428955705
2021-08-16,ic_o_val,价值,0.4115965989607936,0.36401436594471653
2021-08-17,ic_o_val,价值,0.2991418674224531,0.36566390932371196
2021-08-18,ic_o_val,价值,0.2335655802235868,0.3600246228751468
2021-08-19,ic_o_val,价值,0.374724452842072,0.3599889985640147
2021-08-20,ic_o_val,价值,0.2687568886789481,0.3552444701432935
2021-08-23,ic_o_val,价值,0.33628398705337,0.35626450322293424
2021-08-24,ic_o_val,价值,0.416709966934341,0.3639535503197517
2021-08-25,ic_o_val,价值,0.4222366556447802,0.37381769400947407
2021-08-26,ic_o_val,价值,0.3252794835458982,0.37277978600096107
2021-08-27,ic_o_val,价值,0.3302117776728074,0.37332341081418907
2021-08-30,ic_o_val,价值,0.3285112580695953,0.37425865943425113
2021-08-31,ic_o_val,价值,0.2630021482859763,0.37319226495963426
2021-09-01,ic_o_val,价值,0.2148165643205794,0.36412656664440834
2021-09-02,ic_o_val,价值,0.1889741772949141,0.3531286922939123
2021-09-03,ic_o_val,价值,0.2274703073043804,0.34286329252765596
2021-09-06,ic_o_val,价值,0.1644347346874508,0.3292758653508335
2021-09-07,ic_o_val,价值,0.1085537710596756,0.31220709665299057
2021-09-08,ic_o_val,价值,0.0205735519736676,0.2905840264954151
2021-09-09,ic_o_val,价值,0.0221185640056683,0.2698451664733713
2021-09-10,ic_o_val,价值,0.0603251456463549,0.2508643740813657
2021-09-13,ic_o_val,价值,0.0100377893245158,0.23078643359955175
2021-09-14,ic_o_val,价值,0.081117146905999,0.2198851975737291
2021-09-15,ic_o_val,价值,0.0548299480396787,0.21094841596453368
2021-09-16,ic_o_val,价值,-0.0456660368445914,0.18992889148020048
2021-09-17,ic_o_val,价值,-0.0972838923004251,0.17162685243123182
2021-09-22,ic_o_val,价值,-0.0770804568970386,0.1509586302337114
2021-09-23,ic_o_val,价值,-0.0607069752794835,0.1270877831230202
2021-09-24,ic_o_val,价值,-0.1644186389884271,0.09775501839135979
2021-09-27,ic_o_val,价值,-0.1156471421823334,0.07570868710494823
2021-09-28,ic_o_val,价值,-0.2160683356951661,0.048394681436549555
2021-09-29,ic_o_val,价值,-0.2294756731223429,0.02049533487695264
2021-09-30,ic_o_val,价值,-0.269130845536136,-0.006111314814152974
2021-10-08,ic_o_val,价值,-0.265395213352228,-0.03012190369779334
2021-10-11,ic_o_val,价值,-0.2962250039363879,-0.05438186275935843
2021-10-12,ic_o_val,价值,-0.3297157927885372,-0.08224116776400432
2021-10-13,ic_o_val,价值,-0.2736537553141237,-0.10414559226408304
2021-10-14,ic_o_val,价值,-0.1551705983021125,-0.11733181073217244
2021-10-15,ic_o_val,价值,-0.1635569201700519,-0.12653833433935843
2021-10-18,ic_o_val,价值,-0.2430286569044244,-0.13979569538486308
2021-10-19,ic_o_val,价值,-0.2598474634776223,-0.1558043258410619
2021-10-20,ic_o_val,价值,-0.2649740198393953,-0.16955491629925748
2021-10-21,ic_o_val,价值,-0.3630136986301369,-0.19176145857606425
2021-10-22,ic_o_val,价值,-0.2394544166273027,-0.20647567680941337
2021-10-25,ic_o_val,价值,-0.3388482128798614,-0.22113478561117686
2021-10-26,ic_o_val,价值,-0.3283695481026609,-0.23268906840128864
2021-10-27,ic_o_val,价值,-0.3416655185970906,-0.24591832148629122
2021-10-28,ic_o_val,价值,-0.3282002834199338,-0.2592929868933137
2021-10-29,ic_o_val,价值,-0.249870345093753,-0.26356557219858
2021-11-01,ic_o_val,价值,-0.2292906628877342,-0.26924774823385006
2021-11-02,ic_o_val,价值,-0.1807630498771244,-0.267482483942948
2021-11-03,ic_o_val,价值,-0.1675185750216432,-0.264384629037913
2021-11-04,ic_o_val,价值,-0.0433554197719267,-0.25309585774970256
2021-11-05,ic_o_val,价值,-0.0282574166615821,-0.24123896791517024
2021-11-08,ic_o_val,价值,0.0361911866154979,-0.22461815838757598
2021-11-09,ic_o_val,价值,0.1437883797827113,-0.20094294975901353
2021-11-10,ic_o_val,价值,0.0189261533616753,-0.1863139543252236
2021-11-11,ic_o_val,价值,-0.0582823897122674,-0.18146954389573133
2021-11-12,ic_o_val,价值,-0.0606991025035427,-0.17632665301240585
2021-11-15,ic_o_val,价值,-0.0365989273254941,-0.16600516653345937
2021-11-16,ic_o_val,价值,-0.0435405587334452,-0.1551898212962505
2021-11-17,ic_o_val,价值,0.0369000639687208,-0.14009611710584471
2021-11-18,ic_o_val,价值,0.0610575541555437,-0.11889255446656069
2021-11-19,ic_o_val,价值,0.1772398047551566,-0.0980578433974377
2021-11-22,ic_o_val,价值,0.2872236256858992,-0.06675425146914968
2021-11-23,ic_o_val,价值,0.327125649504015,-0.03397949158881588
2021-11-24,ic_o_val,价值,0.3014508556241181,-0.0018236728777554418
2021-11-25,ic_o_val,价值,0.3111698070874273,0.030144831647612613
2021-11-26,ic_o_val,价值,0.2833805699889781,0.05680737740174917
2021-11-29,ic_o_val,价值,0.2483240897034,0.08068811503130588
2021-11-30,ic_o_val,价值,0.2078331804449851,0.10011792654741136
2021-12-01,ic_o_val,价值,0.2877943895185275,0.12288357477441987
2021-12-02,ic_o_val,价值,0.1910157567934013,0.1346021336026863
2021-12-03,ic_o_val,价值,0.1897290602714636,0.14550145744933857
2021-12-06,ic_o_val,价值,0.2261556741688259,0.15499968182700496
2021-12-07,ic_o_val,价值,0.2308907753918242,0.1593548016074606
2021-12-08,ic_o_val,价值,0.4556309737610308,0.18119004262742838
2021-12-09,ic_o_val,价值,0.6137444060603905,0.21479138241606127
2021-12-10,ic_o_val,价值,0.5475019436661631,0.24520143472454659
2021-12-13,ic_o_val,价值,0.5766528126468249,0.27586402172316254
2021-12-14,ic_o_val,价值,0.5555582914737844,0.305818964233524
2021-12-15,ic_o_val,价值,0.6094791358875866,0.3344479178294673
2021-12-16,ic_o_val,价值,0.5398609606356085,0.35838808815347056
2021-12-17,ic_o_val,价值,0.4227034702386814,0.3706612714276468
2021-12-20,ic_o_val,价值,0.4289267085573586,0.37774642557121973
2021-12-21,ic_o_val,价值,0.4595973275550739,0.3843700094737727
2021-12-22,ic_o_val,价值,0.5090695689287238,0.394750945139003
2021-12-23,ic_o_val,价值,0.4793369775764142,0.4031593036634523
2021-12-24,ic_o_val,价值,0.4817336419449095,0.4130769572612489
2021-12-27,ic_o_val,价值,0.4670278766416701,0.42401214660816233
2021-12-28,ic_o_val,价值,0.4861334972152592,0.4379271624466761
2021-12-29,ic_o_val,价值,0.4890385436160083,0.44798937015155016
2021-12-30,ic_o_val,价值,0.5458238944154437,0.4657297770326522
2021-12-31,ic_o_val,价值,0.6075868479144882,0.48662266641480345
2022-01-04,ic_o_val,价值,0.6088819633813789,0.5057589808754311
2022-01-05,ic_o_val,价值,0.5084472966600373,0.5196368069388418
2022-01-06,ic_o_val,价值,0.4457589239948331,0.519143204450532
2022-01-07,ic_o_val,价值,0.4061775982613331,0.5087648640605791
2022-01-10,ic_o_val,价值,0.3917604685652581,0.5009777903055338
2022-01-11,ic_o_val,价值,0.3181883419104833,0.48805456676871667
2022-01-12,ic_o_val,价值,0.3108072089065671,0.47581701264035586
2022-01-13,ic_o_val,价值,0.2464668348496608,0.4576663975884595
2022-01-14,ic_o_val,价值,0.3874287940371927,0.4500447892585388
2022-01-17,ic_o_val,价值,0.468647270689384,0.45234197928107384
2022-01-18,ic_o_val,价值,0.3851755411122274,0.45015442090881724
2022-01-19,ic_o_val,价值,0.2852878052352122,0.4414389447928242
2022-01-20,ic_o_val,价值,0.2486580690135935,0.4284183697970677
2022-01-21,ic_o_val,价值,0.1884768211920529,0.41387536197784963
2022-01-24,ic_o_val,价值,0.1366120599512024,0.39661928287816434
2022-01-25,ic_o_val,价值,0.142662948762635,0.38040103648421253
2022-01-26,ic_o_val,价值,0.1533466481244871,0.36376169402967395
2022-01-27,ic_o_val,价值,0.1668136058885038,0.34765044714329874
2022-01-28,ic_o_val,价值,0.1654159746854475,0.3286300511567989
2022-02-07,ic_o_val,价值,0.1685223454595929,0.30667682603405416
2022-02-08,ic_o_val,价值,0.0527135915363008,0.27886840744180025
2022-02-09,ic_o_val,价值,0.0492724799923454,0.25590966660841563
2022-02-10,ic_o_val,价值,0.0279936303555929,0.23502140192645365
2022-02-11,ic_o_val,价值,-0.0209132101777622,0.21366686150449885
2022-02-14,ic_o_val,价值,0.1189592602464478,0.20002680108855836
2022-02-15,ic_o_val,价值,0.1550311306118822,0.1918689405236283
2022-02-16,ic_o_val,价值,0.0725811412051749,0.1799576371385587
2022-02-17,ic_o_val,价值,-0.0227653278111523,0.16649602900551802
2022-02-18,ic_o_val,价值,0.0507897128875949,0.14966407494803816
2022-02-21,ic_o_val,价值,0.0061031034930528,0.1265368665882216
2022-02-22,ic_o_val,价值,0.0445499217463213,0.1095055856199263
2022-02-23,ic_o_val,价值,0.1182245641372617,0.10115242356502877
2022-02-24,ic_o_val,价值,0.1874602751522358,0.09809253387196089
2022-02-25,ic_o_val,价值,0.3612210307615552,0.10672974435043599
2022-02-28,ic_o_val,价值,0.4737935606448923,0.1235888193851205
2022-03-01,ic_o_val,价值,0.4500816708698118,0.13895975549047931
2022-03-02,ic_o_val,价值,0.3896862335035094,0.15077673475943046
2022-03-03,ic_o_val,价值,0.3681408429527265,0.1608430966126416
2022-03-04,ic_o_val,价值,0.3847928156972095,0.1718119386632297
2022-03-07,ic_o_val,价值,0.4302585446866094,0.1848987486245805
2022-03-08,ic_o_val,价值,0.4572680239750134,0.20512647024651615
2022-03-09,ic_o_val,价值,0.5551705520130672,0.23042137384755224
2022-03-10,ic_o_val,价值,0.6119950245696048,0.2596214435582528
2022-03-11,ic_o_val,价值,0.5974177972597992,0.2905379939301309
2022-03-14,ic_o_val,价值,0.561253152358887,0.3126526885357529
2022-03-15,ic_o_val,价值,0.5287761671416562,0.33133994036224157
2022-03-16,ic_o_val,价值,0.5646840123292258,0.3559450839184441
2022-03-17,ic_o_val,价值,0.588864057299462,0.3865265531739748
2022-03-18,ic_o_val,价值,0.5965698234679023,0.41381555870299025
2022-03-21,ic_o_val,价值,0.563848990774636,0.44170285306706936
2022-03-22,ic_o_val,价值,0.538021837579251,0.4663764488587159
2022-03-23,ic_o_val,价值,0.6127912301204901,0.49110478215787723
2022-03-24,ic_o_val,价值,0.5778812047649314,0.510625828638512
2022-03-25,ic_o_val,价值,0.4802178801112637,0.5165756711059974
2022-03-28,ic_o_val,价值,0.3788229826611718,0.5118271422068114
2022-03-29,ic_o_val,价值,0.4027501554821998,0.5094605664374308
2022-03-30,ic_o_val,价值,0.3688755390619126,0.508420031715351
2022-03-31,ic_o_val,价值,0.2731326758657454,0.503669623361002
2022-04-01,ic_o_val,价值,0.2270108461648863,0.4957805248843858
2022-04-06,ic_o_val,价值,0.1391070195941743,0.48122294862976406
2022-04-07,ic_o_val,价值,0.0748535733568436,0.46210222609885554
2022-04-08,ic_o_val,价值,0.0175078424538166,0.4352190906208929
2022-04-11,ic_o_val,价值,-0.0356344698911282,0.4028376158978563
2022-04-12,ic_o_val,价值,-0.0145674861091177,0.3722383517294105
2022-04-13,ic_o_val,价值,-0.0224441118378337,0.34305348851957446
2022-04-14,ic_o_val,价值,0.027012988788315,0.31796532960190743
2022-04-15,ic_o_val,价值,0.029852582371394,0.29122375810401585
2022-04-18,ic_o_val,价值,-0.0134500760752891,0.26110805143527827
2022-04-19,ic_o_val,价值,-0.1230910650403411,0.2251250070098661
2022-04-20,ic_o_val,价值,-0.0471538214449251,0.19457486639888805
2022-04-21,ic_o_val,价值,0.0011049146043917,0.16772902025014508
2022-04-22,ic_o_val,价值,-0.0375113279888462,0.13521389234467823
2022-04-25,ic_o_val,价值,-0.0753572673405367,0.10255196873940484
2022-04-26,ic_o_val,价值,-0.1509185699883546,0.07099514623442393
2022-04-27,ic_o_val,价值,-0.2690728476821191,0.03860035471725939
2022-04-28,ic_o_val,价值,-0.3926284355425293,-0.0011685748339770653
2022-04-29,ic_o_val,价值,-0.3604931690347802,-0.037637010238811705
2022-05-05,ic_o_val,价值,-0.371922282754155,-0.06988975816980672
2022-05-06,ic_o_val,价值,-0.4747025335055597,-0.10497542715332901
2022-05-09,ic_o_val,价值,-0.5163180817279983,-0.13774668221943767
2022-05-10,ic_o_val,价值,-0.4641171707217745,-0.16469521942336857
2022-05-11,ic_o_val,价值,-0.2867023421428522,-0.17990572865320198
2022-05-12,ic_o_val,价值,-0.2836507903963258,-0.19230654467846187
2022-05-13,ic_o_val,价值,-0.2957384062866461,-0.2063650906873383
2022-05-16,ic_o_val,价值,-0.1969532323211612,-0.21509054671150465
2022-05-17,ic_o_val,价值,-0.1174625304984315,-0.222314322675842
2022-05-18,ic_o_val,价值,-0.2348293796431085,-0.2355484207765671
2022-05-19,ic_o_val,价值,-0.2482145175951174,-0.24728664285255855
2022-05-20,ic_o_val,价值,-0.3041744407766592,-0.25634081163937444
2022-05-23,ic_o_val,价值,-0.2477907858856334,-0.2663726598614099
2022-05-24,ic_o_val,价值,-0.312433791920393,-0.2820495951876491
2022-05-25,ic_o_val,价值,-0.2776809573602881,-0.2940580766562212
2022-05-26,ic_o_val,价值,-0.3727506338889685,-0.30892774498364284
2022-05-27,ic_o_val,价值,-0.4213635959786494,-0.3224499962831575
2022-05-30,ic_o_val,价值,-0.3781839679057401,-0.3279055522943386
2022-05-31,ic_o_val,价值,-0.2613194458682741,-0.32134010281062586
2022-06-01,ic_o_val,价值,-0.3460521190002665,-0.3206180503089001
2022-06-02,ic_o_val,价值,-0.2505906929196853,-0.31455147081717666
2022-06-06,ic_o_val,价值,-0.2359411529401306,-0.30261340178890517
2022-06-07,ic_o_val,价值,-0.1583981510289346,-0.28471740525395195
2022-06-08,ic_o_val,价值,-0.1828118430258449,-0.2706521388691555
2022-06-09,ic_o_val,价值,-0.2613751722298769,-0.2693857803735068
2022-06-10,ic_o_val,价值,-0.2236774967776346,-0.26638711569257223
2022-06-13,ic_o_val,价值,-0.1460171563180586,-0.2589010531941428
2022-06-14,ic_o_val,价值,-0.0709738210587137,-0.25260208263102046
2022-06-15,ic_o_val,价值,-0.117358104804658,-0.25259686134633175
2022-06-16,ic_o_val,价值,-0.169627094537535,-0.2493367470910531
2022-06-17,ic_o_val,价值,-0.1509311524956664,-0.2444725788360805
2022-06-20,ic_o_val,价值,0.0282448108804835,-0.22785161625322337
2022-06-21,ic_o_val,价值,0.0219529952024578,-0.21436442719881885
2022-06-22,ic_o_val,价值,-0.057138539490644,-0.2015996645773314
2022-06-23,ic_o_val,价值,-0.1701355615805147,-0.19622239478834275
2022-06-24,ic_o_val,价值,-0.0050135606147498,-0.1778355411246318
2022-06-27,ic_o_val,价值,0.1011511622738788,-0.1517098032120054
2022-06-28,ic_o_val,价值,0.1059833770389795,-0.1275014359647694
2022-06-29,ic_o_val,价值,0.0860500466687408,-0.11013296133791865
2022-06-30,ic_o_val,价值,0.0436819395931785,-0.0906462584082464
2022-07-01,ic_o_val,价值,0.0590475889428015,-0.07516434431512206
2022-07-04,ic_o_val,价值,0.0466975391569597,-0.061032409710267556
2022-07-05,ic_o_val,价值,-0.0057245815618529,-0.053398731236913466
2022-07-06,ic_o_val,价值,-0.096600338227624,-0.049088155997002426
2022-07-07,ic_o_val,价值,-0.1519021352594395,-0.04361450414848055
2022-07-08,ic_o_val,价值,-0.2206510254706838,-0.04346318058313302
2022-07-11,ic_o_val,价值,-0.2400436218804823,-0.048164503861254204
2022-07-12,ic_o_val,价值,-0.2603056692639597,-0.0576310962715165
2022-07-13,ic_o_val,价值,-0.1723253939403518,-0.06037946072830119
2022-07-14,ic_o_val,价值,-0.2150621927897457,-0.06265121564091172
2022-07-15,ic_o_val,价值,-0.1466959586540437,-0.06243945594883059
2022-07-18,ic_o_val,价值,-0.1198954654545627,-0.0698464697655829
2022-07-19,ic_o_val,价值,-0.0981653464162145,-0.0758523868465165
2022-07-20,ic_o_val,价值,0.0006985844971174,-0.07296053064712846
2022-07-21,ic_o_val,价值,0.0395727571014197,-0.06247511471303172
2022-07-22,ic_o_val,价值,0.1335493353985238,-0.05554696991236805
2022-07-25,ic_o_val,价值,0.0594822742506817,-0.0576304143135279
2022-07-26,ic_o_val,价值,0.0692987308561584,-0.05946464662266896
2022-07-27,ic_o_val,价值,0.2032558360070174,-0.05360435715575512
2022-07-28,ic_o_val,价值,0.2767397385848176,-0.04195146720617317
2022-07-29,ic_o_val,价值,0.1767197506599546,-0.036067859120315515
2022-08-01,ic_o_val,价值,0.2044271502167114,-0.02818137856732793
2022-08-02,ic_o_val,价值,0.2396579791689715,-0.01591225053078671
2022-08-03,ic_o_val,价值,0.2873954892446776,0.0032875408428283707
2022-08-04,ic_o_val,价值,0.3619983878870256,0.028982567000151626
2022-08-05,ic_o_val,价值,0.34176189862815,0.05710321320509332
2022-08-08,ic_o_val,价值,0.3691770321316243,0.08756424590569864
2022-08-09,ic_o_val,价值,0.3200613235131418,0.1165825955445537
2022-08-10,ic_o_val,价值,0.334586145311438,0.1419281725071432
2022-08-11,ic_o_val,价值,0.3578954023170172,0.17057605226248135
2022-08-12,ic_o_val,价值,0.4131959453747441,0.19857064746392075
2022-08-15,ic_o_val,价值,0.3497513471823469,0.22205298809576618
2022-08-16,ic_o_val,价值,0.3149130404562538,0.24270690743938964
2022-08-17,ic_o_val,价值,0.3872224549643904,0.2620331009627533
2022-08-18,ic_o_val,价值,0.3135412974122651,0.2757315279782956
2022-08-19,ic_o_val,价值,0.3289226902130128,0.28550019571901997
2022-08-22,ic_o_val,价值,0.3006422630361492,0.2975581951582934
2022-08-23,ic_o_val,价值,0.366224098482163,0.3124044635395936
2022-08-24,ic_o_val,价值,0.3196094228352293,0.3182221428810042
2022-08-25,ic_o_val,价值,0.3249229504828436,0.3206313034759055
2022-08-26,ic_o_val,价值,0.2536205656743832,0.3244763442266269
2022-08-29,ic_o_val,价值,0.2066317902356529,0.32458657622757403
2022-08-30,ic_o_val,价值,0.1848115130245974,0.3218442529203553
2022-08-31,ic_o_val,价值,0.1039197293544992,0.3126704649258464
2022-09-01,ic_o_val,价值,0.1363657915948855,0.3013888351112394
2022-09-02,ic_o_val,价值,0.2410993978283889,0.29635571007125133
2022-09-05,ic_o_val,价值,0.1498727695152597,0.2853904969404331
2022-09-06,ic_o_val,价值,0.2312546279138304,0.28095016216046753
2022-09-07,ic_o_val,价值,0.1999051698250382,0.27421611338614754
2022-09-08,ic_o_val,价值,0.1271455394912059,0.262678620244857
2022-09-09,ic_o_val,价值,0.0703276938310771,0.24553520766767362
2022-09-13,ic_o_val,价值,0.0827835817357083,0.23218681939534172
2022-09-14,ic_o_val,价值,0.1481595043542855,0.22384914259024327
2022-09-15,ic_o_val,价值,-0.009018349638855,0.20403710236008102
2022-09-16,ic_o_val,价值,0.0622655420852892,0.19147331459373224
2022-09-19,ic_o_val,价值,0.0283099682318913,0.17644267849467615
2022-09-20,ic_o_val,价值,0.0601697460131813,0.16441905264352774
2022-09-21,ic_o_val,价值,-0.1060486684647866,0.14080541429618026
2022-09-22,ic_o_val,价值,-0.0826697855257542,0.12069145387813107
2022-09-23,ic_o_val,价值,-0.1076986297039718,0.09906037486879031
2022-09-26,ic_o_val,价值,-0.0624093679643064,0.08325887818685584
2022-09-27,ic_o_val,价值,-0.1401684816108485,0.06591886459453077
2022-09-28,ic_o_val,价值,-0.221716110066223,0.04559248343998974
2022-09-29,ic_o_val,价值,-0.2635362172243207,0.027219686111048757
2022-09-30,ic_o_val,价值,-0.3300153308782854,0.0039006299873902113
2022-10-10,ic_o_val,价值,-0.2807447329740323,-0.022191576552730845
2022-10-11,ic_o_val,价值,-0.2309746961483143,-0.04123394983590955
2022-10-12,ic_o_val,价值,-0.2462297102938154,-0.06510816674629184
2022-10-13,ic_o_val,价值,-0.2782604022858119,-0.08901644535183434
2022-10-14,ic_o_val,价值,-0.2194781179371275,-0.10634762822325101
2022-10-17,ic_o_val,价值,-0.1606017309730676,-0.11789409946345826
2022-10-18,ic_o_val,价值,-0.2030124385579491,-0.13218390047814113
2022-10-19,ic_o_val,价值,-0.2479500812393454,-0.15198937975782267
2022-10-20,ic_o_val,价值,-0.2561521076006385,-0.16434606765591184
2022-10-21,ic_o_val,价值,-0.2587538198810846,-0.18039703575423052
2022-10-24,ic_o_val,价值,-0.2824232270708539,-0.1959336955193678
2022-10-25,ic_o_val,价值,-0.1094940810165794,-0.2044168868708558
2022-10-26,ic_o_val,价值,0.0363217427733556,-0.1972983663089487
2022-10-27,ic_o_val,价值,0.0273174339882764,-0.19179900533324717
2022-10-28,ic_o_val,价值,0.1194512493875551,-0.18044151137867084
2022-10-31,ic_o_val,价值,0.1088239477801836,-0.17187984559144634
2022-11-01,ic_o_val,价值,0.2383714497953248,-0.15295284902113765
2022-11-02,ic_o_val,价值,0.3075279353890407,-0.12649064674837446
2022-11-03,ic_o_val,价值,0.2273616664822746,-0.10194575256304472
2022-11-04,ic_o_val,价值,0.259411104613488,-0.07247443078845606
2022-11-07,ic_o_val,价值,0.2858750454394588,-0.0441434418677815
2022-11-08,ic_o_val,价值,0.2319925400262363,-0.020995080059053966
2022-11-09,ic_o_val,价值,0.2348627333217429,0.003059542121723949
2022-11-10,ic_o_val,价值,0.261680706800904,0.03005659757605974
2022-11-11,ic_o_val,价值,0.2753710230595375,0.05479905462589298
2022-11-14,ic_o_val,价值,0.1484471558850026,0.0702514989687965
2022-11-15,ic_o_val,价值,0.2960661282420065,0.09520542730879428
2022-11-16,ic_o_val,价值,0.3061750248929208,0.1229116826154076
2022-11-17,ic_o_val,价值,0.2548262670309997,0.14846060134698952
2022-11-18,ic_o_val,价值,0.334699941521392,0.17813328941711334
2022-11-21,ic_o_val,价值,0.306921022269286,0.20760050188412033
2022-11-22,ic_o_val,价值,0.1770226486067866,0.2219263383652886
2022-11-23,ic_o_val,价值,0.1329472688493317,0.22675761466908745
2022-11-24,ic_o_val,价值,0.1091463703750533,0.2308490614884263
2022-11-25,ic_o_val,价值,-0.0037347342933369,0.22468976230438167
2022-11-28,ic_o_val,价值,-0.1188668390479901,0.213305222962973
2022-11-29,ic_o_val,价值,-0.2086074188806878,0.19095627952917238
2022-11-30,ic_o_val,价值,-0.1263169540547802,0.16926403505698132
2022-12-01,ic_o_val,价值,-0.1249644385726038,0.1516477298042374
2022-12-02,ic_o_val,价值,-0.1073758153537757,0.1333083838058742
2022-12-05,ic_o_val,价值,-0.1558173508637904,0.11122376399071174
2022-12-06,ic_o_val,价值,-0.033814511055819,0.09793341143660898
2022-12-07,ic_o_val,价值,-0.0675485505206867,0.08281284724448751
2022-12-08,ic_o_val,价值,-0.102289566068923,0.06461433360099615
2022-12-09,ic_o_val,价值,-0.1653934300993124,0.04257611094305367
2022-12-12,ic_o_val,价值,-0.1226327851714848,0.02902211389022929
2022-12-13,ic_o_val,价值,0.0014642220524573,0.01429201858075183
2022-12-14,ic_o_val,价值,0.012135954860413,-0.00040993492087355925
2022-12-15,ic_o_val,价值,-0.0091053320221336,-0.013606514873530224
2022-12-16,ic_o_val,价值,-0.2784145929148591,-0.044262241595342776
2022-12-19,ic_o_val,价值,-0.3128007183734737,-0.07524832862748075
2022-12-20,ic_o_val,价值,-0.2885575306562291,-0.09852733759063155
2022-12-21,ic_o_val,价值,-0.3342985926537036,-0.12188963066578332
2022-12-22,ic_o_val,价值,-0.2651180089260584,-0.1406028496308389
2022-12-23,ic_o_val,价值,-0.3167410504871805,-0.15625316544053108
2022-12-26,ic_o_val,价值,-0.2147346977068339,-0.16104655837347326
2022-12-27,ic_o_val,价值,-0.2555084234650798,-0.16339160860269286
2022-12-28,ic_o_val,价值,-0.2957235861179739,-0.17186194020585255
2022-12-29,ic_o_val,价值,-0.2868590038921571,-0.1799566684718302
2022-12-30,ic_o_val,价值,-0.2302967563837129,-0.18610271552332708
2023-01-03,ic_o_val,价值,-0.1842593917209123,-0.18752481756618317
2023-01-04,ic_o_val,价值,-0.2123089287935682,-0.19644953845307062
2023-01-05,ic_o_val,价值,-0.2460892569588222,-0.2053765737749774
2023-01-06,ic_o_val,价值,-0.2028381642512077,-0.21040400368409165
2023-01-09,ic_o_val,价值,-0.2651117584315033,-0.21538992010070115
2023-01-10,ic_o_val,价值,-0.2101047425343466,-0.21976351796884427
2023-01-11,ic_o_val,价值,-0.2717353328179604,-0.23342349571236518
2023-01-12,ic_o_val,价值,-0.2465263400046009,-0.24635661045561585
2023-01-13,ic_o_val,价值,-0.1594634230503795,-0.2538745150070282
2023-01-16,ic_o_val,价值,0.0080774329349107,-0.23954991371453968
2023-01-17,ic_o_val,价值,0.0489159190246146,-0.22146408184463526
2023-01-18,ic_o_val,价值,0.0437184004186911,-0.20485028529088925
2023-01-19,ic_o_val,价值,0.0785441673454362,-0.18420814729093227
2023-01-20,ic_o_val,价值,0.0733509268971081,-0.1672847004997739
2023-01-30,ic_o_val,价值,0.1043768816914877,-0.14622880389084053
2023-01-31,ic_o_val,价值,0.0089573268921095,-0.13504420266089334
2023-02-01,ic_o_val,价值,0.0659736599953991,-0.11897009848786941
2023-02-02,ic_o_val,价值,0.1572406257188866,-0.09632188789602639
2023-02-03,ic_o_val,价值,0.253654819415689,-0.06929619673063406
2023-02-06,ic_o_val,价值,0.1932855992638601,-0.04811707894825542
2023-02-07,ic_o_val,价值,0.2773464458247067,-0.02503678707097447
2023-02-08,ic_o_val,价值,0.2507598653100582,-0.0018833473657931504
2023-02-09,ic_o_val,价值,0.3183833678398896,0.026340283874142438
2023-02-10,ic_o_val,价值,0.2479340981813515,0.0488788969957704
2023-02-13,ic_o_val,价值,0.311516563146998,0.07771031307469548
2023-02-14,ic_o_val,价值,0.2769783758914194,0.10206446899598376
2023-02-15,ic_o_val,价值,0.3539308718656545,0.1333477792301645
2023-02-16,ic_o_val,价值,0.3988440303657695,0.16561629774868303
2023-02-17,ic_o_val,价值,0.3283013632257025,0.19000453706248713
2023-02-20,ic_o_val,价值,0.2866619843153952,0.20393376463151136
2023-02-21,ic_o_val,价值,0.1903266620657925,0.21100430178357024
2023-02-22,ic_o_val,价值,0.2351621808143547,0.2205764908033534
2023-02-23,ic_o_val,价值,0.2060502976552591,0.22695179731884457
2023-02-24,ic_o_val,价值,0.1571543593282724,0.2311419689404028
2023-02-27,ic_o_val,价值,0.1436207036611134,0.23310416003888404
2023-02-28,ic_o_val,价值,0.1870548282007624,0.2420090351043167
2023-03-01,ic_o_val,价值,0.1212416609155739,0.24477243515032546
2023-03-02,ic_o_val,价值,0.0650391074304117,0.24016235923590168
2023-03-03,ic_o_val,价值,-0.0133540372670807,0.22681191640176318
2023-03-06,ic_o_val,价值,0.0047446514837819,0.21738486901275933
2023-03-07,ic_o_val,价值,-0.0709771106510237,0.19996869118897279
2023-03-08,ic_o_val,价值,-0.0442575339314469,0.18521782122689753
2023-03-09,ic_o_val,价值,-0.1088940648723257,0.1638539495912868
2023-03-10,ic_o_val,价值,0.0010121952271586,0.15150785444357714
2023-03-13,ic_o_val,价值,0.0670103426288005,0.13928254341766727
2023-03-14,ic_o_val,价值,0.1586611456176673,0.13336668190397966
2023-03-15,ic_o_val,价值,0.0904790660225442,0.12019409161182415
2023-03-16,ic_o_val,价值,0.0300956844935636,0.10175667431821385
2023-03-17,ic_o_val,价值,0.0533500115021854,0.08800910673203799
2023-03-20,ic_o_val,价值,0.082114101679319,0.07778171260023417
2023-03-21,ic_o_val,价值,0.20590637221072,0.07856069810748056
2023-03-22,ic_o_val,价值,0.1822952610996089,0.07591735212174326
2023-03-23,ic_o_val,价值,0.2695278352887049,0.07909122900341556
2023-03-24,ic_o_val,价值,0.4117581090407177,0.09182141648903781
2023-03-27,ic_o_val,价值,0.4905940878766966,0.10917008569981698
2023-03-28,ic_o_val,价值,0.4247584541062802,0.12105526699509288
2023-03-29,ic_o_val,价值,0.5003709454796412,0.14001173122329624
2023-03-30,ic_o_val,价值,0.4840723487462618,0.16096339328908876
2023-03-31,ic_o_val,价值,0.5534736599953992,0.18930477815221275
2023-04-03,ic_o_val,价值,0.5825540602714516,0.2181952485915962
2023-04-04,ic_o_val,价值,0.605610190936278,0.2520246136709613
2023-04-06,ic_o_val,价值,0.5755808603634691,0.28301653338570715
2023-04-07,ic_o_val,价值,0.5604238555325513,0.31648242940595095
2023-04-10,ic_o_val,价值,0.5620140326662068,0.34453252127790335
2023-04-11,ic_o_val,价值,0.5346503335633771,0.3679145208246322
2023-04-12,ic_o_val,价值,0.5000230043708305,0.38498261376229037
2023-04-13,ic_o_val,价值,0.459681964573269,0.4034427586898266
2023-04-14,ic_o_val,价值,0.4462704163791121,0.42425149528410405
2023-04-17,ic_o_val,价值,0.4313894639981597,0.4431534679089027
2023-04-18,ic_o_val,价值,0.3744294732211927,0.45776923648599643
2023-04-19,ic_o_val,价值,0.3849499438552746,0.4667214150682241
2023-04-20,ic_o_val,价值,0.35841384863124,0.4755273444448057
2023-04-21,ic_o_val,价值,0.2489159190246147,0.47449674863160113
2023-04-24,ic_o_val,价值,0.1757275132275132,0.462695218840941
2023-04-25,ic_o_val,价值,0.100342190016103,0.4431826239479113
2023-04-26,ic_o_val,价值,0.0470511610386314,0.42429725929452883
2023-04-27,ic_o_val,价值,0.0027691511387163,0.3994171695774826
2023-04-28,ic_o_val,价值,0.0115079365079365,0.37578894896556636
2023-05-04,ic_o_val,价值,-0.1303887738670347,0.3415958272724446
2023-05-05,ic_o_val,价值,-0.0892569588221762,0.30800527631776325
2023-05-08,ic_o_val,价值,-0.2201604554865424,0.26671674399662226
2023-05-09,ic_o_val,价值,-0.0909362778927996,0.23339088708380878
2023-05-10,ic_o_val,价值,-0.023984932137106,0.20417044770032594
2023-05-11,ic_o_val,价值,0.1264435242696112,0.18239192228049614
2023-05-12,ic_o_val,价值,0.0816425707690649,0.15974153414078054
2023-05-15,ic_o_val,价值,0.0985420979986197,0.13966748882217
2023-05-16,ic_o_val,价值,0.0476334253508166,0.11906506186104737
2023-05-17,ic_o_val,价值,-0.0054937352583227,0.09647685427917564
2023-05-18,ic_o_val,价值,-0.125716011042098,0.06862158052716276
2023-05-19,ic_o_val,价值,-0.1214272209478265,0.0438287458187118
2023-05-22,ic_o_val,价值,-0.1688865884518058,0.01613691920335778
2023-05-23,ic_o_val,价值,-0.2186047849091328,-0.012714012473660857
2023-05-24,ic_o_val,价值,-0.0370402054893255,-0.02701181869935787
2023-05-25,ic_o_val,价值,-0.0017296423752321,-0.03588467647949513
2023-05-26,ic_o_val,价值,0.0766606831296804,-0.03706875182381627
2023-05-29,ic_o_val,价值,0.0277979066022544,-0.03803141454563512
2023-05-30,ic_o_val,价值,0.0187111935754545,-0.0372343124237982
2023-05-31,ic_o_val,价值,0.0363497814584771,-0.03599222017627118
2023-06-01,ic_o_val,价值,0.0544973544973544,-0.026747913758051724
2023-06-02,ic_o_val,价值,-0.0457441913963653,-0.024572275386761176
2023-06-05,ic_o_val,价值,-0.0833850931677018,-0.017733507270819147
2023-06-06,ic_o_val,价值,-0.1292759374281113,-0.01965049024758473
2023-06-07,ic_o_val,价值,-0.1198441453876236,-0.02444345091011061
2023-06-08,ic_o_val,价值,-0.1879170893124258,-0.04016148158921246
2023-06-09,ic_o_val,价值,-0.1507965263400046,-0.05178343644466593
2023-06-12,ic_o_val,价值,-0.0696587227245426,-0.060193477480824056
2023-06-13,ic_o_val,价值,-0.0193869335173683,-0.0635444954242333
2023-06-14,ic_o_val,价值,0.107623382860414,-0.05788863951829646
2023-06-15,ic_o_val,价值,0.1663618587531631,-0.0432847460285334
2023-06-16,ic_o_val,价值,0.1436195756262425,-0.030032406199829952
2023-06-19,ic_o_val,价值,0.2801731078904992,-0.007579421382714705
2023-06-20,ic_o_val,价值,0.3160486514038166,0.019153250432932766
2023-06-21,ic_o_val,价值,0.2053141572594828,0.03127096857037318
2023-06-26,ic_o_val,价值,0.2490683229813665,0.04381086683820311
2023-06-27,ic_o_val,价值,0.2276023694501955,0.051357951154228865
2023-06-28,ic_o_val,价值,0.1651023694501955,0.05822317429662592
2023-06-29,ic_o_val,价值,0.2324016563146998,0.06890769743358818
2023-06-30,ic_o_val,价值,0.239891988827852,0.07908480780205693
2023-07-03,ic_o_val,价值,0.3013362259989487,0.09142675137713664
2023-07-04,ic_o_val,价值,0.3131834437836891,0.10937313313613936
2023-07-05,ic_o_val,价值,0.2628392097045152,0.12668434827975023
2023-07-06,ic_o_val,价值,0.2632437362795923,0.1463103319651354
2023-07-07,ic_o_val,价值,0.272522081482474,0.16592864330864027
2023-07-10,ic_o_val,价值,0.2293511084543477,0.18679205319697895
2023-07-11,ic_o_val,价值,0.2132911457635503,0.2049964368021567
2023-07-12,ic_o_val,价值,0.2392040359899822,0.22043957473788295
2023-07-13,ic_o_val,价值,0.2299143922755269,0.23290464102752773
2023-07-14,ic_o_val,价值,0.1937146199379283,0.23720920288140337
2023-07-17,ic_o_val,价值,0.2017144712296577,0.2389768335052281
2023-07-18,ic_o_val,价值,0.2514738165665227,0.24436954555224216
2023-07-19,ic_o_val,价值,0.1982566708235852,0.2402737236988964
2023-07-20,ic_o_val,价值,0.0617843884849116,0.22756051055295118
2023-07-21,ic_o_val,价值,0.1196934873798015,0.22327947705896714
2023-07-24,ic_o_val,价值,0.1226746163439043,0.21695979172709406
2023-07-25,ic_o_val,价值,0.1462596405251165,0.21289265528084006
2023-07-26,ic_o_val,价值,0.2883089243200346,0.21905298302433202
2023-07-27,ic_o_val,价值,0.0963494697352283,0.21225037369535843
2023-07-28,ic_o_val,价值,0.1702670390715986,0.20876912620754579
2023-07-31,ic_o_val,价值,0.2289467293554906,0.20514965137537286
2023-08-01,ic_o_val,价值,0.0603337992695823,0.19250716914966753
2023-08-02,ic_o_val,价值,0.0634411040225916,0.18253726386557137
2023-08-03,ic_o_val,价值,0.079197027631484,0.17333492843316595
2023-08-04,ic_o_val,价值,0.1354468343863048,0.16648116607835747
2023-08-07,ic_o_val,价值,0.2002820093131768,0.16502771112129894
2023-08-08,ic_o_val,价值,0.1705350057200573,0.1628899041191243
2023-08-09,ic_o_val,价值,0.1443207459784341,0.1581457396185469
2023-08-10,ic_o_val,价值,0.1976047904191616,0.1565302595257286
2023-08-11,ic_o_val,价值,0.174566325051838,0.1555728447814241
2023-08-14,ic_o_val,价值,0.1789553423273934,0.1544348883363109
2023-08-15,ic_o_val,价值,0.1151818565966174,0.14762029033781562
2023-08-16,ic_o_val,价值,0.1467168932359034,0.14504330145843153
2023-08-17,ic_o_val,价值,0.2392323786162614,0.153915700964999
2023-08-18,ic_o_val,价值,0.1582136930957362,0.15584171125079577
2023-08-21,ic_o_val,价值,0.1321255939068507,0.1563142601289431
2023-08-22,ic_o_val,价值,0.136424742871048,0.15582251524623966
2023-08-23,ic_o_val,价值,0.095718202149917,0.1461929791377338
2023-08-24,ic_o_val,价值,0.2446535500427716,0.15360818315311092
2023-08-25,ic_o_val,价值,0.1108737774021664,0.15063852006963935
2023-08-28,ic_o_val,价值,0.0440135220093376,0.14139185970233167
2023-08-29,ic_o_val,价值,0.2488266721342612,0.15081650334556562
2023-08-30,ic_o_val,价值,0.465798479932538,0.17093437214106294
2023-08-31,ic_o_val,价值,0.5005616993208077,0.19200260572552913
2023-09-01,ic_o_val,价值,0.3776577653642801,0.2041131522744279
2023-09-04,ic_o_val,价值,0.2160996423675884,0.20490403392714848
2023-09-05,ic_o_val,价值,0.1716889588731077,0.204961731584801
2023-09-06,ic_o_val,价值,0.3002927020313933,0.212760329387449
2023-09-07,ic_o_val,价值,0.2408453317117916,0.2149223564520805
2023-09-08,ic_o_val,价值,0.3024183990023396,0.22131496014960553
2023-09-11,ic_o_val,价值,0.3008904737856472,0.2274117167225182
2023-09-12,ic_o_val,价值,0.3085511101952407,0.23708017940244938
2023-09-13,ic_o_val,价值,0.2132230031480102,0.24040548489805472
2023-09-14,ic_o_val,价值,0.177750895208906,0.237331410727687
2023-09-15,ic_o_val,价值,0.2052650293217352,0.2396839775389869
2023-09-18,ic_o_val,价值,0.1629778309130448,0.24122658938929664
2023-09-19,ic_o_val,价值,0.1423624351984499,0.24152347400566673
2023-09-20,ic_o_val,价值,0.0465488987601389,0.23906500883617782
2023-09-21,ic_o_val,价值,-0.0434312098694177,0.22466077084056835
2023-09-22,ic_o_val,价值,-0.2075195564121327,0.2087411041498534
2023-09-25,ic_o_val,价值,-0.2386592383172436,0.19460746613352434
2023-09-26,ic_o_val,价值,-0.2200006183845733,0.17116610160758258
2023-09-27,ic_o_val,价值,-0.1231332515691508,0.1417195150324982
2023-09-28,ic_o_val,价值,-0.2258268982530357,0.10540008515380599
2023-10-09,ic_o_val,价值,-0.2542668535562266,0.07380385420778066
2023-10-10,ic_o_val,价值,-0.2236751415524617,0.05181511501177814
2023-10-11,ic_o_val,价值,-0.2300160200357208,0.03172986606633672
2023-10-12,ic_o_val,价值,-0.2639795263042834,0.0035162546495528884
2023-10-13,ic_o_val,价值,-0.3376276706483762,-0.025407395468455503
2023-10-16,ic_o_val,价值,-0.3481133783080292,-0.05793398433397394
2023-10-17,ic_o_val,价值,-0.3714816494377853,-0.09155259049514557
2023-10-18,ic_o_val,价值,-0.3807522648335,-0.1260177592465826
2023-10-19,ic_o_val,价值,-0.3489746988971037,-0.1541276443488383
2023-10-20,ic_o_val,价值,-0.442825192987519,-0.18515644875865953
2023-10-23,ic_o_val,价值,-0.4230580444854486,-0.21657260244901874
2023-10-24,ic_o_val,价值,-0.3349789233924578,-0.2414704401642939
2023-10-25,ic_o_val,价值,-0.3209327821977939,-0.2646352010341061
2023-10-26,ic_o_val,价值,-0.343015346243829,-0.28411341328430445
2023-10-27,ic_o_val,价值,-0.1465791394271611,-0.2892708097621916
2023-10-30,ic_o_val,价值,0.0718911178661229,-0.27530027604827884
2023-10-31,ic_o_val,价值,0.0296659026997526,-0.261884018997429
2023-11-01,ic_o_val,价值,-0.0486283735083141,-0.2533154067536161
2023-11-02,ic_o_val,价值,-0.1546980187847639,-0.2548936451143967
2023-11-03,ic_o_val,价值,0.0487841327569571,-0.2411630935638971
2023-11-06,ic_o_val,价值,0.1548023712487382,-0.22070963232364887
2023-11-07,ic_o_val,价值,0.2112610552490432,-0.1989628224835736
2023-11-08,ic_o_val,价值,0.2488147629010481,-0.17502128333673514
2023-11-09,ic_o_val,价值,0.1978057654055057,-0.1519320187512457
2023-11-10,ic_o_val,价值,0.173915508054459,-0.12635485981610395
2023-11-13,ic_o_val,价值,0.1558046702237008,-0.10115895738951745
2023-11-14,ic_o_val,价值,0.2088517943793104,-0.07214228519866266
2023-11-15,ic_o_val,价值,0.2028032163748761,-0.04296451113824386
2023-11-16,ic_o_val,价值,0.1806971255423748,-0.01648091991626993
2023-11-17,ic_o_val,价值,0.2446561266451606,0.01789314606536405
2023-11-20,ic_o_val,价值,0.2804167912024488,0.05306688784975892
2023-11-21,ic_o_val,价值,0.218166077483587,0.08072413789356116
2023-11-22,ic_o_val,价值,0.2542977727848949,0.1094856656426956
2023-11-23,ic_o_val,价值,0.2233605078998629,0.1378044583498802
2023-11-24,ic_o_val,价值,0.1490307781795442,0.15258495423021545
2023-11-27,ic_o_val,价值,0.1618389726570954,0.1570823469697641
2023-11-28,ic_o_val,价值,0.2443649705752007,0.16781730036353648
2023-11-29,ic_o_val,价值,0.3304827522236079,0.1867728566501326
2023-11-30,ic_o_val,价值,0.2224446703326572,0.20562999110600363
2023-12-01,ic_o_val,价值,0.1607516464489266,0.21122836679060214
2023-12-04,ic_o_val,价值,0.2588005521663013,0.2164282758364803
2023-12-05,ic_o_val,价值,0.3256722355632968,0.22214883485219294
2023-12-06,ic_o_val,价值,0.4023364630463686,0.229824919859459
2023-12-07,ic_o_val,价值,0.4738529441889222,0.24362727879862978
2023-12-08,ic_o_val,价值,0.5424727137807003,0.2620551390849418
2023-12-11,ic_o_val,价值,0.566370700938914,0.2825834406207025
2023-12-12,ic_o_val,价值,0.5055413090824409,0.297417916355859
2023-12-13,ic_o_val,价值,0.470560953553031,0.3108058032147668
2023-12-14,ic_o_val,价值,0.4719279169715647,0.3253673427862263
2023-12-15,ic_o_val,价值,0.4902501365599266,0.3376470432819646
2023-12-18,ic_o_val,价值,0.4863443206172491,0.3479434197527046
2023-12-19,ic_o_val,价值,0.5233620538612964,0.3632032185715901
2023-12-20,ic_o_val,价值,0.4728091149886114,0.37412878568177593
2023-12-21,ic_o_val,价值,0.4735858925518224,0.3866400549143739
2023-12-22,ic_o_val,价值,0.4730435858060127,0.4028406952956973
2023-12-25,ic_o_val,价值,0.5228444935718034,0.4208909713414327
2023-12-26,ic_o_val,价值,0.5649612994321169,0.43692078778427845
2023-12-27,ic_o_val,价值,0.6463484390942728,0.45271407212781173
2023-12-28,ic_o_val,价值,0.7159991548744165,0.4773917963548997
2023-12-29,ic_o_val,价值,0.7094795796471669,0.5048281930148117
2024-01-02,ic_o_val,价值,0.6962530385193011,0.5267008173324618
2024-01-03,ic_o_val,价值,0.626296289884178,0.5417320200485058
2024-01-04,ic_o_val,价值,0.5825102577863956,0.5507407097855072
2024-01-05,ic_o_val,价值,0.4397820328595418,0.5490371642190381
2024-01-08,ic_o_val,价值,0.4011313862294628,0.5419700978414762
2024-01-09,ic_o_val,价值,0.3949812562657779,0.5334006256078194
2024-01-10,ic_o_val,价值,0.4183467218365334,0.529040896245524
2024-01-11,ic_o_val,价值,0.4599297103582002,0.5285093340857825
2024-01-12,ic_o_val,价值,0.4098236752652017,0.5254041220004644
2024-01-15,ic_o_val,价值,0.4092986617267707,0.5213565482588066
2024-01-16,ic_o_val,价值,0.4664774168976164,0.520363203072825
2024-01-17,ic_o_val,价值,0.3873612818337633,0.5135631644714483
2024-01-18,ic_o_val,价值,0.5087702498065236,0.5153612212123438
2024-01-19,ic_o_val,价值,0.4510093315558942,0.5142323931625474
2024-01-22,ic_o_val,价值,0.3182272640709129,0.5064915770757925
2024-01-23,ic_o_val,价值,0.3498934996654286,0.4978440273804738
2024-01-24,ic_o_val,价值,0.2154200065788334,0.48036696273780966
2024-01-25,ic_o_val,价值,0.1070803110448334,0.4534035563353376
2024-01-26,ic_o_val,价值,-0.0223593774346012,0.4164856297198868
2024-01-29,ic_o_val,价值,-0.0308188050760894,0.37947071048372394
2024-01-30,ic_o_val,价值,-0.089242789924654,0.34019591906152613
2024-01-31,ic_o_val,价值,-0.1169139411291641,0.30303540751085906
2024-02-01,ic_o_val,价值,-0.1307478229255033,0.2673725034752641
2024-02-02,ic_o_val,价值,-0.1310854209587784,0.23882913078434811
2024-02-05,ic_o_val,价值,-0.1086091826665051,0.2133421023395497
2024-02-06,ic_o_val,价值,-0.160039949122241,0.18559104207014876
2024-02-07,ic_o_val,价值,-0.143231068711242,0.15751215254276002
2024-02-08,ic_o_val,价值,-0.1540984369311033,0.12681074517829483
2024-02-19,ic_o_val,价值,-0.2515760019223051,0.09374076131891948
2024-02-20,ic_o_val,价值,-0.2440687576154795,0.06107239035180697
2024-02-21,ic_o_val,价值,-0.2943694136016804,0.02303004882684213
2024-02-22,ic_o_val,价值,-0.3072495006358812,-0.011700490296640092
2024-02-23,ic_o_val,价值,-0.3896707874593133,-0.05662254215993194
2024-02-26,ic_o_val,价值,-0.2397746749536885,-0.09116174248541108
2024-02-27,ic_o_val,价值,-0.0145643254098786,-0.10780132195945065
2024-02-28,ic_o_val,价值,-0.0241360952892089,-0.12650280170718253
2024-02-29,ic_o_val,价值,0.0633104516888558,-0.1341082794516814
2024-03-01,ic_o_val,价值,0.1315225671300705,-0.13288616664741953
2024-03-04,ic_o_val,价值,0.1019351843886943,-0.1266714385562548
2024-03-05,ic_o_val,价值,0.1351367435821928,-0.11837366112334066
2024-03-06,ic_o_val,价值,0.1663297899967105,-0.10559503212727243
2024-03-07,ic_o_val,价值,0.155566772761257,-0.09197099643275138
2024-03-08,ic_o_val,价值,0.1023963019953186,-0.08031379018671028
2024-03-11,ic_o_val,价值,0.1961747545921989,-0.06395078140916141
2024-03-12,ic_o_val,价值,0.255795432904555,-0.04573055063060842
2024-03-13,ic_o_val,价值,0.2935025363134295,-0.023053426358824895
2024-03-14,ic_o_val,价值,0.3430354948817042,0.001259901820822415
2024-03-15,ic_o_val,价值,0.4032024203182078,0.029124944683287975
2024-03-18,ic_o_val,价值,0.385175550977303,0.060962522328268376
2024-03-19,ic_o_val,价值,0.4328785858970586,0.09480988950389527
2024-03-20,ic_o_val,价值,0.4388509795289456,0.13147090916042656
2024-03-21,ic_o_val,价值,0.4163878494386969,0.16765277666415548
2024-03-22,ic_o_val,价值,0.4061325115562403,0.20744294161493318
2024-03-25,ic_o_val,价值,0.3185473907921409,0.23535904490222462
2024-03-26,ic_o_val,价值,0.3049966982170372,0.2513370960835704
2024-03-27,ic_o_val,价值,0.0036118661380516,0.2527244941549335
2024-03-28,ic_o_val,价值,0.0631568013019165,0.2527168116355865
2024-03-29,ic_o_val,价值,0.0612374191644827,0.24920255423730708
2024-04-01,ic_o_val,价值,0.0559850071847786,0.24690504537711128
2024-04-02,ic_o_val,价值,-0.0071295982202525,0.23979172828698908
2024-04-03,ic_o_val,价值,0.002707276536071,0.23161060261395705
2024-04-08,ic_o_val,价值,-0.1129536543654482,0.2181845812576218
2024-04-09,ic_o_val,价值,0.0510746870725922,0.2156185005114855
2024-04-10,ic_o_val,价值,0.0631784422014854,0.20896868489194978
2024-04-11,ic_o_val,价值,0.0241772129983899,0.19738777389664158
2024-04-12,ic_o_val,价值,0.1069666383892245,0.1880609790004313
2024-04-15,ic_o_val,价值,0.1366656008518063,0.1777424842989364
2024-04-16,ic_o_val,价值,0.0701186786932359,0.16108829721768783
2024-04-17,ic_o_val,价值,0.056036945343744,0.14463136693600986
2024-04-18,ic_o_val,价值,0.0296393760495836,0.1244694064436361
2024-04-19,ic_o_val,价值,0.1231887233539697,0.10868629363488733
2024-04-22,ic_o_val,价值,0.1698267961257137,0.09635824096923816
2024-04-23,ic_o_val,价值,0.2378140094527449,0.0879423158640634
2024-04-24,ic_o_val,价值,0.2903148318069286,0.08653068791480278
2024-04-25,ic_o_val,价值,0.2400379583679943,0.08328275092235063
2024-04-26,ic_o_val,价值,0.4166868648395977,0.10393650085742794
2024-04-29,ic_o_val,价值,0.4504228631775765,0.12329980395121094
2024-04-30,ic_o_val,价值,0.4622755838714704,0.14335171218656034
2024-05-06,ic_o_val,价值,0.4646041446650854,0.16378266906057565
2024-05-07,ic_o_val,价值,0.4389956236667813,0.18608893015492733
2024-05-08,ic_o_val,价值,0.3463308857431063,0.20327011061527914
2024-05-09,ic_o_val,价值,0.4459629150524553,0.23121593908617427
2024-05-10,ic_o_val,价值,0.4095756652412527,0.2491409879946073
2024-05-13,ic_o_val,价值,0.2271493741451845,0.25733953459179226
2024-05-14,ic_o_val,价值,0.2710268845483497,0.2696820181692902
2024-05-15,ic_o_val,价值,0.1032433774753972,0.2694958551235989
2024-05-16,ic_o_val,价值,0.0760244801855923,0.26646379909028817
2024-05-17,ic_o_val,价值,0.0212773324561555,0.2640217317784342
2024-05-20,ic_o_val,价值,0.0331711888055942,0.2628784439515267
2024-05-21,ic_o_val,价值,0.060118419002441,0.2644023960991696
2024-05-22,ic_o_val,价值,0.0433099323072661,0.26040845654683437
2024-05-23,ic_o_val,价值,0.0004284900432872,0.25193854124271303
2024-05-24,ic_o_val,价值,-0.0501268427912304,0.2375414986305143
2024-05-27,ic_o_val,价值,-0.0786343726736033,0.21909403840648772
2024-05-28,ic_o_val,价值,-0.1479112203736085,0.19969657946940755
2024-05-29,ic_o_val,价值,-0.0007898928342653,0.1788227415857144
2024-05-30,ic_o_val,价值,0.0176871072176728,0.1571859537877192
2024-05-31,ic_o_val,价值,0.0703004622496148,0.13758719770662645
2024-06-03,ic_o_val,价值,0.1663232977268399,0.12267315535971417
2024-06-04,ic_o_val,价值,0.1759557573210108,0.10952116204242565
2024-06-05,ic_o_val,价值,0.2587991897647201,0.10514457724350632
2024-06-06,ic_o_val,价值,0.104650036708411,0.08807893332630412
2024-06-07,ic_o_val,价值,0.0243600917791082,0.06881815465319688
2024-06-11,ic_o_val,价值,0.2205727047661917,0.06848932118424725
2024-06-12,ic_o_val,价值,0.1820432471736985,0.0640401393155147
2024-06-13,ic_o_val,价值,0.2506189297276709,0.07140891692812837
2024-06-14,ic_o_val,价值,0.2559503038113807,0.08040520810941779
2024-06-17,ic_o_val,价值,0.3554669240490989,0.09711468768906496
2024-06-18,ic_o_val,价值,0.2531011409082253,0.10811118529419653
2024-06-19,ic_o_val,价值,0.1837485500597289,0.11429269184706092
2024-06-20,ic_o_val,价值,0.1577296965080244,0.12001368005709882
2024-06-21,ic_o_val,价值,0.0622998216789875,0.12310724663888384
2024-06-24,ic_o_val,价值,-0.0485405377330725,0.12318656189179174
2024-06-25,ic_o_val,价值,-0.0119760738214366,0.12651947683440007
2024-06-26,ic_o_val,价值,0.0947525146725299,0.138652663586707
2024-06-27,ic_o_val,价值,0.0006535551669811,0.13872483598676932
2024-06-28,ic_o_val,价值,-0.0980101028732477,0.1329399754822233
2024-07-01,ic_o_val,价值,-0.0555431411454219,0.12664779531247145
2024-07-02,ic_o_val,价值,-0.1497678719346573,0.1108432368293966
2024-07-03,ic_o_val,价值,-0.2266378994818053,0.09071355398925579
2024-07-04,ic_o_val,价值,-0.2119049912349983,0.06717834493926986
2024-07-05,ic_o_val,价值,-0.1153454951744331,0.05617856834512767
2024-07-08,ic_o_val,价值,-0.0535955770453275,0.052280784903905884
2024-07-09,ic_o_val,价值,-0.1041551886883319,0.0360443902311797
2024-07-10,ic_o_val,价值,-0.1148206135600553,0.021201197194492004
2024-07-11,ic_o_val,价值,-0.0637533470748011,0.005482583354368409
2024-07-12,ic_o_val,价值,-0.0787848432894762,-0.011254174000674435
2024-07-15,ic_o_val,价值,-0.0714376529059351,-0.032599402848426134
2024-07-16,ic_o_val,价值,-0.0148080368322706,-0.04599486173545093
2024-07-17,ic_o_val,价值,0.0181243769356233,-0.05427607039165622
2024-07-18,ic_o_val,价值,0.0595307352969505,-0.05918601845220991
2024-07-19,ic_o_val,价值,0.2845542345260471,-0.04807329780985692
2024-07-22,ic_o_val,价值,0.4445732457136592,-0.023417608637520338
2024-07-23,ic_o_val,价值,0.312863722165219,-0.007175618838187556
2024-07-24,ic_o_val,价值,0.2394350408049761,5.8507468434752794e-05
2024-07-25,ic_o_val,价值,0.2962568436552756,0.014838671892849478
2024-07-26,ic_o_val,价值,0.3715448841963454,0.038316421246329134
2024-07-29,ic_o_val,价值,0.3180664666765879,0.05699690163742962
2024-07-30,ic_o_val,价值,0.3883350377209418,0.08390204712020957
2024-07-31,ic_o_val,价值,0.3990174116688729,0.1151848126777435
2024-08-01,ic_o_val,价值,0.2524627159759229,0.13840319803828954
2024-08-02,ic_o_val,价值,0.0930361580397218,0.14882228069899728
2024-08-05,ic_o_val,价值,0.182970853961588,0.16065060224934308
2024-08-06,ic_o_val,价值,0.1274835776617672,0.17223254056684803
2024-08-07,ic_o_val,价值,0.1151162566700699,0.1837293840783543
2024-08-08,ic_o_val,价值,0.1061451330161237,0.19222430808290053
2024-08-09,ic_o_val,价值,0.1107570856989701,0.20170140453232283
2024-08-12,ic_o_val,价值,-0.001772264067346,0.20518467397425227
2024-08-13,ic_o_val,价值,0.0036870798096742,0.20610942980634955
2024-08-14,ic_o_val,价值,-0.1102386777368958,0.19969127707272358
2024-08-15,ic_o_val,价值,-0.0680530138121014,0.19331208961727098
2024-08-16,ic_o_val,价值,-0.1553081235191,0.17131897171501365
2024-08-19,ic_o_val,价值,-0.0856311764365933,0.144808750607501
2024-08-20,ic_o_val,价值,-0.0934002427231222,0.12449555236308393
2024-08-21,ic_o_val,价值,-0.0829496638477394,0.10837631713044818
2024-08-22,ic_o_val,价值,-0.0060883079156197,0.09325905955190339
2024-08-23,ic_o_val,价值,-0.0064446903784298,0.07435958082316464
2024-08-26,ic_o_val,价值,-0.0256342586349713,0.05717454455758668
2024-08-27,ic_o_val,价值,0.0076130446592282,0.038138444904501
2024-08-28,ic_o_val,价值,-0.0812756448536918,0.014123792078372766
2024-08-29,ic_o_val,价值,-0.2339176667758278,-0.01019522705921477
2024-08-30,ic_o_val,价值,-0.3231704263065632,-0.031005556276529022
2024-09-02,ic_o_val,价值,-0.3850262950049122,-0.05940541372485403
2024-09-03,ic_o_val,价值,-0.2193650967706563,-0.0767478474464752
2024-09-04,ic_o_val,价值,-0.1698048921855051,-0.09099390488925396
2024-09-05,ic_o_val,价值,-0.0876359919481801,-0.10068296113746915
2024-09-06,ic_o_val,价值,-0.1022403520148066,-0.11133283302315797
2024-09-09,ic_o_val,价值,0.0287051957190531,-0.10980896003383803
2024-09-10,ic_o_val,价值,0.0074119341395856,-0.10962271731734245
2024-09-11,ic_o_val,价值,-0.0022165136738092,-0.10422160911418812
2024-09-12,ic_o_val,价值,-0.1076397563128837,-0.10620094623922724
2024-09-13,ic_o_val,价值,-0.1206243263122168,-0.10446675637888307
2024-09-18,ic_o_val,价值,-0.1919269933942518,-0.10978154722676599
2024-09-19,ic_o_val,价值,-0.1390505431845418,-0.11206406224983698
2024-09-20,ic_o_val,价值,-0.199004488028009,-0.11786680345885045
2024-09-23,ic_o_val,价值,-0.2617311412749759,-0.13064894512681827
2024-09-24,ic_o_val,价值,-0.2769673306023983,-0.1441750771380167
2024-09-25,ic_o_val,价值,-0.3390478018061768,-0.15984575429657696
2024-09-26,ic_o_val,价值,-0.3369408567199016,-0.17707344936553346
2024-09-27,ic_o_val,价值,0.0026336813578438,-0.17287798305495666
2024-09-30,ic_o_val,价值,0.1704289729161155,-0.1526606510703595
2024-10-08,ic_o_val,价值,0.2038939321548017,-0.12630743314729126
2024-10-09,ic_o_val,价值,0.2638029692079736,-0.093865969936647
2024-10-10,ic_o_val,价值,-0.0230510022206313,-0.08405026520914573
2024-10-11,ic_o_val,价值,-0.1570094142080974,-0.08341049131027535
2024-10-14,ic_o_val,价值,-0.3998135268187083,-0.09901936805380177
2024-10-15,ic_o_val,价值,-0.3978039336556799,-0.11379754713584542
2024-10-16,ic_o_val,价值,-0.5333455337019128,-0.1419000836068937
2024-10-17,ic_o_val,价值,-0.486091579819306,-0.1665752593048383
2024-10-18,ic_o_val,价值,-0.2596820807161022,-0.17944853765695296
2024-10-21,ic_o_val,价值,0.0043073722332453,-0.1738511812296465
2024-10-22,ic_o_val,价值,-0.1220820250043343,-0.17392406616425238
2024-10-23,ic_o_val,价值,-0.1696269430501165,-0.1728090636470456
2024-10-24,ic_o_val,价值,-0.1838589123692473,-0.17504948210628088
2024-10-25,ic_o_val,价值,-0.0625878908131224,-0.16822865224553657
2024-10-28,ic_o_val,价值,0.0158964381344994,-0.1543472732750628
2024-10-29,ic_o_val,价值,0.0276453930766118,-0.13911663709111227
2024-10-30,ic_o_val,价值,0.0177322725433915,-0.12127763337363388
2024-10-31,ic_o_val,价值,0.0274084490763036,-0.10306016808382364
2024-11-01,ic_o_val,价值,-0.1488230571666376,-0.11063300501004766
2024-11-04,ic_o_val,价值,-0.1225424874027262,-0.12528157802598977
2024-11-05,ic_o_val,价值,0.0401617333868329,-0.13346818796438822
2024-11-06,ic_o_val,价值,0.0994001872485776,-0.141688327062358
2024-11-07,ic_o_val,价值,0.0823646820375114,-0.13641754284945087
2024-11-08,ic_o_val,价值,0.1470148255604596,-0.12121633086102301
2024-11-11,ic_o_val,价值,0.1902630739631881,-0.0917125008219282
2024-11-12,ic_o_val,价值,0.2017059177268689,-0.061737008252800776
2024-11-13,ic_o_val,价值,0.2155478049734045,-0.024292341319034898
2024-11-14,ic_o_val,价值,0.2329373504004291,0.011659105191951858
2024-11-15,ic_o_val,价值,0.2061298188215685,0.0349497001688354
2024-11-18,ic_o_val,价值,0.0904513513791577,0.03925689912613101
2024-11-19,ic_o_val,价值,0.2329145961295101,0.05700673018282323
2024-11-20,ic_o_val,价值,0.3176251929716322,0.08136933698391066
2024-11-21,ic_o_val,价值,0.32040906612344,0.10658273590854503
2024-11-22,ic_o_val,价值,0.1735506239904523,0.11838966164872378
2024-11-25,ic_o_val,价值,0.2574503328292025,0.1304673563834589
2024-11-26,ic_o_val,价值,0.2151507840524087,0.13984262593224878
2024-11-27,ic_o_val,价值,0.3493244372894393,0.15642223416955117
2024-11-28,ic_o_val,价值,0.2418099324053211,0.16714230833600202
2024-11-29,ic_o_val,价值,0.2713216896035243,0.18814954567451012
2024-12-02,ic_o_val,价值,0.3396757917963338,0.2112604596344631
2024-12-03,ic_o_val,价值,0.3592559441135014,0.22721517017079657
2024-12-04,ic_o_val,价值,0.3451732049343086,0.2395038210550831
2024-12-05,ic_o_val,价值,0.4206055742461186,0.25641586566551344
2024-12-06,ic_o_val,价值,0.4498184100332314,0.271556044889152
2024-12-09,ic_o_val,价值,0.3996378489048016,0.28202478363623273
2024-12-10,ic_o_val,价值,0.4219451217630173,0.2930367438380402
2024-12-11,ic_o_val,价值,0.3635793098446471,0.30043831908160235
2024-12-12,ic_o_val,价值,0.3446073438480611,0.30602181875398393
2024-12-13,ic_o_val,价值,0.296797226251839,0.3105551891254974
2024-12-16,ic_o_val,价值,0.1636017572558823,0.31421270941933366
2024-12-17,ic_o_val,价值,0.2136466216275587,0.31324931069423606
2024-12-18,ic_o_val,价值,0.2348837927096515,0.309112240681137
2024-12-19,ic_o_val,价值,0.2280975750280358,0.3044966661263668
2024-12-20,ic_o_val,价值,0.2885500581293661,0.3102466378333125
2024-12-23,ic_o_val,价值,0.0689609761618156,0.30082216999994316
2024-12-24,ic_o_val,价值,0.0441597991707563,0.2922726207558605
2024-12-25,ic_o_val,价值,0.0654937909606263,0.2780810884394199
2024-12-26,ic_o_val,价值,0.1446361513215428,0.273222399385231
2024-12-27,ic_o_val,价值,0.2814654773295472,0.2737295887715321
2024-12-30,ic_o_val,价值,0.057219873041349,0.2596067928337829
2024-12-31,ic_o_val,价值,-0.0949576633023653,0.23689611246298958
2025-01-02,ic_o_val,价值,-0.1340247126968939,0.21293621658142942
2025-01-03,ic_o_val,价值,-0.2162301472578973,0.18109443050622862
2025-01-06,ic_o_val,价值,-0.206055742461187,0.14830072288150772
2025-01-07,ic_o_val,价值,-0.2589402239473906,0.1153718192388981
2025-01-08,ic_o_val,价值,-0.2256253925663603,0.08299329352242922
2025-01-09,ic_o_val,价值,-0.2312725701410537,0.053250699523144186
2025-01-10,ic_o_val,价值,-0.2116135271664763,0.02543965597241732
2025-01-13,ic_o_val,价值,-0.0439832914958049,0.00840063008503512
2025-01-14,ic_o_val,价值,-0.0752144103511172,-0.003540178295314855
2025-01-15,ic_o_val,价值,-0.164566807617519,-0.022450849757568742
2025-01-16,ic_o_val,价值,-0.3367758264143954,-0.051033830713771086
2025-01-17,ic_o_val,价值,-0.2721750671317016,-0.07604746282175796
2025-01-20,ic_o_val,价值,-0.3197320904966202,-0.10646157025305727
2025-01-21,ic_o_val,价值,-0.302462010144346,-0.12503271956836534
2025-01-22,ic_o_val,价值,-0.234885971216206,-0.13898500808771347
2025-01-23,ic_o_val,价值,-0.2161148060716183,-0.1530654379393257
2025-01-24,ic_o_val,价值,-0.1894091381421237,-0.16976770241250902
2025-01-27,ic_o_val,价值,-0.3257869717105752,-0.20013032486451512
2025-02-05,ic_o_val,价值,-0.169748037490869,-0.21147872039112606
2025-02-06,ic_o_val,价值,-0.2000261545973142,-0.21673214495587345
2025-02-07,ic_o_val,价值,-0.095911535162053,-0.21482648607913143
2025-02-10,ic_o_val,价值,-0.0623393726143811,-0.20713194734695564
2025-02-11,ic_o_val,价值,-0.1773309409367025,-0.20569570727073141
2025-02-12,ic_o_val,价值,-0.0803893124273382,-0.1967681616947288
2025-02-13,ic_o_val,价值,-0.0182495344506517,-0.18639936878894334
2025-02-14,ic_o_val,价值,-0.0579278330152013,-0.17773213193265075
2025-02-17,ic_o_val,价值,-0.0331656497451867,-0.16880973806158625
2025-02-18,ic_o_val,价值,-0.1655999316851517,-0.1748905700710536
2025-02-19,ic_o_val,价值,-0.0271531014331718,-0.17248750462515633
2025-02-20,ic_o_val,价值,0.0459994804354547,-0.16195919022250765
2025-02-21,ic_o_val,价值,0.1341399425908207,-0.13841340177224684
2025-02-24,ic_o_val,价值,0.1816922597293533,-0.1157200354291941
2025-02-25,ic_o_val,价值,0.1903114422151214,-0.09021785879360703
2025-02-26,ic_o_val,价值,0.171818048668215,-0.06650385585297897
2025-02-27,ic_o_val,价值,0.2123532734919339,-0.04414189361757197
2025-02-28,ic_o_val,价值,0.200629799343,-0.02330466334684106
2025-03-03,ic_o_val,价值,0.2778231121712384,5.6949168827050145e-05
2025-03-04,ic_o_val,价值,0.2513317849894336,0.028912887003827485
2025-03-05,ic_o_val,价值,0.3227773941790638,0.05353915858732412
2025-03-06,ic_o_val,价值,0.3425166865440545,0.08066630064439256
2025-03-07,ic_o_val,价值,0.3531165651873705,0.10311770566186373
2025-03-10,ic_o_val,价值,0.3633075094910337,0.12440004976713445
2025-03-11,ic_o_val,价值,0.2854470817000524,0.14753895089897223
2025-03-12,ic_o_val,价值,0.263711842958116,0.16474400866824493
2025-03-13,ic_o_val,价值,0.1514708023245785,0.17323002550700645
2025-03-14,ic_o_val,价值,0.2424416391452411,0.18824849911502856
2025-03-17,ic_o_val,价值,0.2819202238752225,0.204002792796049
2025-03-18,ic_o_val,价值,0.2671193555356646,0.22563875715708984
2025-03-19,ic_o_val,价值,0.2500993869395099,0.23950138157572393
2025-03-20,ic_o_val,价值,0.2812273763940326,0.2512627763736528
2025-03-21,ic_o_val,价值,0.1501893582742242,0.25206524715782297
2025-03-24,ic_o_val,价值,0.176703701378863,0.2518158192402985
2025-03-25,ic_o_val,价值,0.1194275312284225,0.24827162369096353
2025-03-26,ic_o_val,价值,0.215374636453037,0.2504494530802046
2025-03-27,ic_o_val,价值,0.1970904451783491,0.24968631166452543
2025-03-28,ic_o_val,价值,0.2521929689187938,0.2522644701433151
2025-03-31,ic_o_val,价值,0.1707398376493101,0.24691030641721862
2025-04-01,ic_o_val,价值,0.0747512783316357,0.23808128108432877
2025-04-02,ic_o_val,价值,-0.1134408607681932,0.21627036833696592
2025-04-03,ic_o_val,价值,-0.1143885395406385,0.19342510703273125
2025-04-07,ic_o_val,价值,-0.1651614761772482,0.16751120496450034
2025-04-08,ic_o_val,价值,-0.049378118026424,0.14687692358862747
2025-04-09,ic_o_val,价值,0.0507464222146774,0.13514189061435872
2025-04-10,ic_o_val,价值,0.1844008479690193,0.13117634086490387
2025-04-11,ic_o_val,价值,0.2581026163358951,0.1365079315654697
2025-04-14,ic_o_val,价值,0.2811300760311532,0.13844235340976532
2025-04-15,ic_o_val,价值,0.1742505926124713,0.13305887184662774
2025-04-16,ic_o_val,价值,0.1882506661728242,0.12911543737848571
2025-04-17,ic_o_val,价值,0.174890171507351,0.12535497660687778
2025-04-18,ic_o_val,价值,0.1529862819769752,0.11894292188602489
2025-04-21,ic_o_val,价值,0.2572692572816033,0.12429691683639385
2025-04-22,ic_o_val,价值,0.2243568342422564,0.12667957347956355
2025-04-23,ic_o_val,价值,0.1759252733753709,0.12950446058691095
2025-04-24,ic_o_val,价值,0.0792596479315205,0.12269871116083512
2025-04-25,ic_o_val,价值,0.1102009888170505,0.11835423834277019
2025-04-28,ic_o_val,价值,0.0084766034325162,0.10616842006845632
2025-04-29,ic_o_val,价值,0.1339033786554179,0.10432659711876172
2025-04-30,ic_o_val,价值,0.2563362327727701,0.11340584484081843
2025-05-06,ic_o_val,价值,0.3788381888419231,0.13801979732132424
2025-05-07,ic_o_val,价值,0.2669276083619082,0.15708560471645158
2025-05-08,ic_o_val,价值,0.3481211602797939,0.18274973653930368
2025-05-09,ic_o_val,价值,0.1243530096422176,0.19143629292273576
2025-05-12,ic_o_val,价值,0.3400056493659307,0.20589925428029843
2025-05-13,ic_o_val,价值,0.1684085544804976,0.20509963960587232
2025-05-14,ic_o_val,价值,0.1290768393553522,0.19864835075684523
2025-05-15,ic_o_val,价值,0.1103479312757637,0.1901092435190757
2025-05-16,ic_o_val,价值,0.1984885020509819,0.19132113899100128
2025-05-19,ic_o_val,价值,0.2438791886830034,0.1941025651165102
2025-05-20,ic_o_val,价值,0.266717309062804,0.19869392199428287
2025-05-21,ic_o_val,价值,0.1970109396737895,0.20089515487912363
2025-05-22,ic_o_val,价值,0.2679298117198214,0.2014281826010345
2025-05-23,ic_o_val,价值,0.2701069448206367,0.2037156881299535
2025-05-26,ic_o_val,价值,0.2842473499050342,0.2091317919564367
2025-05-27,ic_o_val,价值,0.1902136199723048,0.2146794905584759
2025-05-28,ic_o_val,价值,0.2085604226282192,0.2195974622490343
2025-05-29,ic_o_val,价值,0.2207528065155183,0.23021127240318445
2025-05-30,ic_o_val,价值,0.1055360475104977,0.22879290584593842
2025-06-03,ic_o_val,价值,0.1492065536025724,0.22343642188742852
2025-06-04,ic_o_val,价值,0.2656375364709844,0.2177763892688816
2025-06-05,ic_o_val,价值,0.3501408760730795,0.22193705265444014
2025-06-06,ic_o_val,价值,0.3521857803213735,0.2221402836565191
2025-06-09,ic_o_val,价值,0.4320493066255778,0.23752509850568715
2025-06-10,ic_o_val,价值,0.2874802245701537,0.23489882726589828
2025-06-11,ic_o_val,价值,0.331517593350136,0.24305427920938022
2025-06-12,ic_o_val,价值,0.3387734605486159,0.2535391102690434
2025-06-13,ic_o_val,价值,0.1754802756378407,0.25679572748714724
2025-06-16,ic_o_val,价值,0.245042976650364,0.2591234512171164
2025-06-17,ic_o_val,价值,0.1384136461371018,0.25385017408982125
2025-06-18,ic_o_val,价值,0.0754705940555084,0.2442878383394565
2025-06-19,ic_o_val,价值,0.0010394402130373,0.23448926336641884
2025-06-20,ic_o_val,价值,-0.0628590031800274,0.21794982262142643
2025-06-23,ic_o_val,价值,-0.0281457429231356,0.20303718823423783
2025-06-24,ic_o_val,价值,0.0449789292595504,0.19107376720196365
2025-06-25,ic_o_val,价值,0.1056281910654953,0.18684449575662315
2025-06-26,ic_o_val,价值,-0.0122275193126289,0.17580509865958077
2025-06-27,ic_o_val,价值,-0.1029875660821189,0.1596180800296989
2025-06-30,ic_o_val,价值,-0.0427979134594208,0.15220138198120298
2025-07-01,ic_o_val,价值,-0.2237307285975856,0.13355451787119507
2025-07-02,ic_o_val,价值,-0.2766645140218038,0.10643941534655565
2025-07-03,ic_o_val,价值,-0.2437450062717503,0.07674512122931418
2025-07-04,ic_o_val,价值,-0.2977278071003235,0.04424944185822933
2025-07-07,ic_o_val,价值,-0.3289131413117374,0.0062013194613635666
2025-07-08,ic_o_val,价值,-0.2481559777387441,-0.020580490654081324
2025-07-09,ic_o_val,价值,-0.2533840321981767,-0.04982557193149696
2025-07-10,ic_o_val,价值,-0.3076264271024726,-0.08214556631405139
2025-07-11,ic_o_val,价值,-0.1298895980441076,-0.0974140599981488
2025-07-14,ic_o_val,价值,-0.3203701132586602,-0.12568471449360002
2025-07-15,ic_o_val,价值,-0.2081148768843046,-0.14301114064467033
2025-07-16,ic_o_val,价值,-0.1993735697057969,-0.1567533488327356
2025-07-17,ic_o_val,价值,-0.0806943928743554,-0.16084004048710523
2025-07-18,ic_o_val,价值,-0.14835915710612,-0.16511504818340988
2025-07-21,ic_o_val,价值,-0.3796935725996325,-0.1826924396672347
2025-07-22,ic_o_val,价值,-0.4203613684902066,-0.2059594545547226
2025-07-23,ic_o_val,价值,-0.4478455287580232,-0.2336331405458985
2025-07-24,ic_o_val,价值,-0.325904403417705,-0.24931698475115233
2025-07-25,ic_o_val,价值,-0.3949436606381971,-0.2639147894789562
2025-07-28,ic_o_val,价值,-0.410191620856469,-0.2822844748488086
2025-07-29,ic_o_val,价值,-0.3691821403531544,-0.28955704543658706
2025-07-30,ic_o_val,价值,-0.456073809830317,-0.29852751022701274
2025-07-31,ic_o_val,价值,-0.4651790003176432,-0.30959920992930734
2025-08-01,ic_o_val,价值,-0.5068733915008474,-0.32005648914933355
2025-08-04,ic_o_val,价值,-0.4932263984349302,-0.3282721520054932
2025-08-05,ic_o_val,价值,-0.4585230518862208,-0.33879050571286695
2025-08-06,ic_o_val,价值,-0.4204047713855369,-0.347141542672235
2025-08-07,ic_o_val,价值,-0.3825271187818399,-0.3508865772562034
2025-08-08,ic_o_val,价值,-0.4875586468378318,-0.3687700296958896
2025-08-11,ic_o_val,价值,-0.4581162029743253,-0.37565733418167285
2025-08-12,ic_o_val,价值,-0.4274553764650889,-0.3866243591607121
2025-08-13,ic_o_val,价值,-0.3803314881859965,-0.3956722550847221
2025-08-14,ic_o_val,价值,-0.4717433414043584,-0.4152247025112222
2025-08-15,ic_o_val,价值,-0.3765023112480739,-0.42663186021831995
2025-08-18,ic_o_val,价值,-0.287834784716331,-0.42203892082415484
2025-08-19,ic_o_val,价值,-0.3354285270483196,-0.4177922787520605
2025-08-20,ic_o_val,价值,-0.297432040079623,-0.4102716043181404
2025-08-21,ic_o_val,价值,-0.3631604089245039,-0.4121344045934804
2025-08-22,ic_o_val,价值,-0.1898090174896189,-0.40187767243605144
2025-08-25,ic_o_val,价值,-0.1859810687828548,-0.39066714483237075
2025-08-26,ic_o_val,价值,-0.0589884980674072,-0.3751574627180834
2025-08-27,ic_o_val,价值,-0.0883024613042499,-0.3567688952917801
2025-08-28,ic_o_val,价值,-0.0752397655779242,-0.3372719335547941
2025-08-29,ic_o_val,价值,-0.009012382850194,-0.3123788831222615
2025-09-01,ic_o_val,价值,-0.0540156853240075,-0.29041834746671535
2025-09-02,ic_o_val,价值,-0.1913380135385468,-0.2770590955493316
2025-09-03,ic_o_val,价值,-0.2783857377587662,-0.2699581438679931
2025-09-04,ic_o_val,价值,-0.3091229376222711,-0.2662879348100146
2025-09-05,ic_o_val,价值,-0.2592904381849345,-0.25487452437736974
2025-09-08,ic_o_val,价值,-0.1195486573985907,-0.23794614709858303
2025-09-09,ic_o_val,价值,-0.2375216373191805,-0.22844946014128759
2025-09-10,ic_o_val,价值,-0.1764675842537042,-0.218256264944673
2025-09-11,ic_o_val,价值,0.0138170010713575,-0.1939782478208872
2025-09-12,ic_o_val,价值,0.0465269432728193,-0.17282678509484256
2025-09-15,ic_o_val,价值,0.0332121537098845,-0.15677443817353176
2025-09-16,ic_o_val,价值,0.1804487360215506,-0.13098057502003826
2025-09-17,ic_o_val,价值,0.2644415931538261,-0.1028868933583658
2025-09-18,ic_o_val,价值,0.2040356239673422,-0.0745270917137735
2025-09-19,ic_o_val,价值,0.0989553466272452,-0.060088873507930296
2025-09-22,ic_o_val,价值,0.1579725702686054,-0.04289119155535728
2025-09-23,ic_o_val,价值,-0.0625440857766916,-0.0430689709408215
2025-09-24,ic_o_val,价值,0.1399286541855821,-0.0316574151663299
2025-09-25,ic_o_val,价值,0.1596930828745233,-0.01991077274370753
2025-09-26,ic_o_val,价值,0.2088896265352995,-0.009015672274432857
2025-09-29,ic_o_val,价值,0.3063731409500079,0.009003769039267912
2025-09-30,ic_o_val,价值,0.2922997375333669,0.0331856565928636
2025-10-09,ic_o_val,价值,0.3307272840434607,0.06364130768297493
2025-10-10,ic_o_val,价值,0.2885377512556799,0.09352434212687248
2025-10-13,ic_o_val,价值,0.2225348935930267,0.11761560871577055
2025-10-14,ic_o_val,价值,0.2652721641741025,0.1368566497944052
2025-10-15,ic_o_val,价值,0.350223261544223,0.1662438947375754
2025-10-16,ic_o_val,价值,0.3312239541497283,0.19162847165774702
2025-10-17,ic_o_val,价值,0.2925233142734142,0.20556378731784983
2025-10-20,ic_o_val,价值,0.2769508531766372,0.21708498281304073
2025-10-21,ic_o_val,价值,0.3188306344578788,0.23136590685044048
2025-10-22,ic_o_val,价值,0.2899001730992054,0.23683847870432323
2025-10-23,ic_o_val,价值,0.2898931727821995,0.23811105768574187
2025-10-24,ic_o_val,价值,0.4581340272874558,0.25081597785174753
2025-10-27,ic_o_val,价值,0.3857706273558961,0.2651567418881801
2025-10-28,ic_o_val,价值,0.4768136742243297,0.2810987970859663
2025-10-29,ic_o_val,价值,0.495572537925737,0.30900462827108777
2025-10-30,ic_o_val,价值,0.4794396595060834,0.3259801785371128
2025-10-31,ic_o_val,价值,0.4981876290655996,0.3429049058466666
2025-11-03,ic_o_val,价值,0.4124471103668468,0.353082780038244
2025-11-04,ic_o_val,价值,0.3851201190390477,0.35702012894269597
2025-11-05,ic_o_val,价值,0.3722624452579721,0.36101826432892625
2025-11-06,ic_o_val,价值,0.3888088895288838,0.36392234460319733
2025-11-07,ic_o_val,价值,0.308327933376533,0.36491185370924006
2025-11-10,ic_o_val,价值,0.1940408476732186,0.3634871514132496
2025-11-11,ic_o_val,价值,0.1108839129286965,0.35576773885097934
2025-11-12,ic_o_val,价值,-0.0138238894088847,0.3375653813033239
2025-11-13,ic_o_val,价值,0.1756545947632419,0.3297869133339996
2025-11-14,ic_o_val,价值,-0.0154042860082863,0.3143905333199146
2025-11-17,ic_o_val,价值,0.1197195140756174,0.30652896636486365
2025-11-18,ic_o_val,价值,0.1831641346869225,0.2997456413763158
2025-11-19,ic_o_val,价值,0.0243334053327573,0.28646730298799344
2025-11-20,ic_o_val,价值,0.0445639479414013,0.2742008417459535
2025-11-21,ic_o_val,价值,-0.1212445925115608,0.24523191075600267
2025-11-24,ic_o_val,价值,-0.1464124111182935,0.21862275883229318
2025-11-25,ic_o_val,价值,-0.1683929192978967,0.18636242915618187
2025-11-26,ic_o_val,价值,-0.1874483333058764,0.15221138559460118
2025-11-27,ic_o_val,价值,-0.2503629854308588,0.11572125334775407
2025-11-28,ic_o_val,价值,-0.2505146437273134,0.07828613970810842
2025-12-01,ic_o_val,价值,-0.1743238615210057,0.048947591113715806
2025-12-02,ic_o_val,价值,-0.3028367560041768,0.014549747361554576
2025-12-03,ic_o_val,价值,-0.2806424344885883,-0.018095496625773443
2025-12-04,ic_o_val,价值,-0.4254937754797795,-0.0588106298762066
2025-12-05,ic_o_val,价值,-0.4045460478550612,-0.09445432893778632
2025-12-08,ic_o_val,价值,-0.3124508975187708,-0.11977891619738579
2025-12-09,ic_o_val,价值,-0.2922902888966238,-0.1399376262886518
2025-12-10,ic_o_val,价值,-0.2924767540152156,-0.15387026951896834
2025-12-11,ic_o_val,价值,-0.4356869374968923,-0.18443734613197504
2025-12-12,ic_o_val,价值,-0.3079409278504301,-0.19906417822408223
2025-12-15,ic_o_val,价值,-0.4266307658278956,-0.2263816922192579
2025-12-16,ic_o_val,价值,-0.431326139923425,-0.2571062059497753
2025-12-17,ic_o_val,价值,-0.4429739943314604,-0.28047157593298616
2025-12-18,ic_o_val,价值,-0.4935200518395852,-0.30737577592203547
2025-12-19,ic_o_val,价值,-0.3678142951095849,-0.31970426105193667
2025-12-22,ic_o_val,价值,-0.3124126012909057,-0.3280042705605673
2025-12-23,ic_o_val,价值,-0.3530376585389684,-0.33723650752262085
2025-12-24,ic_o_val,价值,-0.3562496565116236,-0.3456765736829083
2025-12-25,ic_o_val,价值,-0.2430945096817924,-0.345313149895455
2025-12-26,ic_o_val,价值,-0.2438541533087854,-0.3449801253745285
2025-12-29,ic_o_val,价值,-0.2339496180102035,-0.34796141319898843
2025-12-30,ic_o_val,价值,-0.1669982474459731,-0.3411694877710782
2025-12-31,ic_o_val,价值,-0.1556289692261552,-0.3349188145079566
2026-01-05,ic_o_val,价值,0.0074255405956752,-0.3132728487041838
2026-01-06,ic_o_val,价值,-0.0310653514771881,-0.2945988138852902
2026-01-07,ic_o_val,价值,0.0637002903976768,-0.2757912544894678
2026-01-08,ic_o_val,价值,0.1906592747258022,-0.2516437763083465
2026-01-09,ic_o_val,价值,0.2491156070751434,-0.22456415825382856
2026-01-12,ic_o_val,价值,0.2762967554040598,-0.18896497360878095
2026-01-13,ic_o_val,价值,0.1537859697122423,-0.16587862873064732
2026-01-14,ic_o_val,价值,0.2239475458943879,-0.13334971314453314
2026-01-15,ic_o_val,价值,0.2225310197518419,-0.1006568551607698
2026-01-16,ic_o_val,价值,0.2234790121679027,-0.06733420483580166
2026-01-19,ic_o_val,价值,0.3492236062111503,-0.02519702193326488
2026-01-20,ic_o_val,价值,0.1179134566923464,-0.0009106343431683165
2026-01-21,ic_o_val,价值,0.2370917032663738,0.026564580884695654
2026-01-22,ic_o_val,价值,0.3556713680319406,0.06200003221324111
2026-01-23,ic_o_val,价值,0.5456836345309238,0.10709669676536848
2026-01-26,ic_o_val,价值,0.521671826625387,0.14533501358072748
2026-01-27,ic_o_val,价值,0.4979336165310678,0.18242440207272012
2026-01-28,ic_o_val,价值,0.4636306909544723,0.21730341752095392
2026-01-29,ic_o_val,价值,0.4313173494612043,0.2472191973663128
2026-01-30,ic_o_val,价值,0.4265821873425013,0.27632975519474556
2026-02-02,ic_o_val,价值,0.3478940168478652,0.2933531790073551
2026-02-03,ic_o_val,价值,0.500686394508844,0.3199407663066567
2026-02-04,ic_o_val,价值,0.4469522925531156,0.3391033664144287
2026-02-05,ic_o_val,价值,0.3790588418891393,0.3485233447725955
2026-02-06,ic_o_val,价值,0.3710682314541484,0.35462097599154574
2026-02-09,ic_o_val,价值,0.5185518515851875,0.3667337308006021
2026-02-10,ic_o_val,价值,0.4855305157558739,0.3833209581027837
2026-02-11,ic_o_val,价值,0.4799193606451148,0.3961195488403201
2026-02-12,ic_o_val,价值,0.5644202846377229,0.41321401208461406
2026-02-13,ic_o_val,价值,0.5797297621619028,0.4310265495843141
2026-02-24,ic_o_val,价值,0.5668346653226775,0.4419071025398905
2026-02-25,ic_o_val,价值,0.5802175121060571,0.4650223053105759
2026-02-26,ic_o_val,价值,0.6169613033628276,0.4840157853153987
2026-02-27,ic_o_val,价值,0.5800146556043658,0.4952329496940199
2026-03-02,ic_o_val,价值,0.5379623585362344,0.49484688589428555
2026-03-03,ic_o_val,价值,0.4625768422133374,0.4918921366736829
2026-03-04,ic_o_val,价值,0.4291778872869609,0.48845435021147765
2026-03-05,ic_o_val,价值,0.4594686521630867,0.4882462482719084
2026-03-06,ic_o_val,价值,0.4322655774364528,0.4882936596706708
2026-03-09,ic_o_val,价值,0.4103797607488962,0.48748353834099056
2026-03-10,ic_o_val,价值,0.3659823559837004,0.4883879552977823
2026-03-11,ic_o_val,价值,0.2779129766961864,0.4772492844071494
2026-03-12,ic_o_val,价值,0.1563011495908032,0.4627167272590338
2026-03-13,ic_o_val,价值,0.0220126238990088,0.4448644163595272
2026-03-16,ic_o_val,价值,0.0206302349581203,0.4273425165347259
2026-03-17,ic_o_val,价值,-0.0533515731874145,0.3987473452960958
2026-03-18,ic_o_val,价值,-0.0272470147203195,0.37310846877228615
2026-03-19,ic_o_val,价值,-0.0521168143355833,0.3465066600232512
2026-03-20,ic_o_val,价值,-0.1564571483428133,0.31046278837422436
2026-03-23,ic_o_val,价值,-0.129743039901528,0.27498914827105286
2026-03-24,ic_o_val,价值,-0.178328173374613,0.23773100633618832
2026-03-25,ic_o_val,价值,-0.1836766407928912,0.1995362986912409
2026-03-26,ic_o_val,价值,-0.2240839417788712,0.15748403643415598
2026-03-27,ic_o_val,价值,-0.2343389252885977,0.11676635738950777
2026-03-30,ic_o_val,价值,-0.1694578443372453,0.0813953472458338
2026-03-31,ic_o_val,价值,-0.2402382222371987,0.046254594023307005
2026-04-01,ic_o_val,价值,-0.2466364269085847,0.01246387831352973
2026-04-02,ic_o_val,价值,-0.2952242153408596,-0.02527076506166758
2026-04-03,ic_o_val,价值,-0.3180814553483572,-0.06278811670090809
2026-04-07,ic_o_val,价值,-0.3563803489572084,-0.10112612218621331
2026-04-08,ic_o_val,价值,-0.3432356541147671,-0.1365870226911367
2026-04-09,ic_o_val,价值,-0.3302327562776629,-0.16699430933982914
2026-04-10,ic_o_val,价值,-0.3517612301381242,-0.19239742832627554
2026-04-13,ic_o_val,价值,-0.2358317133462932,-0.2052896451885406
2026-04-14,ic_o_val,价值,-0.1448172414620683,-0.21356201900955005
2026-04-15,ic_o_val,价值,-0.187140902872777,-0.22025148549381818
2026-04-16,ic_o_val,价值,-0.1458012335901313,-0.22617919643730877
2026-04-17,ic_o_val,价值,-0.1582403340773273,-0.23148537242439599
2026-04-20,ic_o_val,价值,-0.0514469257027008,-0.22623486129239034
2026-04-21,ic_o_val,价值,-0.0784594622651302,-0.22367068241057048
2026-04-22,ic_o_val,价值,-0.0451645996299485,-0.2170125037233372
2026-04-23,ic_o_val,价值,-0.0771686037387578,-0.21168710187063056
2026-04-24,ic_o_val,价值,-0.039423329989034,-0.20245407128113868
2026-04-27,ic_o_val,价值,0.0513663517970502,-0.18816880742685632
2026-04-28,ic_o_val,价值,0.0275841180648179,-0.17831670930675314
2026-04-29,ic_o_val,价值,0.0857090516056936,-0.16201934561460854
2026-04-30,ic_o_val,价值,0.1747308524563887,-0.14095098164635983
2026-05-06,ic_o_val,价值,0.3058504528090188,-0.11089724823886593
2026-05-07,ic_o_val,价值,0.3747191269159381,-0.07625721912565117
2026-05-08,ic_o_val,价值,0.4037397275547482,-0.03825121530005334
2026-05-11,ic_o_val,价值,0.4563451410432148,0.0017278244578457474
2026-05-12,ic_o_val,价值,0.4377134012369566,0.04012513233357672
2026-05-13,ic_o_val,价值,0.4747197827783645,0.08144918297940115
2026-05-14,ic_o_val,价值,0.4432541270143175,0.11540347499743171
2026-05-15,ic_o_val,价值,0.3975641269487313,0.1425225434179717
2026-05-18,ic_o_val,价值,0.2743459411953748,0.16559688562137925
2026-05-19,ic_o_val,价值,0.2521568035888792,0.1854947874803298
2026-05-20,ic_o_val,价值,0.3180796822480327,0.2093107882965978
2026-05-21,ic_o_val,价值,0.2086273511864024,0.22231450214105294
2026-05-22,ic_o_val,价值,0.2110473467085544,0.23678984258973718
2026-05-25,ic_o_val,价值,0.3405067193105574,0.25607340853676247
2026-05-26,ic_o_val,价值,0.2143004243429898,0.27064685994084986
2026-05-27,ic_o_val,价值,0.0950252834965337,0.2773692906151282
2026-05-28,ic_o_val,价值,0.1551862321359471,0.28256028463207306
2026-05-29,ic_o_val,价值,-0.0263040184690859,0.2798658778053779
2026-06-01,ic_o_val,价值,-0.2063749827836113,0.26526167608591267
2026-06-02,ic_o_val,价值,-0.197822666489189,0.24663400013863374
2026-06-03,ic_o_val,价值,-0.1045746404234248,0.2261127454770116
2026-06-04,ic_o_val,价值,-0.1180171967128175,0.2014759292955738
2026-06-05,ic_o_val,价值,-0.1278120138414487,0.17489834222576395
2026-06-08,ic_o_val,价值,-0.2049032274989998,0.14183592379865323
2026-06-09,ic_o_val,价值,-0.105324947039109,0.11468400638484995
2026-06-10,ic_o_val,价值,-0.2852831030163113,0.07668386209511616
2026-06-11,ic_o_val,价值,-0.3197972073377889,0.03853129537751084
2026-06-12,ic_o_val,价值,-0.1544740668547576,0.010929385687336394
2026-06-15,ic_o_val,价值,-0.0324114306402143,-0.004408482904443061
2026-06-16,ic_o_val,价值,0.0564658197296535,-0.014193032097404348
2026-06-17,ic_o_val,价值,0.171283719526992,-0.02153283023345638
2026-06-18,ic_o_val,价值,0.3136976867732225,-0.016279313454115374
2026-06-22,ic_o_val,价值,0.3025900007214487,-0.011702180753470659
2026-06-23,ic_o_val,价值,0.1552282073312302,-0.02096610635243702
2026-06-24,ic_o_val,价值,0.1887611414629667,-0.02224307049643818
2026-06-25,ic_o_val,价值,0.1814956165406379,-0.017919553844232966
2026-06-26,ic_o_val,价值,0.2787769477474405,-0.011740018063658297
2026-06-29,ic_o_val,价值,0.2753445249846929,0.003342409109030643
2026-06-30,ic_o_val,价值,0.2817991618078192,0.027751116338602166
2026-07-01,ic_o_val,价值,0.262160017314768,0.05075025052880002
2026-07-02,ic_o_val,价值,0.3360704658590814,0.07278250584292534
2026-07-03,ic_o_val,价值,0.3188212840474582,0.09462442988093911
2026-07-06,ic_o_val,价值,0.3521705766998315,0.11862355940800311
2026-07-07,ic_o_val,价值,0.2238812626663431,0.14006278391627028
2026-07-08,ic_o_val,价值,0.1798204248676798,0.1543200525116097
2026-07-09,ic_o_val,价值,0.153622656111654,0.17626534046800796
2026-07-10,ic_o_val,价值,0.1847184054672692,0.2014911211082609
2026-07-13,ic_o_val,价值,0.1301008060549219,0.21571986475374488
2026-07-14,ic_o_val,价值,0.2013000513541049,0.22740543885346082
2026-07-15,ic_o_val,价值,0.2478231783354935,0.2369733067837528
2026-07-16,ic_o_val,价值,0.274818342385393,0.24215003792667286
2026-07-17,ic_o_val,价值,0.1445770015281594,0.23369400366441972
2026-07-20,ic_o_val,价值,0.0190737910815827,0.21951819318242638
2026-07-21,ic_o_val,价值,0.1297650044926576,0.21824503304049778
2026-07-22,ic_o_val,价值,0.2805860003450443,0.22283627598460165
2026-07-23,ic_o_val,价值,0.2468023427405867,0.22610161229459907
2026-07-24,ic_o_val,价值,0.2119524368568449,0.22276038675006932
2026-07-27,ic_o_val,价值,0.2913275311370687,0.2235595370576881
2026-07-28,ic_o_val,价值,0.2967554485771065,0.22430735139615243
2026-07-29,ic_o_val,价值,0.268792098169488,0.22463895543888848
2026-07-30,ic_o_val,价值,0.1015354405332645,0.21291220417259762
2026-07-31,ic_o_val,价值,0.13314409503718,0.20362834472208374
2026-08-03,ic_o_val,价值,0.196172386880128,0.19582843523109855
2020-04-03,ic_o_lowvol,低波,-0.4108802562888105,
2020-04-07,ic_o_lowvol,低波,-0.3874548928747213,
2020-04-08,ic_o_lowvol,低波,-0.4343273150573252,
2020-04-09,ic_o_lowvol,低波,-0.4059788616110477,
2020-04-10,ic_o_lowvol,低波,-0.4280674915635546,
2020-04-13,ic_o_lowvol,低波,-0.3655542725085954,
2020-04-14,ic_o_lowvol,低波,-0.2980097487814023,
2020-04-15,ic_o_lowvol,低波,-0.3270041244844394,
2020-04-16,ic_o_lowvol,低波,-0.3135842723427183,
2020-04-17,ic_o_lowvol,低波,-0.1868976377952756,-0.355775887330789
2020-04-20,ic_o_lowvol,低波,-0.1031692585966793,-0.33281164835496085
2020-04-21,ic_o_lowvol,低波,-0.1286601104765008,-0.31579902019842254
2020-04-22,ic_o_lowvol,低波,-0.0368384504514106,-0.29434051483326773
2020-04-23,ic_o_lowvol,低波,-0.0543142107236595,-0.2771957788254386
2020-04-24,ic_o_lowvol,低波,-0.0500490441646451,-0.2620526631813857
2020-04-27,ic_o_lowvol,低波,-0.0632210456920854,-0.24962568708830443
2020-04-28,ic_o_lowvol,低波,-0.069465421020582,-0.2390280243784384
2020-04-29,ic_o_lowvol,低波,-0.0695763029621297,-0.22961403985531012
2020-04-30,ic_o_lowvol,低波,0.0476193333001943,-0.21502280968923096
2020-05-06,ic_o_lowvol,低波,0.1462379396146221,-0.19695977222403832
2020-05-07,ic_o_lowvol,低波,0.1114037429565932,-0.17084557226176814
2020-05-08,ic_o_lowvol,低波,0.1197300337457817,-0.145486325930743
2020-05-11,ic_o_lowvol,低波,0.0624639016897081,-0.12064676509339131
2020-05-12,ic_o_lowvol,低波,0.0642369703787026,-0.0971359734939038
2020-05-13,ic_o_lowvol,低波,0.0381612870810884,-0.07382453456167165
2020-05-14,ic_o_lowvol,低波,-0.0334008248968878,-0.05721686218108627
2020-05-15,ic_o_lowvol,低波,-0.0799401273943567,-0.04631338111173399
2020-05-18,ic_o_lowvol,低波,-0.0510476956096496,-0.032515559667994506
2020-05-19,ic_o_lowvol,低波,-0.0106246878510623,-0.0173675804434117
2020-05-20,ic_o_lowvol,低波,-0.0316250468691413,-0.009603950897104986
2020-05-21,ic_o_lowvol,低波,-0.1138207724034495,-0.010136526587443496
2020-05-22,ic_o_lowvol,低波,-0.0671106111736033,-0.007059051622298621
2020-05-25,ic_o_lowvol,低波,-0.0633250843644544,-0.008383383317950811
2020-05-26,ic_o_lowvol,低波,0.0566599175103112,-0.0028346769062522767
2020-05-27,ic_o_lowvol,低波,0.0409178852643419,0.0017136695651970735
2020-05-28,ic_o_lowvol,低波,0.0635621500745372,0.008052829353528204
2020-05-29,ic_o_lowvol,低波,0.1068916385451818,0.016870682331816395
2020-06-01,ic_o_lowvol,低波,0.1119190101237345,0.025945447986109604
2020-06-02,ic_o_lowvol,低波,0.0790195966694185,0.027515461154570812
2020-06-03,ic_o_lowvol,低波,0.058909636295463,0.02314904598861286
2020-06-04,ic_o_lowvol,低波,-0.0229261342332208,0.01643255212912216
2020-06-05,ic_o_lowvol,低波,0.0071181102362204,0.010801955953644094
2020-06-08,ic_o_lowvol,低波,0.0235380577427821,0.008855663756297795
2020-06-09,ic_o_lowvol,低波,-0.0375830055074744,0.0037646649619889443
2020-06-10,ic_o_lowvol,低波,-0.038021505376344,-4.447466088267592e-05
2020-06-11,ic_o_lowvol,低波,-0.0417880184331797,-0.00046383433769727064
2020-06-12,ic_o_lowvol,低波,-0.0541935483870967,0.0008234946126657293
2020-06-15,ic_o_lowvol,低波,-0.0440491551459293,0.0011734216358517443
2020-06-16,ic_o_lowvol,低波,0.0510783410138248,0.004258573079096099
2020-06-17,ic_o_lowvol,低波,0.0014070660522273,0.005910178725164529
2020-06-18,ic_o_lowvol,低波,-0.0571182795698924,0.008745303366842382
2020-06-19,ic_o_lowvol,低波,0.0116497695852534,0.01268332240478522
2020-06-22,ic_o_lowvol,低波,-0.031231950844854,0.014287979080765238
2020-06-23,ic_o_lowvol,低波,-0.0319447004608294,0.009857748182208208
2020-06-24,ic_o_lowvol,低波,-0.0174070660522273,0.006941500616379747
2020-06-29,ic_o_lowvol,低波,-0.0798033794162826,-0.00022677585816124126
2020-06-30,ic_o_lowvol,低波,-0.0565152404847061,-0.008397119809655637
2020-07-01,ic_o_lowvol,低波,-0.0114690805918542,-0.014566524345435072
2020-07-02,ic_o_lowvol,低波,0.0564832868244868,-0.015693339837681657
2020-07-03,ic_o_lowvol,低波,0.0688731116212032,-0.015195166071394645
2020-07-06,ic_o_lowvol,低波,0.091987401911066,-0.009449489264180308
2020-07-07,ic_o_lowvol,低波,0.1133513764569423,-0.004137825953144212
2020-07-08,ic_o_lowvol,低波,0.1865371269951422,0.004012127509473792
2020-07-09,ic_o_lowvol,低波,0.241707147814018,0.01797663517554841
2020-07-10,ic_o_lowvol,低波,0.2097174616613636,0.03036358352743379
2020-07-13,ic_o_lowvol,低波,0.2982943915661827,0.04736770402740191
2020-07-14,ic_o_lowvol,低波,0.2462112004806838,0.06238794147079094
2020-07-15,ic_o_lowvol,低波,0.2949623782927528,0.07933851814272505
2020-07-16,ic_o_lowvol,低波,0.3812694598050377,0.09584807408228568
2020-07-17,ic_o_lowvol,低波,0.317363339660517,0.11164588776270017
2020-07-20,ic_o_lowvol,低波,0.2674531575294934,0.12787445961766947
2020-07-21,ic_o_lowvol,低波,0.2230448940372604,0.1384442158402698
2020-07-22,ic_o_lowvol,低波,0.3157865236298351,0.15579513956400426
2020-07-23,ic_o_lowvol,低波,0.2364223562696845,0.16921349240052996
2020-07-24,ic_o_lowvol,低波,0.0839161959059572,0.17427965549843918
2020-07-27,ic_o_lowvol,低波,0.056787563107352,0.1811092026246209
2020-07-28,ic_o_lowvol,低波,0.1480328831473869,0.19133660880622555
2020-07-29,ic_o_lowvol,低波,0.3295040837025569,0.20838526702094612
2020-07-30,ic_o_lowvol,低波,0.2713939635647341,0.2191308008579585
2020-07-31,ic_o_lowvol,低波,0.2385151217622589,0.22761290136501128
2020-08-03,ic_o_lowvol,低波,0.3229652524495115,0.23916179389193354
2020-08-04,ic_o_lowvol,低波,0.3209500893480803,0.24954172953649043
2020-08-05,ic_o_lowvol,低波,0.2679122404313244,0.25361048520829954
2020-08-06,ic_o_lowvol,低波,0.3184411445595433,0.25744718504557584
2020-08-07,ic_o_lowvol,低波,0.2047138802034068,0.257197005972678
2020-08-10,ic_o_lowvol,低波,0.2775636577163295,0.2561604692801853
2020-08-11,ic_o_lowvol,低波,0.2920781508567768,0.25845381679899
2020-08-12,ic_o_lowvol,低波,0.1924251321197886,0.25332695449034176
2020-08-13,ic_o_lowvol,低波,0.2379864410398761,0.24616280355208367
2020-08-14,ic_o_lowvol,低波,0.2735119841990071,0.2439702357790082
2020-08-17,ic_o_lowvol,低波,0.3392622644531041,0.24756069112518872
2020-08-18,ic_o_lowvol,低波,0.3392302354134415,0.25336995819399777
2020-08-19,ic_o_lowvol,低波,0.3012454024780149,0.2526429021364068
2020-08-20,ic_o_lowvol,低波,0.2162576953208771,0.25163466908896637
2020-08-21,ic_o_lowvol,低波,0.0605082748469482,0.2504642730360159
2020-08-24,ic_o_lowvol,低波,0.0493087065606149,0.2500903302086791
2020-08-25,ic_o_lowvol,低波,-0.0163615010943255,0.2418706109965935
2020-08-26,ic_o_lowvol,低波,-0.1429410288870465,0.21824835536711334
2020-08-27,ic_o_lowvol,低波,-0.0820317087492659,0.20057707175141332
2020-08-28,ic_o_lowvol,低波,-0.0190679549458175,0.18769791791600948
2020-08-31,ic_o_lowvol,低波,-0.0195751075309888,0.17057089991698446
2020-09-01,ic_o_lowvol,低波,0.0164202210003736,0.15534440649959913
2020-09-02,ic_o_lowvol,低波,-0.008525062723536,0.14152254134185613
2020-09-03,ic_o_lowvol,低波,-0.0361823316202861,0.12379136753286465
2020-09-04,ic_o_lowvol,低波,-0.0991673773120208,0.10859730465709325
2020-09-07,ic_o_lowvol,低波,-0.2388619014573213,0.08277602669841073
2020-09-08,ic_o_lowvol,低波,-0.2203227196963469,0.05715598317075454
2020-09-09,ic_o_lowvol,低波,-0.4451235787113649,0.025278547629196867
2020-09-10,ic_o_lowvol,低波,-0.3048421299876333,-0.001862880922178603
2020-09-11,ic_o_lowvol,低波,-0.2619525195546553,-0.028636106109861725
2020-09-14,ic_o_lowvol,低波,-0.2784108046316982,-0.05951975956410184
2020-09-15,ic_o_lowvol,低波,-0.2183579778999626,-0.08739917022977205
2020-09-16,ic_o_lowvol,低波,-0.220984359152298,-0.11351065831128768
2020-09-17,ic_o_lowvol,低波,-0.1260584610827753,-0.1306264661314703
2020-09-18,ic_o_lowvol,低波,-0.1429776330539689,-0.14080076152651616
2020-09-21,ic_o_lowvol,低波,-0.1950141461591843,-0.15301690416250613
2020-09-22,ic_o_lowvol,低波,-0.1867026103667325,-0.16153395962612646
2020-09-23,ic_o_lowvol,低波,-0.1092243634228367,-0.15984812635291598
2020-09-24,ic_o_lowvol,低波,-0.0860434607958124,-0.1600487139552433
2020-09-25,ic_o_lowvol,低波,-0.1493943167063689,-0.1665650320432709
2020-09-28,ic_o_lowvol,低波,-0.146207423006887,-0.1728966478170658
2020-09-29,ic_o_lowvol,低波,-0.0967602453451321,-0.17855567113434107
2020-09-30,ic_o_lowvol,低波,-0.0982480960386774,-0.18304182280009815
2020-10-09,ic_o_lowvol,低波,0.0070624409462435,-0.18087958417177166
2020-10-12,ic_o_lowvol,低波,0.0271636572337384,-0.1745630324444837
2020-10-13,ic_o_lowvol,低波,0.0477339454438691,-0.1602332400994242
2020-10-14,ic_o_lowvol,低波,0.0537930592708207,-0.1465274511510658
2020-10-15,ic_o_lowvol,低波,0.0543052367479848,-0.12155601037809831
2020-10-16,ic_o_lowvol,低波,-0.0058666837489959,-0.10660723806616645
2020-10-19,ic_o_lowvol,低波,-0.0676454220432754,-0.09689188319059747
2020-10-20,ic_o_lowvol,低波,0.0151016922009288,-0.0822162583489661
2020-10-21,ic_o_lowvol,低波,-0.0735957080579611,-0.07497814485686602
2020-10-22,ic_o_lowvol,低波,-0.1256339080766561,-0.07021062230308393
2020-10-23,ic_o_lowvol,低波,-0.149821171195217,-0.07139875780870601
2020-10-26,ic_o_lowvol,低波,-0.139614583889393,-0.07123060535047722
2020-10-27,ic_o_lowvol,低波,-0.1802701115678215,-0.07049340362090908
2020-10-28,ic_o_lowvol,低波,-0.0815192441146639,-0.06523423530830566
2020-10-29,ic_o_lowvol,低波,-0.0580579725617893,-0.06267591576525329
2020-10-30,ic_o_lowvol,低波,-0.0815352586344952,-0.062450505657187426
2020-11-02,ic_o_lowvol,低波,-0.0475417712058933,-0.05735787838216365
2020-11-03,ic_o_lowvol,低波,-0.0942507873805583,-0.05476004660084721
2020-11-04,ic_o_lowvol,低波,0.0140233811989537,-0.049220865273642916
2020-11-05,ic_o_lowvol,低波,0.0017215631793683,-0.04422238231274063
2020-11-06,ic_o_lowvol,低波,-0.0145251694870015,-0.04530176283440289
2020-11-09,ic_o_lowvol,低波,0.002626384757362,-0.04652862645822171
2020-11-10,ic_o_lowvol,低波,0.0019537818490741,-0.04881763463796145
2020-11-11,ic_o_lowvol,低波,-0.0259141967573453,-0.05280299743936976
2020-11-12,ic_o_lowvol,低波,0.029650923038145,-0.05403571312486174
2020-11-13,ic_o_lowvol,低波,-0.0864998752201101,-0.058067372698417455
2020-11-16,ic_o_lowvol,低波,-0.1609192334383174,-0.06273106326816955
2020-11-17,ic_o_lowvol,低波,-0.1652567197683633,-0.07174898386663417
2020-11-18,ic_o_lowvol,低波,-0.1190893076389259,-0.0740236638456824
2020-11-19,ic_o_lowvol,低波,-0.0686329854174868,-0.07117361771272393
2020-11-20,ic_o_lowvol,低波,-0.0146639619922062,-0.0644157572525734
2020-11-23,ic_o_lowvol,低波,-0.0664015373939038,-0.06075510492779893
2020-11-24,ic_o_lowvol,低波,-0.0316873965728927,-0.05332596917805249
2020-11-25,ic_o_lowvol,低波,-0.1403274172950287,-0.05626637783707074
2020-11-26,ic_o_lowvol,低波,-0.2181124219292158,-0.06426910030544206
2020-11-27,ic_o_lowvol,低波,-0.2041637751561415,-0.07040052613152438
2020-11-30,ic_o_lowvol,低波,-0.3149415470026157,-0.08377051492136049
2020-12-01,ic_o_lowvol,低波,-0.2992740084343137,-0.09402167597404826
2020-12-02,ic_o_lowvol,低波,-0.2937470173221034,-0.1094101959001011
2020-12-03,ic_o_lowvol,低波,-0.2758960931756329,-0.12329107871785117
2020-12-04,ic_o_lowvol,低波,-0.229037417291148,-0.13401669110805853
2020-12-07,ic_o_lowvol,低波,-0.1908526911815919,-0.14369064490500622
2020-12-08,ic_o_lowvol,低波,-0.2055020016222015,-0.15406343407856998
2020-12-09,ic_o_lowvol,低波,-0.2645454215008211,-0.16599499531574377
2020-12-10,ic_o_lowvol,低波,-0.2710305697982983,-0.18102906995756593
2020-12-11,ic_o_lowvol,低波,-0.2295775904514227,-0.18818295571913154
2020-12-14,ic_o_lowvol,低波,-0.242200640404995,-0.19224702606746544
2020-12-15,ic_o_lowvol,低波,-0.2173841207318725,-0.1948533961156409
2020-12-16,ic_o_lowvol,低波,-0.2277738545822117,-0.20028762346280518
2020-12-17,ic_o_lowvol,低波,-0.2166608969315499,-0.20768901903850834
2020-12-18,ic_o_lowvol,低波,-0.2167553107789142,-0.21779358647784375
2020-12-21,ic_o_lowvol,低波,-0.1868387096774193,-0.2238154450920195
2020-12-22,ic_o_lowvol,低波,-0.3473674272226593,-0.23959944662450786
2020-12-23,ic_o_lowvol,低波,-0.2562769472856018,-0.24539692312403655
2020-12-24,ic_o_lowvol,低波,-0.1843081716698945,-0.24370671061107047
2020-12-25,ic_o_lowvol,低波,-0.1660018347788597,-0.24179861359220634
2020-12-28,ic_o_lowvol,低波,-0.056701898822885,-0.22888663118321984
2020-12-29,ic_o_lowvol,低波,-0.1133817677133861,-0.2195920191471734
2020-12-30,ic_o_lowvol,低波,-0.0009063786396946,-0.204949987213053
2020-12-31,ic_o_lowvol,低波,0.0849170198069707,-0.1869093315639228
2021-01-04,ic_o_lowvol,低波,0.142671794201654,-0.16832387098928273
2021-01-05,ic_o_lowvol,低波,0.0378217932682435,-0.15689014676679094
2021-01-06,ic_o_lowvol,低波,0.0499327944443407,-0.14411840696346384
2021-01-07,ic_o_lowvol,低波,0.0139078163794873,-0.13019574506944842
2021-01-08,ic_o_lowvol,低波,0.0978074187466163,-0.11175384564220267
2021-01-11,ic_o_lowvol,低波,0.1730169694028039,-0.09162411764949137
2021-01-12,ic_o_lowvol,低波,0.1307521421770866,-0.07297647852038727
2021-01-13,ic_o_lowvol,低波,0.0616610973173782,-0.05902421761792474
2021-01-14,ic_o_lowvol,低波,-0.0572040622024754,-0.05049572799893792
2021-01-15,ic_o_lowvol,低波,0.0462038734247535,-0.037352489481122755
2021-01-18,ic_o_lowvol,低波,-0.0018481527806298,-0.02660713158120854
2021-01-19,ic_o_lowvol,低波,0.0130467604200907,-0.01661285807633304
2021-01-20,ic_o_lowvol,低波,0.0225231952508074,0.0018816730473402948
2021-01-21,ic_o_lowvol,低波,0.0183695185468665,0.015613996338963713
2021-01-22,ic_o_lowvol,低波,0.0436089383389026,0.027009851839403565
2021-01-25,ic_o_lowvol,低波,0.0336867847742079,0.036994282817056946
2021-01-26,ic_o_lowvol,低波,0.0274095991935333,0.04119985771787786
2021-01-27,ic_o_lowvol,低波,0.0129277353594563,0.04751533287151998
2021-01-28,ic_o_lowvol,低波,0.028137659379842,0.04896753477249681
2021-01-29,ic_o_lowvol,低波,0.0258228013515783,0.04601282384972719
2021-02-01,ic_o_lowvol,低波,0.0487193608004928,0.04131520217966913
2021-02-02,ic_o_lowvol,低波,0.075699591166203,0.04320909207456711
2021-02-03,ic_o_lowvol,低波,0.0896098456254525,0.045192944633622695
2021-02-04,ic_o_lowvol,低波,0.0737720984934754,0.0481861587393221
2021-02-05,ic_o_lowvol,低波,0.0473845837922601,0.04566501699160429
2021-02-08,ic_o_lowvol,低波,0.1059887617376369,0.04231360660834595
2021-02-09,ic_o_lowvol,低波,0.1035665615024175,0.04095432757461249
2021-02-10,ic_o_lowvol,低波,0.0874092258293352,0.04224173400021034
2021-02-18,ic_o_lowvol,低波,0.1876061754438366,0.05448224588252594
2021-02-19,ic_o_lowvol,低波,0.308940566184342,0.06761908052050536
2021-02-22,ic_o_lowvol,低波,0.3107696902943976,0.08324997267425674
2021-02-23,ic_o_lowvol,低波,0.2974479360521748,0.09747003145586093
2021-02-24,ic_o_lowvol,低波,0.3069290642200926,0.1116903249043252
2021-02-25,ic_o_lowvol,低波,0.310125637052663,0.126278130829615
2021-02-26,ic_o_lowvol,低波,0.2091026191498496,0.13455281487016238
2021-03-01,ic_o_lowvol,低波,0.2067224223869173,0.14320459675079783
2021-03-02,ic_o_lowvol,低波,0.1465687830193962,0.149162555942091
2021-03-03,ic_o_lowvol,低波,0.1577090372804151,0.15640162103813893
2021-03-04,ic_o_lowvol,低波,0.1094283794126981,0.16046615703978173
2021-03-05,ic_o_lowvol,低波,0.0636633371098043,0.16235818382769301
2021-03-08,ic_o_lowvol,低波,-0.0461991524632702,0.1576122581645049
2021-03-09,ic_o_lowvol,低波,0.0260701551328243,0.15513078636283595
2021-03-10,ic_o_lowvol,低波,0.106103228320713,0.15595545549759898
2021-03-11,ic_o_lowvol,低波,0.2281628614632142,0.1636749936460859
2021-03-12,ic_o_lowvol,低波,0.2928482087852596,0.1759481748957359
2021-03-15,ic_o_lowvol,低波,0.227930572605823,0.18204526543914518
2021-03-16,ic_o_lowvol,低波,0.1947560998375865,0.18660474235590363
2021-03-17,ic_o_lowvol,低波,0.1134840480146358,0.18790848346516867
2021-03-18,ic_o_lowvol,低波,0.1938973621819403,0.18822304280207386
2021-03-19,ic_o_lowvol,低波,0.1057740773237254,0.17806471835904303
2021-03-22,ic_o_lowvol,低波,0.0283803461086116,0.16394525114975372
2021-03-23,ic_o_lowvol,低波,-0.0409487184273899,0.1470254184257755
2021-03-24,ic_o_lowvol,低波,-0.2012666380420781,0.12161563331266693
2021-03-25,ic_o_lowvol,低波,-0.2186654096738663,0.09517608097634049
2021-03-26,ic_o_lowvol,低波,-0.181716355218698,0.0756351322579131
2021-03-29,ic_o_lowvol,低波,-0.14935501334777,0.05783126047117874
2021-03-30,ic_o_lowvol,低波,-0.1810489667145817,0.04145037298447986
2021-03-31,ic_o_lowvol,低波,-0.1231355125357029,0.02740814549367395
2021-04-01,ic_o_lowvol,低波,-0.0468665956496338,0.019593396740557354
2021-04-02,ic_o_lowvol,低波,-0.0995833484041089,0.011431062464861695
2021-04-06,ic_o_lowvol,低波,-0.1567476244702895,0.00590363886451073
2021-04-07,ic_o_lowvol,低波,-0.1862062769596785,-0.004710182740114412
2021-04-08,ic_o_lowvol,低波,-0.1502162597965485,-0.017526157145977488
2021-04-09,ic_o_lowvol,低波,-0.1743564134635129,-0.037652120892313845
2021-04-12,ic_o_lowvol,低波,-0.1408049732111188,-0.059334779992132755
2021-04-13,ic_o_lowvol,低波,-0.1080702671420837,-0.0761348219795281
2021-04-14,ic_o_lowvol,低波,-0.1673465006440532,-0.09423995200361009
2021-04-15,ic_o_lowvol,低波,-0.1821783934138555,-0.10902307407503464
2021-04-16,ic_o_lowvol,低波,-0.1986530886553288,-0.1286505966168981
2021-04-19,ic_o_lowvol,低波,-0.079591912931469,-0.13791889612965783
2021-04-20,ic_o_lowvol,低波,-0.0459424645770717,-0.14163503666394198
2021-04-21,ic_o_lowvol,低波,-0.0111215860511135,-0.14014368004512817
2021-04-22,ic_o_lowvol,低波,-0.0053881749515371,-0.1303497568906011
2021-04-23,ic_o_lowvol,低波,-0.0117329836151343,-0.12000313558766451
2021-04-26,ic_o_lowvol,低波,0.027143577202382,-0.10956013896661052
2021-04-27,ic_o_lowvol,低波,0.1024604700655254,-0.09696936479594574
2021-04-28,ic_o_lowvol,低波,0.0957259133421696,-0.08313062079310819
2021-04-29,ic_o_lowvol,低波,0.0235172774282674,-0.07579798129490967
2021-04-30,ic_o_lowvol,低波,-0.1021104411298,-0.07856017356891798
2021-05-06,ic_o_lowvol,低波,0.0081393395187335,-0.07317403917277586
2021-05-07,ic_o_lowvol,低波,-0.0191302704210166,-0.0662931714703122
2021-05-10,ic_o_lowvol,低波,-0.0177254653051318,-0.057869130887584885
2021-05-11,ic_o_lowvol,低波,-0.0411634028413015,-0.05241648803982253
2021-05-12,ic_o_lowvol,低波,0.0084871904966366,-0.04327430784181505
2021-05-13,ic_o_lowvol,低波,-0.0312319151716541,-0.03779565493984182
2021-05-14,ic_o_lowvol,低波,-0.0933643847891425,-0.03706036082219476
2021-05-17,ic_o_lowvol,低波,-0.0276429518173502,-0.030075183380859606
2021-05-18,ic_o_lowvol,低波,0.0066458827263053,-0.02063396957385157
2021-05-19,ic_o_lowvol,低波,0.0223365131517538,-0.009584489483497438
2021-05-20,ic_o_lowvol,低波,-0.0389558870199936,-0.007552688187923669
2021-05-21,ic_o_lowvol,低波,-0.0047277241585304,-0.005491951166996603
2021-05-24,ic_o_lowvol,低波,-0.1095030522523195,-0.010411024477056904
2021-05-25,ic_o_lowvol,低波,-0.1350178281404596,-0.01689250713650303
2021-05-26,ic_o_lowvol,低波,-0.1002436201392648,-0.021318038962709555
2021-05-27,ic_o_lowvol,低波,-0.1838050756589678,-0.031865471605777046
2021-05-28,ic_o_lowvol,低波,-0.0817061830350667,-0.04107380426080665
2021-05-31,ic_o_lowvol,低波,0.0059248300315883,-0.045563858426335715
2021-06-01,ic_o_lowvol,低波,0.024119327197715,-0.04553375593786334
2021-06-02,ic_o_lowvol,低波,0.1264658648740878,-0.03410494063766894
2021-06-03,ic_o_lowvol,低波,-0.0327968003121646,-0.036151747629213846
2021-06-04,ic_o_lowvol,低波,-0.0688908399180567,-0.038639776104065854
2021-06-07,ic_o_lowvol,低波,-0.0623012389035216,-0.040868564783985345
2021-06-08,ic_o_lowvol,低波,-0.087791434981953,-0.04319996639101792
2021-06-09,ic_o_lowvol,低波,-0.0290215588723051,-0.045075403859465006
2021-06-10,ic_o_lowvol,低波,-0.002765620518959,-0.043652089126830246
2021-06-11,ic_o_lowvol,低波,-0.1752368174627198,-0.04774571076050912
2021-06-15,ic_o_lowvol,低波,-0.2380403745682614,-0.058265581898054676
2021-06-16,ic_o_lowvol,低波,-0.2486639484282846,-0.07103107345578416
2021-06-17,ic_o_lowvol,低波,-0.2982156884749187,-0.08705868353711779
2021-06-18,ic_o_lowvol,低波,-0.281746655195202,-0.09919822194587821
2021-06-21,ic_o_lowvol,低波,-0.2388683150662726,-0.11090525149126533
2021-06-22,ic_o_lowvol,低波,-0.1723637451838551,-0.1140482861378421
2021-06-23,ic_o_lowvol,低波,-0.2543797304205788,-0.12001638125184806
2021-06-24,ic_o_lowvol,低波,-0.3143256150326064,-0.13072048099651515
2021-06-25,ic_o_lowvol,低波,-0.2518388449907326,-0.13412216946310337
2021-06-28,ic_o_lowvol,低波,-0.2077531554888329,-0.14042451808579168
2021-06-29,ic_o_lowvol,低波,-0.1297824602477807,-0.14720988259976014
2021-06-30,ic_o_lowvol,低波,-0.0668319949614233,-0.15175744870771707
2021-07-01,ic_o_lowvol,低波,-0.2336561171469059,-0.16976354780876673
2021-07-02,ic_o_lowvol,低波,-0.1169658321524169,-0.17397199940077937
2021-07-05,ic_o_lowvol,低波,-0.1131947724767753,-0.1761871960287153
2021-07-06,ic_o_lowvol,低波,-0.1105180286569044,-0.17859803551638442
2021-07-07,ic_o_lowvol,低波,-0.1620374744134781,-0.1823103374879607
2021-07-08,ic_o_lowvol,低波,-0.1047591961494722,-0.18609721935181905
2021-07-09,ic_o_lowvol,低波,-0.0538439358407754,-0.18865113511790985
2021-07-12,ic_o_lowvol,低波,-0.0274759880333805,-0.1812630936464429
2021-07-13,ic_o_lowvol,低波,-0.029141080144859,-0.17081812892527276
2021-07-14,ic_o_lowvol,低波,-0.1405133049913399,-0.16541059675342557
2021-07-15,ic_o_lowvol,低波,-0.1755865218075893,-0.15927913842005909
2021-07-16,ic_o_lowvol,低波,-0.1970910092898755,-0.15504635612479273
2021-07-19,ic_o_lowvol,低波,-0.2055564139077655,-0.15338076106686738
2021-07-20,ic_o_lowvol,低波,-0.1664816564320579,-0.15308665662927753
2021-07-21,ic_o_lowvol,低波,-0.1039561722132571,-0.14556547871891143
2021-07-22,ic_o_lowvol,低波,0.0770036214769327,-0.12599901689343448
2021-07-23,ic_o_lowvol,低波,0.114210360573138,-0.10769655661524095
2021-07-26,ic_o_lowvol,低波,0.0162336639899228,-0.09649721564130317
2021-07-27,ic_o_lowvol,低波,-0.1871312595450526,-0.09936465560616677
2021-07-28,ic_o_lowvol,低波,-0.1470701712081022,-0.10337656441850071
2021-07-29,ic_o_lowvol,低波,-0.0538723312759809,-0.09438737512495446
2021-07-30,ic_o_lowvol,低波,-0.1504662004662004,-0.09606239354064364
2021-08-02,ic_o_lowvol,低波,-0.0901776384535005,-0.09491153683947989
2021-08-03,ic_o_lowvol,低波,-0.1133027891648581,-0.09505077486487758
2021-08-04,ic_o_lowvol,低波,0.001413163281373,-0.08687824298013502
2021-08-05,ic_o_lowvol,低波,0.0112501968193985,-0.0810777733316915
2021-08-06,ic_o_lowvol,低波,0.1168123130215714,-0.07254496088857416
2021-08-09,ic_o_lowvol,低波,0.1477129585891985,-0.0637855135574452
2021-08-10,ic_o_lowvol,低波,0.1045544008817509,-0.0571007395061147
2021-08-11,ic_o_lowvol,低波,0.1961974492205951,-0.04026520179551796
2021-08-12,ic_o_lowvol,低波,0.2391513147535821,-0.01952830996745939
2021-08-13,ic_o_lowvol,低波,0.2165133606060729,0.0011519085273380316
2021-08-16,ic_o_lowvol,低波,0.1963588411273815,0.02124767127909538
2021-08-17,ic_o_lowvol,低波,0.1999291450165328,0.03956821135152492
2021-08-18,ic_o_lowvol,低波,0.1392733427806644,0.051729687101220986
2021-08-19,ic_o_lowvol,低波,0.1144622894032435,0.053602620497536536
2021-08-20,ic_o_lowvol,低波,0.1228231774523696,0.05403326134149811
2021-08-23,ic_o_lowvol,低波,0.1830894574570417,0.062376051014854064
2021-08-24,ic_o_lowvol,低波,0.2357857030388915,0.08352189914405125
2021-08-25,ic_o_lowvol,低波,0.2784089119823649,0.10479585330357462
2021-08-26,ic_o_lowvol,低波,0.3056880806172256,0.12277387389823494
2021-08-27,ic_o_lowvol,低波,0.3276413163281372,0.14667924973795182
2021-08-30,ic_o_lowvol,低波,0.2695677846008502,0.16466652089066935
2021-08-31,ic_o_lowvol,低波,0.2659485375813538,0.18362908722797994
2021-09-01,ic_o_lowvol,低波,0.3626318689970083,0.20169002251376172
2021-09-02,ic_o_lowvol,低波,0.3662572823177452,0.21944037678867906
2021-09-03,ic_o_lowvol,低波,0.3996835140959206,0.23358393684239648
2021-09-06,ic_o_lowvol,低波,0.3632498819083608,0.2443607830083546
2021-09-07,ic_o_lowvol,低波,0.372401983939537,0.25775316216124394
2021-09-08,ic_o_lowvol,低波,0.2071171932739875,0.2582991493639135
2021-09-09,ic_o_lowvol,低波,0.1858919855140922,0.255636182901939
2021-09-10,ic_o_lowvol,低波,0.2240316485592819,0.2560120972995995
2021-09-13,ic_o_lowvol,低波,0.125948669500866,0.25249158871827376
2021-09-14,ic_o_lowvol,低波,0.1946976854038734,0.25223001573764076
2021-09-15,ic_o_lowvol,低波,0.1562785388127853,0.25308027553924684
2021-09-16,ic_o_lowvol,低波,0.019150527475988,0.24831468744288404
2021-09-17,ic_o_lowvol,低波,0.0196583215241694,0.243156444646474
2021-09-22,ic_o_lowvol,低波,0.002712173980648,0.23413758047265434
2021-09-23,ic_o_lowvol,低波,0.0562313021571406,0.2251598604285668
2021-09-24,ic_o_lowvol,低波,0.1197716872566977,0.21722799919228347
2021-09-27,ic_o_lowvol,低波,0.1739804755156668,0.21064261893720548
2021-09-28,ic_o_lowvol,低波,0.2182923948984411,0.20517517286572068
2021-09-29,ic_o_lowvol,低波,0.2167414580381042,0.20253385653758338
2021-09-30,ic_o_lowvol,低波,0.2780310187372067,0.20313798059537605
2021-10-08,ic_o_lowvol,低波,0.2654621319477247,0.19827949374291184
2021-10-11,ic_o_lowvol,低波,0.2360415682569673,0.19176870803987295
2021-10-12,ic_o_lowvol,低波,0.2252834199338686,0.18304870333177037
2021-10-13,ic_o_lowvol,低波,0.1555030703826169,0.17266136275548316
2021-10-14,ic_o_lowvol,低波,0.1712861865122331,0.16260557288411798
2021-10-15,ic_o_lowvol,低波,0.128774996063612,0.1586884630235992
2021-10-18,ic_o_lowvol,低波,0.3073531727287041,0.16476152238432978
2021-10-19,ic_o_lowvol,低波,0.3103203267384435,0.16907595629328787
2021-10-20,ic_o_lowvol,低波,0.3136356479294599,0.1784603052147176
2021-10-21,ic_o_lowvol,低波,0.2613367973547472,0.18179226081226124
2021-10-22,ic_o_lowvol,低波,0.1741458038104235,0.18268562406214317
2021-10-25,ic_o_lowvol,低波,0.2696386395843174,0.19521002966755965
2021-10-26,ic_o_lowvol,低波,0.2554361517871201,0.20699892118070715
2021-10-27,ic_o_lowvol,低波,0.2356250123470943,0.21864456309902952
2021-10-28,ic_o_lowvol,低波,0.1550149582742875,0.22358374590488683
2021-10-29,ic_o_lowvol,低波,0.1589515026684585,0.2255427366754749
2021-11-01,ic_o_lowvol,低波,0.124338686820973,0.2230606472407402
2021-11-02,ic_o_lowvol,低波,0.1343018169401305,0.21886111834282468
2021-11-03,ic_o_lowvol,低波,0.1262116813523695,0.21433462950853793
2021-11-04,ic_o_lowvol,低波,0.0334672034593173,0.20210643874464346
2021-11-05,ic_o_lowvol,低波,-0.1483685131953493,0.18141490648748976
2021-11-08,ic_o_lowvol,低波,-0.145733098855663,0.1623261731318582
2021-11-09,ic_o_lowvol,低波,-0.1621713116044717,0.14295343655494122
2021-11-10,ic_o_lowvol,低波,-0.1783065658951346,0.12626295474105362
2021-11-11,ic_o_lowvol,低波,-0.2041064560969052,0.10749332261059671
2021-11-12,ic_o_lowvol,低波,-0.2112029601637537,0.09049442479922844
2021-11-15,ic_o_lowvol,低波,-0.1728465285720661,0.06648443973418992
2021-11-16,ic_o_lowvol,低波,-0.1876089891724076,0.04158797393864737
2021-11-17,ic_o_lowvol,低波,-0.2185405698083485,0.014979163051756955
2021-11-18,ic_o_lowvol,低波,-0.2650380453415485,-0.01133957908305783
2021-11-19,ic_o_lowvol,低波,-0.1237482286254133,-0.02623428070484967
2021-11-22,ic_o_lowvol,低波,-0.0202116028271477,-0.04072679282542292
2021-11-23,ic_o_lowvol,低波,-0.0465792788537238,-0.05582756435746512
2021-11-24,ic_o_lowvol,低波,-0.0258876809633263,-0.06890319902298615
2021-11-25,ic_o_lowvol,低波,-0.0999115295933502,-0.08164952341636803
2021-11-26,ic_o_lowvol,低波,-0.0526964257597228,-0.0922319198377771
2021-11-29,ic_o_lowvol,低波,-0.0665460975805803,-0.10177615905785475
2021-11-30,ic_o_lowvol,低波,-0.0632807484132909,-0.11165528732552583
2021-12-01,ic_o_lowvol,低波,-0.0495739892291616,-0.12044457085460239
2021-12-02,ic_o_lowvol,低波,0.0191223220890586,-0.12116181492311533
2021-12-03,ic_o_lowvol,低波,-0.0504934082998212,-0.1162680596783389
2021-12-06,ic_o_lowvol,低波,0.0594334739489994,-0.1060097310381058
2021-12-07,ic_o_lowvol,低波,0.2192350652044988,-0.08693941219765727
2021-12-08,ic_o_lowvol,低波,0.1387054659455019,-0.07108881060562544
2021-12-09,ic_o_lowvol,低波,0.1304950538622084,-0.05435873510766977
2021-12-10,ic_o_lowvol,低波,0.054294821151279,-0.04108384604191813
2021-12-13,ic_o_lowvol,低波,0.1017680547704567,-0.027353116874791993
2021-12-14,ic_o_lowvol,低波,0.0210939295446337,-0.016917970938939927
2021-12-15,ic_o_lowvol,低波,0.1077144686299615,-0.000605219017024429
2021-12-16,ic_o_lowvol,低波,0.1834351094914475,0.021818438724625373
2021-12-17,ic_o_lowvol,低波,0.2051938671656981,0.03826554351418095
2021-12-20,ic_o_lowvol,低波,0.1057942882009639,0.04456583806558652
2021-12-21,ic_o_lowvol,低波,0.1613890804031648,0.054964256028430955
2021-12-22,ic_o_lowvol,低波,0.1801273843527364,0.0652650092942341
2021-12-23,ic_o_lowvol,低波,0.2312206572769952,0.08182161863775136
2021-12-24,ic_o_lowvol,低波,0.129013592041761,0.09090711952782556
2021-12-27,ic_o_lowvol,低波,0.1705388499078037,0.10276136690224476
2021-12-28,ic_o_lowvol,低波,0.1168313520135796,0.11176697192358827
2021-12-29,ic_o_lowvol,低波,0.1093888505860336,0.11971511391434804
2021-12-30,ic_o_lowvol,低波,0.2060269542663909,0.12906034552321463
2021-12-31,ic_o_lowvol,低波,0.1852732727807051,0.14084867957724095
2022-01-04,ic_o_lowvol,低波,0.1166765765211626,0.1437108347058491
2022-01-05,ic_o_lowvol,低波,0.0239715963066997,0.13394766126095917
2022-01-06,ic_o_lowvol,低波,0.0624081629863517,0.13013279611300166
2022-01-07,ic_o_lowvol,低波,0.0222527491303248,0.12472068087640746
2022-01-10,ic_o_lowvol,低波,0.0152167524381659,0.12276677744075185
2022-01-11,ic_o_lowvol,低波,-0.0353952665067421,0.11590861137689187
2022-01-12,ic_o_lowvol,低波,-0.0556387072082231,0.11207197953924904
2022-01-13,ic_o_lowvol,低波,-0.119507821530246,0.10071086503123865
2022-01-14,ic_o_lowvol,低波,-0.0594046549141137,0.08856887681096062
2022-01-17,ic_o_lowvol,低波,-0.0323983898195039,0.07668926396170052
2022-01-18,ic_o_lowvol,低波,-0.0022758493428741,0.0712857570845086
2022-01-19,ic_o_lowvol,低波,-0.0313245306069573,0.06165007653400251
2022-01-20,ic_o_lowvol,低波,-0.0953293830602997,0.0478772381633507
2022-01-21,ic_o_lowvol,低波,-0.2488881143255489,0.02387179958322349
2022-01-24,ic_o_lowvol,低波,-0.1725339839665388,0.008794420782808504
2022-01-25,ic_o_lowvol,低波,-0.2723178807947019,-0.013348415752316777
2022-01-26,ic_o_lowvol,低波,-0.2208094137671613,-0.03023045404135382
2022-01-27,ic_o_lowvol,低波,-0.1829905890554199,-0.044849426023426495
2022-01-28,ic_o_lowvol,低波,-0.2755042065623739,-0.06892598406486475
2022-02-07,ic_o_lowvol,低波,-0.1930133757521735,-0.08784031649150867
2022-02-08,ic_o_lowvol,低波,-0.2245402169232977,-0.10490115616373168
2022-02-09,ic_o_lowvol,低波,-0.2394015814760899,-0.11806981505287115
2022-02-10,ic_o_lowvol,低波,-0.302817815868069,-0.13633111399559222
2022-02-11,ic_o_lowvol,低波,-0.2384550195121617,-0.14936650242771654
2022-02-14,ic_o_lowvol,低波,-0.1530218221830384,-0.15777843115877674
2022-02-15,ic_o_lowvol,低波,-0.1046412290953328,-0.16124072928820626
2022-02-16,ic_o_lowvol,低波,-0.1030043945078903,-0.16360901365318964
2022-02-17,ic_o_lowvol,低波,-0.0945400118918253,-0.1623606231712686
2022-02-18,ic_o_lowvol,低波,-0.094775798085006,-0.16412918032981322
2022-02-21,ic_o_lowvol,低波,-0.1542964345026961,-0.1702240825639728
2022-02-22,ic_o_lowvol,低波,-0.1293748590408627,-0.17657903304887226
2022-02-23,ic_o_lowvol,低波,-0.1058645835469077,-0.18030603569586975
2022-02-24,ic_o_lowvol,低波,-0.0297705697824616,-0.17702809503197786
2022-02-25,ic_o_lowvol,低波,0.0557446401355941,-0.16179645730892073
2022-02-28,ic_o_lowvol,低波,0.0958829680355934,-0.1483756097088141
2022-03-01,ic_o_lowvol,低波,0.1262344603229929,-0.12844799265292936
2022-03-02,ic_o_lowvol,低波,0.0997990691571155,-0.11241756850671554
2022-03-03,ic_o_lowvol,低波,0.0910066361853211,-0.09871770724467847
2022-03-04,ic_o_lowvol,低波,0.1071767849698261,-0.07958365766806849
2022-03-07,ic_o_lowvol,低波,0.0957223600489341,-0.0651468708780131
2022-03-08,ic_o_lowvol,低波,0.0598760243030638,-0.05092605881669502
2022-03-09,ic_o_lowvol,低波,0.0011105871417929,-0.03890045038580088
2022-03-10,ic_o_lowvol,低波,0.0313903184138765,-0.02219004367170361
2022-03-11,ic_o_lowvol,低波,0.0111605560116601,-0.009709264895512517
2022-03-14,ic_o_lowvol,低波,-0.0194472351505956,-0.0030305355438903785
2022-03-15,ic_o_lowvol,低波,-0.1872005686206165,-0.007158502520154562
2022-03-16,ic_o_lowvol,低波,-0.1415400597325022,-0.009085285781385158
2022-03-17,ic_o_lowvol,低波,-0.0774745590114749,-0.008232013137367636
2022-03-18,ic_o_lowvol,低波,-0.0629890854912895,-0.006642677507681811
2022-03-21,ic_o_lowvol,低波,0.0360941129434047,0.002876849864623228
2022-03-22,ic_o_lowvol,低波,0.1232547748881105,0.015508331561071889
2022-03-23,ic_o_lowvol,低波,0.0524948912991477,0.02342630530337466
2022-03-24,ic_o_lowvol,低波,0.0785748945796512,0.0288435785214803
2022-03-25,ic_o_lowvol,低波,-0.0002597065316192,0.026043361188119635
2022-03-28,ic_o_lowvol,低波,-0.0542991682556605,0.01853425437355694
2022-03-29,ic_o_lowvol,低波,-0.0677629016053964,0.008834386277137472
2022-03-30,ic_o_lowvol,低波,-0.0635255845105557,0.0006681535937539118
2022-03-31,ic_o_lowvol,低波,-0.0478201737300008,-0.006273186902012183
2022-04-01,ic_o_lowvol,低波,0.0560897764473513,-0.008827537328135923
2022-04-06,ic_o_lowvol,低波,0.0366664616351943,-0.011780332248822913
2022-04-07,ic_o_lowvol,低波,0.0207560193823085,-0.013736332494860679
2022-04-08,ic_o_lowvol,低波,-0.0497664691530149,-0.016280185309601066
2022-04-11,ic_o_lowvol,低波,0.018517759142695,-0.016923813273160143
2022-04-12,ic_o_lowvol,低波,-0.0884232396339504,-0.021903003055440667
2022-04-13,ic_o_lowvol,低波,-0.1120018589520158,-0.026530734245511677
2022-04-14,ic_o_lowvol,低波,-0.1067431664491584,-0.022507864136938775
2022-04-15,ic_o_lowvol,低波,-0.1142332848092182,-0.021142525390774575
2022-04-18,ic_o_lowvol,低波,-0.1189969510085855,-0.023218644990630102
2022-04-19,ic_o_lowvol,低波,-0.1543618886205905,-0.027787285147095154
2022-04-20,ic_o_lowvol,低波,-0.1693320758069697,-0.03805859458461387
2022-04-21,ic_o_lowvol,低波,-0.2009271523178807,-0.05426769094491344
2022-04-22,ic_o_lowvol,低波,-0.1954409201812477,-0.0666644815189332
2022-04-25,ic_o_lowvol,低波,-0.2016103171836877,-0.08067374210710015
2022-04-26,ic_o_lowvol,低波,-0.1559272881904462,-0.0884571211900415
2022-04-27,ic_o_lowvol,低波,-0.1770547228999651,-0.09459489892225673
2022-04-28,ic_o_lowvol,低波,-0.1399495816919158,-0.09820423292658269
2022-04-29,ic_o_lowvol,低波,-0.1524169793396619,-0.10264880266803802
2022-05-05,ic_o_lowvol,低波,-0.1815811528075902,-0.10933685162191749
2022-05-06,ic_o_lowvol,低波,-0.2817234945564144,-0.1262275151721058
2022-05-09,ic_o_lowvol,低波,-0.2959022401696304,-0.14285595026234701
2022-05-10,ic_o_lowvol,低波,-0.3231351215133048,-0.16005050730712767
2022-05-11,ic_o_lowvol,低波,-0.2291807625803894,-0.1690212219784964
2022-05-12,ic_o_lowvol,低波,-0.2035586629214251,-0.1801250430817024
2022-05-13,ic_o_lowvol,低波,-0.2042359646946522,-0.1859156793347375
2022-05-16,ic_o_lowvol,低波,-0.1103616071733677,-0.1858336667458051
2022-05-17,ic_o_lowvol,低波,-0.0367553086065377,-0.18233427385367404
2022-05-18,ic_o_lowvol,低波,-0.0644482261360452,-0.1798450209200154
2022-05-19,ic_o_lowvol,低波,-0.0690477654986707,-0.17734756164451965
2022-05-20,ic_o_lowvol,低波,0.0066396025123189,-0.1692974870878742
2022-05-23,ic_o_lowvol,低波,0.047027385370321,-0.15847951402900967
2022-05-24,ic_o_lowvol,低波,0.0274537141451212,-0.14706047070585956
2022-05-25,ic_o_lowvol,低波,-0.0026073168898092,-0.13741879054128764
2022-05-26,ic_o_lowvol,低波,-0.0230455374900047,-0.12849055155660347
2022-05-27,ic_o_lowvol,低波,-0.0308469850121993,-0.12223653639769112
2022-05-30,ic_o_lowvol,低波,-0.0393216192018808,-0.11534988121278693
2022-05-31,ic_o_lowvol,低波,-0.036293987793793,-0.11016710151788078
2022-06-01,ic_o_lowvol,低波,-6.150944169930083e-05,-0.10254932802298264
2022-06-02,ic_o_lowvol,低波,0.0125001111160496,-0.09284526482680065
2022-06-06,ic_o_lowvol,低波,0.0517800791146273,-0.07617008614324858
2022-06-07,ic_o_lowvol,低波,0.0447966576292279,-0.059135141253305656
2022-06-08,ic_o_lowvol,低波,0.0451558248418551,-0.040720593935547666
2022-06-09,ic_o_lowvol,低波,-0.04445530912485,-0.03148432126277069
2022-06-10,ic_o_lowvol,低波,-0.0319889772878794,-0.022905836981093407
2022-06-13,ic_o_lowvol,低波,0.0711338281701409,-0.009137347337853756
2022-06-14,ic_o_lowvol,低波,0.0581234721543179,-0.0007130933714694761
2022-06-15,ic_o_lowvol,低波,0.048491044046402,0.003549224261177509
2022-06-16,ic_o_lowvol,低波,0.0621414285079336,0.00987870699337645
2022-06-17,ic_o_lowvol,低波,0.0976416729632428,0.018213178916472124
2022-06-20,ic_o_lowvol,低波,0.1002586781634739,0.022894132699029877
2022-06-21,ic_o_lowvol,低波,0.1290654065207021,0.02699603375654893
2022-06-22,ic_o_lowvol,低波,0.1792630783590381,0.034586501967244776
2022-06-23,ic_o_lowvol,低波,0.2559918218587492,0.047516458904672695
2022-06-24,ic_o_lowvol,低波,0.2304691145999529,0.060192191509170566
2022-06-27,ic_o_lowvol,低波,0.2966940752922352,0.0765692445243923
2022-06-28,ic_o_lowvol,低波,0.2071078714609538,0.08889071905753403
2022-06-29,ic_o_lowvol,低波,0.1465896262056091,0.09803489975750414
2022-06-30,ic_o_lowvol,低波,0.0952600717548323,0.1028009788173307
2022-07-01,ic_o_lowvol,低波,0.0609599974711953,0.105223973135088
2022-07-04,ic_o_lowvol,低波,0.0492737589100851,0.10509865712486091
2022-07-05,ic_o_lowvol,低波,0.1297782554408812,0.10934773701544354
2022-07-06,ic_o_lowvol,低波,0.1247238071154241,0.11332613612912198
2022-07-07,ic_o_lowvol,低波,0.2125460321474293,0.12617620319273598
2022-07-08,ic_o_lowvol,低波,0.2372763487825722,0.13963946949625855
2022-07-11,ic_o_lowvol,低波,0.1189802595185788,0.1420317910636804
2022-07-12,ic_o_lowvol,低波,0.0910875440565187,0.1436799946587905
2022-07-13,ic_o_lowvol,低波,0.094501430355139,0.14598051397422734
2022-07-14,ic_o_lowvol,低波,0.0674937965260545,0.14624813237513337
2022-07-15,ic_o_lowvol,低波,0.1007918319609299,0.14640564032501774
2022-07-18,ic_o_lowvol,低波,0.1332728527073267,0.14805634905221038
2022-07-19,ic_o_lowvol,低波,0.1296996402770472,0.14808806074002762
2022-07-20,ic_o_lowvol,低波,0.1120485279154905,0.14472733321785025
2022-07-21,ic_o_lowvol,低波,0.1367487055647032,0.13876517740314792
2022-07-22,ic_o_lowvol,低波,0.1683362045802974,0.13565853190216517
2022-07-25,ic_o_lowvol,低波,-0.0065274822015495,0.12049745402747594
2022-07-26,ic_o_lowvol,低波,0.0723080084082755,0.11375746087484202
2022-07-27,ic_o_lowvol,低波,0.2149894896556084,0.11717745404734199
2022-07-28,ic_o_lowvol,低波,0.1522846169651182,0.1200286813078563
2022-07-29,ic_o_lowvol,低波,0.1723607098385745,0.12559871692622523
2022-08-01,ic_o_lowvol,低波,0.1923125857918017,0.13275065827031107
2022-08-02,ic_o_lowvol,低波,0.1081222044854672,0.1316678557225404
2022-08-03,ic_o_lowvol,低波,0.1724170631094814,0.13405251852224326
2022-08-04,ic_o_lowvol,低波,0.2076780831660634,0.13380912107317494
2022-08-05,ic_o_lowvol,低波,0.2248251369705124,0.13318656048257196
2022-08-08,ic_o_lowvol,低波,0.2071059411104613,0.13759284456216608
2022-08-09,ic_o_lowvol,低波,0.1635946958322137,0.14121820215095082
2022-08-10,ic_o_lowvol,低波,0.1356924973526576,0.14327775550082678
2022-08-11,ic_o_lowvol,低波,0.1719365902230089,0.14849989518567447
2022-08-12,ic_o_lowvol,低波,0.1604622658582362,0.1514834168805398
2022-08-15,ic_o_lowvol,低波,0.1877591532923673,0.1542077319097918
2022-08-16,ic_o_lowvol,低波,0.1835412228082783,0.15689981103635336
2022-08-17,ic_o_lowvol,低波,0.2133608327156714,0.16196542627636243
2022-08-18,ic_o_lowvol,低波,0.1671038638780574,0.16348318419203012
2022-08-19,ic_o_lowvol,低波,0.1919435403306371,0.16466355097954713
2022-08-22,ic_o_lowvol,低波,0.1717384929224635,0.17357684973574777
2022-08-23,ic_o_lowvol,低波,0.1868099642293191,0.17930194752679995
2022-08-24,ic_o_lowvol,低波,0.1919080919080919,0.17814787763942413
2022-08-25,ic_o_lowvol,低波,0.2355044175056502,0.18230886766645074
2022-08-26,ic_o_lowvol,低波,0.1580515406123272,0.1815934092051384
2022-08-29,ic_o_lowvol,低波,0.2328586556242196,0.18362071269675923
2022-08-30,ic_o_lowvol,低波,0.200466406779161,0.18823792281144394
2022-08-31,ic_o_lowvol,低波,0.1368179235494757,0.18645796583344365
2022-09-01,ic_o_lowvol,低波,0.2049532961388313,0.18632172648208206
2022-09-02,ic_o_lowvol,低波,0.158957500276588,0.18302834464738585
2022-09-05,ic_o_lowvol,低波,0.190991133378641,0.1822226042607948
2022-09-06,ic_o_lowvol,低波,0.2034897504385895,0.1842173569911136
2022-09-07,ic_o_lowvol,低波,0.2826634635140901,0.1915659052991852
2022-09-08,ic_o_lowvol,低波,0.2003831151188753,0.19298823154397854
2022-09-09,ic_o_lowvol,低波,0.2132321389200606,0.19562672519706978
2022-09-13,ic_o_lowvol,低波,0.1389578163771712,0.19318665835130996
2022-09-14,ic_o_lowvol,低波,0.1590649744748778,0.19196284593463994
2022-09-15,ic_o_lowvol,低波,0.0795309067345229,0.1852713496355825
2022-09-16,ic_o_lowvol,低波,-5.373714161081921e-05,0.1769134695845991
2022-09-19,ic_o_lowvol,低波,0.057770542586651,0.1702048196973998
2022-09-20,ic_o_lowvol,低波,0.0421520127704635,0.16372549568979983
2022-09-21,ic_o_lowvol,低波,0.0462550348935951,0.1566977492230136
2022-09-22,ic_o_lowvol,低波,0.0866336868391522,0.15143402896956662
2022-09-23,ic_o_lowvol,低波,0.064004046087465,0.14285901039865737
2022-09-26,ic_o_lowvol,低波,0.0367799124242757,0.13679542898925476
2022-09-27,ic_o_lowvol,低波,0.02120402712143,0.1262126975641153
2022-09-28,ic_o_lowvol,低波,0.0001928213557554,0.11619901829294503
2022-09-29,ic_o_lowvol,低波,-0.0059964280634097,0.10905830071230076
2022-09-30,ic_o_lowvol,低波,-0.032258064516129,0.09719773267955274
2022-10-10,ic_o_lowvol,低波,-0.0181346904585038,0.08834312314279816
2022-10-11,ic_o_lowvol,低波,-0.0099729734001359,0.0782949178038593
2022-10-12,ic_o_lowvol,低波,-0.0337848303330119,0.06643118876527923
2022-10-13,ic_o_lowvol,低波,0.0002038850372881,0.05230820984143912
2022-10-14,ic_o_lowvol,低波,-0.0114365191003777,0.041717228130476486
2022-10-17,ic_o_lowvol,低波,0.0027880159568218,0.031195021982314546
2022-10-18,ic_o_lowvol,低波,-0.0112436977446223,0.023684946276224868
2022-10-19,ic_o_lowvol,低波,0.0315374548766566,0.01730857029631381
2022-10-20,ic_o_lowvol,低波,0.0284964675759826,0.014756848338386794
2022-10-21,ic_o_lowvol,低波,0.099510122734082,0.019735041332171434
2022-10-24,ic_o_lowvol,低波,0.0632169556352831,0.02000736198460304
2022-10-25,ic_o_lowvol,低波,0.072055127941711,0.021502517743165417
2022-10-26,ic_o_lowvol,低波,0.0168380007089684,0.020031666033934078
2022-10-27,ic_o_lowvol,低波,-0.0263185553559812,0.014384053924177412
2022-10-28,ic_o_lowvol,低波,0.0048015678588927,0.011423930012748796
2022-10-31,ic_o_lowvol,低波,-0.0411721009625262,0.0075263293434087
2022-11-01,ic_o_lowvol,低波,0.0214474245704983,0.007538499215862115
2022-11-02,ic_o_lowvol,低波,0.0317870746471527,0.00911821188043198
2022-11-03,ic_o_lowvol,低波,0.0285628486984558,0.010846175718525254
2022-11-04,ic_o_lowvol,低波,0.1156864914415767,0.018243403516410538
2022-11-07,ic_o_lowvol,低波,0.1182943212530227,0.025064854101986868
2022-11-08,ic_o_lowvol,低波,0.093142197847355,0.030220612664361414
2022-11-09,ic_o_lowvol,低波,0.0649744748779061,0.03515857792490731
2022-11-10,ic_o_lowvol,低波,0.0212672472380711,0.03621174603494646
2022-11-11,ic_o_lowvol,低波,-0.0435713043890565,0.03460500677051252
2022-11-14,ic_o_lowvol,低波,-0.0962305005452734,0.02965408094540776
2022-11-15,ic_o_lowvol,低波,-0.045695500308198,0.027931490817228972
2022-11-16,ic_o_lowvol,低波,-0.0229330973115645,0.02520796320781792
2022-11-17,ic_o_lowvol,低波,-0.0578259058857365,0.020891844534731963
2022-11-18,ic_o_lowvol,低波,-0.0682081838440991,0.012505929205822908
2022-11-21,ic_o_lowvol,低波,-0.0525169508937743,0.00671923387937004
2022-11-22,ic_o_lowvol,低波,-0.1030835611891703,-0.002037700577174026
2022-11-23,ic_o_lowvol,低波,-0.0906909094932475,-0.00741414608728482
2022-11-24,ic_o_lowvol,低波,-0.0322833525627854,-0.007712385947625031
2022-11-25,ic_o_lowvol,低波,-0.0024086902509714,-0.008072898853118236
2022-11-28,ic_o_lowvol,低波,-0.1376938492960975,-0.0128989862697968
2022-11-29,ic_o_lowvol,低波,0.0107031657473408,-0.013436199210954675
2022-11-30,ic_o_lowvol,低波,0.042464952347837,-0.01290230532592046
2022-12-01,ic_o_lowvol,低波,0.0553557091109563,-0.011562662305295436
2022-12-02,ic_o_lowvol,低波,0.0389091369040525,-0.015401530032171646
2022-12-05,ic_o_lowvol,低波,0.0828307399514829,-0.017174709097248636
2022-12-06,ic_o_lowvol,低波,0.0164331420405533,-0.021010161887588717
2022-12-07,ic_o_lowvol,低波,-0.0653002827925428,-0.027523899771111165
2022-12-08,ic_o_lowvol,低波,0.0070480404286479,-0.02823486011158232
2022-12-09,ic_o_lowvol,低波,0.1070188841086673,-0.020705350686696135
2022-12-12,ic_o_lowvol,低波,0.113247691421066,-0.010231441088379162
2022-12-13,ic_o_lowvol,低波,0.0465904064975272,-0.005617145748092903
2022-12-14,ic_o_lowvol,低波,0.0313919826303727,-0.002900891750996043
2022-12-15,ic_o_lowvol,低波,0.0094035379282863,0.00046058043970509675
2022-12-16,ic_o_lowvol,低波,0.0575512570151834,0.006748552482669222
2022-12-19,ic_o_lowvol,低波,0.050591049817056,0.011903952518210737
2022-12-20,ic_o_lowvol,低波,-0.0032735609692365,0.016894452529207425
2022-12-21,ic_o_lowvol,低波,-0.0068134966539841,0.021088323171170594
2022-12-22,ic_o_lowvol,低波,-0.1023313631672764,0.017585922640946047
2022-12-23,ic_o_lowvol,低波,-0.0468785600364547,0.01536242915167188
2022-12-26,ic_o_lowvol,低波,-0.0671196708348411,0.018891138074734703
2022-12-27,ic_o_lowvol,低波,-0.0349972524895125,0.016606117162892037
2022-12-28,ic_o_lowvol,低波,-0.0807904815200329,0.01044334546949854
2022-12-29,ic_o_lowvol,低波,-0.03677816998747,0.005836651514577226
2022-12-30,ic_o_lowvol,低波,0.0077495974235104,0.00427867454055012
2023-01-03,ic_o_lowvol,低波,0.0533097921769405,0.0028026271518229997
2023-01-04,ic_o_lowvol,低波,0.018747137930717,0.002918326946331185
2023-01-05,ic_o_lowvol,低波,-0.0041982976765585,0.0059734262021304
2023-01-06,ic_o_lowvol,低波,0.0837819185645272,0.009810120108924365
2023-01-09,ic_o_lowvol,低波,0.0535888359469547,0.007138617700838734
2023-01-10,ic_o_lowvol,低波,0.0576234876329563,0.004357407511433249
2023-01-11,ic_o_lowvol,低波,0.0777323278454052,0.005914503578827148
2023-01-12,ic_o_lowvol,低波,0.0671957671957672,0.007704692807096873
2023-01-13,ic_o_lowvol,低波,0.0980647573038877,0.012137753775876944
2023-01-16,ic_o_lowvol,低波,0.0999542786819139,0.014257904859213466
2023-01-17,ic_o_lowvol,低波,0.1292328042328042,0.01818999258000088
2023-01-18,ic_o_lowvol,低波,0.1521294514388559,0.025960143200405496
2023-01-19,ic_o_lowvol,低波,0.1102643419775,0.0318140351319797
2023-01-20,ic_o_lowvol,低波,0.1917688864223569,0.046519047611461375
2023-01-30,ic_o_lowvol,低波,0.1032094065147081,0.05402344593901951
2023-01-31,ic_o_lowvol,低波,0.0764751552795031,0.06120318724473672
2023-02-01,ic_o_lowvol,低波,0.0641419369680239,0.06616014671761354
2023-02-02,ic_o_lowvol,低波,0.1592218771566597,0.07816076465144817
2023-02-03,ic_o_lowvol,低波,0.2002012882447665,0.09000973756306
2023-02-06,ic_o_lowvol,低波,0.2487606395215091,0.10206028966795992
2023-02-07,ic_o_lowvol,低波,0.2258569128134346,0.11068764569978465
2023-02-08,ic_o_lowvol,低波,0.226447050975893,0.12107264135204343
2023-02-09,ic_o_lowvol,低波,0.2008569128134345,0.13132540187654307
2023-02-10,ic_o_lowvol,低波,0.1895245208797655,0.136612531992305
2023-02-13,ic_o_lowvol,低波,0.1570479641131815,0.14178548840061633
2023-02-14,ic_o_lowvol,低波,0.2003998450079919,0.14892430626936812
2023-02-15,ic_o_lowvol,低波,0.2305296756383713,0.15656417365901643
2023-02-16,ic_o_lowvol,低波,0.2461007591442374,0.16550942325643994
2023-02-17,ic_o_lowvol,低波,0.0887581153368323,0.16504409115808716
2023-02-20,ic_o_lowvol,低波,0.1014809793255519,0.16512042619026907
2023-02-21,ic_o_lowvol,低波,0.1090809753853232,0.164112834747895
2023-02-22,ic_o_lowvol,低波,0.0722164711295146,0.16011718573242797
2023-02-23,ic_o_lowvol,低波,-0.0075727567667065,0.15422533079521764
2023-02-24,ic_o_lowvol,低波,0.0190303657694962,0.1455884047625746
2023-02-27,ic_o_lowvol,低波,-0.0402964977976997,0.1384131095469542
2023-02-28,ic_o_lowvol,低波,-0.0094864546999894,0.1341150290479796
2023-03-01,ic_o_lowvol,低波,0.0842362548884288,0.13511974494399984
2023-03-02,ic_o_lowvol,低波,0.0781832298136646,0.13106781257685007
2023-03-03,ic_o_lowvol,低波,0.0448642742121003,0.12330096187521675
2023-03-06,ic_o_lowvol,低波,0.0312025534851621,0.1124230575733994
2023-03-07,ic_o_lowvol,低波,-0.0087675408327582,0.10069183489108975
2023-03-08,ic_o_lowvol,低波,0.0519639981596503,0.09196768225027763
2023-03-09,ic_o_lowvol,低波,0.055995514147688,0.0847246123169903
2023-03-10,ic_o_lowvol,低波,0.0650277922356962,0.07849977588478685
2023-03-13,ic_o_lowvol,低波,0.0895891488305016,0.07512683512065284
2023-03-14,ic_o_lowvol,低波,0.0327783528870485,0.06674576051460568
2023-03-15,ic_o_lowvol,低波,0.0875316310098918,0.0595958582831817
2023-03-16,ic_o_lowvol,低波,0.0296557227385936,0.04877360646289951
2023-03-17,ic_o_lowvol,低波,0.0503191856452726,0.046851659978321525
2023-03-20,ic_o_lowvol,低波,-0.0773780768345985,0.037908707170314006
2023-03-21,ic_o_lowvol,低波,-0.0072722567287784,0.03209104556460892
2023-03-22,ic_o_lowvol,低波,0.0038704853922245,0.02867374627774442
2023-03-23,ic_o_lowvol,低波,0.0126063952150908,0.029682703876834284
2023-03-24,ic_o_lowvol,低波,-0.0677478720956981,0.02534379198357457
2023-03-27,ic_o_lowvol,低波,-0.0487146307798481,0.02492288533446715
2023-03-28,ic_o_lowvol,低波,-0.0086496434322521,0.024964725897854013
2023-03-29,ic_o_lowvol,低波,0.0039740050609615,0.02095161340648065
2023-03-30,ic_o_lowvol,低波,-0.0660512997469519,0.013739886928449824
2023-03-31,ic_o_lowvol,低波,0.0187974465148378,0.0124365455435867
2023-04-03,ic_o_lowvol,低波,0.0715665976535541,0.014454747752006298
2023-04-04,ic_o_lowvol,低波,0.0689210950080515,0.018339179544046784
2023-04-06,ic_o_lowvol,低波,0.110426731078905,0.02126231619000952
2023-04-07,ic_o_lowvol,低波,0.0496894409937888,0.02094701253231456
2023-04-10,ic_o_lowvol,低波,0.077237175063262,0.021557481673692848
2023-04-11,ic_o_lowvol,低波,0.0926098458707154,0.02170851652570354
2023-04-12,ic_o_lowvol,低波,0.1845640671727628,0.029297802239989252
2023-04-13,ic_o_lowvol,低波,0.2051587301587302,0.03517915719743118
2023-04-14,ic_o_lowvol,低波,0.1929549114331723,0.04334411663216011
2023-04-17,ic_o_lowvol,低波,0.1968484011962273,0.05067057740970784
2023-04-18,ic_o_lowvol,低波,0.2560532091480483,0.06734214170884019
2023-04-19,ic_o_lowvol,低波,0.2946849762554465,0.08244000335805143
2023-04-20,ic_o_lowvol,低波,0.3203789970094318,0.0982654289389118
2023-04-21,ic_o_lowvol,低波,0.2926558546123764,0.11226790190877607
2023-04-24,ic_o_lowvol,低波,0.3324246606855303,0.1322765285478375
2023-04-25,ic_o_lowvol,低波,0.2974436392914654,0.14958444205140317
2023-04-26,ic_o_lowvol,低波,0.241432483201468,0.16208854838308917
2023-04-27,ic_o_lowvol,低波,0.1034621578099839,0.16706295602054028
2023-04-28,ic_o_lowvol,低波,0.1081866804692891,0.17577485503135235
2023-05-04,ic_o_lowvol,低波,0.0263946399815965,0.1761547147046903
2023-05-05,ic_o_lowvol,低波,0.0177334943639291,0.17346305954020905
2023-05-08,ic_o_lowvol,低波,0.0646537842190016,0.17324969400075654
2023-05-09,ic_o_lowvol,低波,-0.0242638601334253,0.16651516444014003
2023-05-10,ic_o_lowvol,低波,-0.0625172532781228,0.16090482972654443
2023-05-11,ic_o_lowvol,低波,-0.1068898090637221,0.15169848052019524
2023-05-12,ic_o_lowvol,低波,-0.1667329240949103,0.13873134202191395
2023-05-15,ic_o_lowvol,低波,-0.0982574189095928,0.12459026771779617
2023-05-16,ic_o_lowvol,低波,-0.1667155509546814,0.1059965536621256
2023-05-17,ic_o_lowvol,低波,-0.1529964292877877,0.08869898662607759
2023-05-18,ic_o_lowvol,低波,-0.065631469979296,0.07557499306730144
2023-05-19,ic_o_lowvol,低波,-0.1903843098576448,0.05325311711701677
2023-05-22,ic_o_lowvol,低波,-0.1579135035656775,0.03062319312596057
2023-05-23,ic_o_lowvol,低波,-0.1672820335863814,0.0062401415961699114
2023-05-24,ic_o_lowvol,低波,-0.1378907269409892,-0.015287187481498371
2023-05-25,ic_o_lowvol,低波,-0.021171225249621,-0.03296698177825593
2023-05-26,ic_o_lowvol,低波,-0.055841712561632,-0.050631249370910805
2023-05-29,ic_o_lowvol,低波,0.0020071313549574,-0.06260251696323633
2023-05-30,ic_o_lowvol,低波,0.0326115946425741,-0.06614504512160682
2023-05-31,ic_o_lowvol,低波,-0.0550207039337474,-0.07430541434175865
2023-06-01,ic_o_lowvol,低波,-0.0383482861743731,-0.07754256064955714
2023-06-02,ic_o_lowvol,低波,-0.0358350586611456,-0.08022098830081086
2023-06-05,ic_o_lowvol,低波,0.0014061421670117,-0.08338337040341035
2023-06-06,ic_o_lowvol,低波,-0.0180440533701403,-0.08307238006524612
2023-06-07,ic_o_lowvol,低波,-0.0125057510927076,-0.08057180495597535
2023-06-08,ic_o_lowvol,低波,-0.020771538951488,-0.07626589145036364
2023-06-09,ic_o_lowvol,低波,0.0271307798481711,-0.06657270625320957
2023-06-12,ic_o_lowvol,低波,0.0720195479781845,-0.058058857908820705
2023-06-13,ic_o_lowvol,低波,0.0391534391534391,-0.047765408403414686
2023-06-14,ic_o_lowvol,低波,-0.0128192225075941,-0.040756548064405
2023-06-15,ic_o_lowvol,低波,-0.0376466528640441,-0.0393573072086424
2023-06-16,ic_o_lowvol,低波,0.0921356456630381,-0.025231309432608262
2023-06-19,ic_o_lowvol,低波,0.1408327582240625,-0.010293996343121267
2023-06-20,ic_o_lowvol,低波,0.1231568633230587,0.004227948502350738
2023-06-21,ic_o_lowvol,低波,0.1118502069316821,0.0167149951959843
2023-06-26,ic_o_lowvol,低波,0.0583275822406257,0.020689935570496636
2023-06-27,ic_o_lowvol,低波,0.1437456866804693,0.030669305532601703
2023-06-28,ic_o_lowvol,低波,0.1469662985967334,0.0379172638946905
2023-06-29,ic_o_lowvol,低波,0.1158442604094778,0.04207889718303569
2023-06-30,ic_o_lowvol,低波,0.1574716316076968,0.0527035139601079
2023-07-03,ic_o_lowvol,低波,0.2008667690436682,0.06466426672100997
2023-07-04,ic_o_lowvol,低波,0.1917868222247415,0.07604536076530433
2023-07-05,ic_o_lowvol,低波,0.2178027765467344,0.08686519248429045
2023-07-06,ic_o_lowvol,低波,0.2226235996166015,0.09889857513362754
2023-07-07,ic_o_lowvol,低波,0.1836499118801983,0.10870635828227285
2023-07-10,ic_o_lowvol,低波,0.2096916322260814,0.12022951684115131
2023-07-11,ic_o_lowvol,低波,0.2436022962680491,0.1310530926621452
2023-07-12,ic_o_lowvol,低波,0.2608552258649654,0.14049487655648424
2023-07-13,ic_o_lowvol,低波,0.2786779436112153,0.15247110177937306
2023-07-14,ic_o_lowvol,低波,0.3537709961439906,0.1708006127119523
2023-07-17,ic_o_lowvol,低波,0.3348707060921187,0.18942648065976045
2023-07-18,ic_o_lowvol,低波,0.3530357529347501,0.20247148602334603
2023-07-19,ic_o_lowvol,低波,0.4087522029950426,0.21586745826189505
2023-07-20,ic_o_lowvol,低波,0.3777791090232813,0.2285985705469062
2023-07-21,ic_o_lowvol,低波,0.3758953693301864,0.2418008286668314
2023-07-24,ic_o_lowvol,低波,0.3704123594463397,0.2574050675271171
2023-07-25,ic_o_lowvol,低波,0.3800078715254478,0.26921817676936605
2023-07-26,ic_o_lowvol,低波,0.37194543786781,0.28046713373291987
2023-07-27,ic_o_lowvol,低波,0.2923026580230245,0.28929005361359716
2023-07-28,ic_o_lowvol,低波,0.3557489152503942,0.2992039177957321
2023-07-31,ic_o_lowvol,低波,0.2900096687067531,0.30366106277888627
2023-08-01,ic_o_lowvol,低波,0.2223919919096426,0.30519132126313137
2023-08-02,ic_o_lowvol,低波,0.1501772702443649,0.3018100459480129
2023-08-03,ic_o_lowvol,低波,0.1911426716274851,0.300235999548557
2023-08-04,ic_o_lowvol,低波,0.1713749780988797,0.2996222528594911
2023-08-07,ic_o_lowvol,低波,0.0753463438954931,0.2929049884429617
2023-08-08,ic_o_lowvol,低波,0.1109923011120615,0.28627448868516236
2023-08-09,ic_o_lowvol,低波,0.0720366959948772,0.2768335621916579
2023-08-10,ic_o_lowvol,低波,0.1205180001442897,0.26892556501831166
2023-08-11,ic_o_lowvol,低波,0.0756478552978861,0.2550194079760064
2023-08-14,ic_o_lowvol,低波,0.0558942356251352,0.24107058445265728
2023-08-15,ic_o_lowvol,低波,0.1252666783472641,0.22968213072328295
2023-08-16,ic_o_lowvol,低波,0.1236897976851804,0.21542901045778984
2023-08-17,ic_o_lowvol,低波,0.1464953054304472,0.20386482027814812
2023-08-18,ic_o_lowvol,低波,0.1507441227699506,0.19260725795013633
2023-08-21,ic_o_lowvol,低波,0.1091757964277984,0.17954542979920926
2023-08-22,ic_o_lowvol,低波,0.1692017229751625,0.16900512237169502
2023-08-23,ic_o_lowvol,低波,0.1308707885433951,0.15695138990547425
2023-08-24,ic_o_lowvol,低波,0.1958243581683449,0.15212747491274028
2023-08-25,ic_o_lowvol,低波,0.0725957723108001,0.13796981776576056
2023-08-28,ic_o_lowvol,低波,0.1568403640223855,0.1313113525315422
2023-08-29,ic_o_lowvol,低波,0.2019901805092337,0.13029126196152174
2023-08-30,ic_o_lowvol,低波,0.1887220752484721,0.1322185022117271
2023-08-31,ic_o_lowvol,低波,0.1846831294381976,0.1318955251022627
2023-09-01,ic_o_lowvol,低波,0.1626377193976934,0.13145866216720342
2023-09-04,ic_o_lowvol,低波,0.2676754923887166,0.1410751195918646
2023-09-05,ic_o_lowvol,低波,0.1905009752723778,0.14505055329988042
2023-09-06,ic_o_lowvol,低波,0.2265426118503097,0.15277584909265202
2023-09-07,ic_o_lowvol,低波,0.1842038813938388,0.1559601431551295
2023-09-08,ic_o_lowvol,低波,0.1930931596359776,0.16183240837203405
2023-09-11,ic_o_lowvol,低波,0.1314402176713698,0.1656097074743458
2023-09-12,ic_o_lowvol,低波,0.1388700295666657,0.16628987503531584
2023-09-13,ic_o_lowvol,低波,0.1165488192390112,0.16593282611300741
2023-09-14,ic_o_lowvol,低波,0.0788943276706181,0.16255277722501596
2023-09-15,ic_o_lowvol,低波,0.1218011481340245,0.16110562849321966
2023-09-18,ic_o_lowvol,低波,0.1212574850299401,0.16170971292332675
2023-09-19,ic_o_lowvol,低波,0.1104125655745308,0.15877025505329517
2023-09-20,ic_o_lowvol,低波,0.1793006070475229,0.16119174597850155
2023-09-21,ic_o_lowvol,低波,0.2264343945499706,0.16272224779758282
2023-09-22,ic_o_lowvol,低波,0.1742736557865336,0.1678061419713695
2023-09-25,ic_o_lowvol,低波,0.1794269761426161,0.16893547257738104
2023-09-26,ic_o_lowvol,低波,0.2365604419388418,0.17066398564886145
2023-09-27,ic_o_lowvol,低波,0.3025060034835664,0.17635318206061618
2023-09-28,ic_o_lowvol,低波,0.2940606585307115,0.18182205851524186
2023-10-09,ic_o_lowvol,低波,0.2792624733321653,0.18765329621196541
2023-10-10,ic_o_lowvol,低波,0.1679740793467122,0.18266822555986523
2023-10-11,ic_o_lowvol,低波,0.1478043146523405,0.18053339252886336
2023-10-12,ic_o_lowvol,低波,0.0938296130391819,0.17389774258830698
2023-10-13,ic_o_lowvol,低波,0.0666489739969286,0.16801999721846145
2023-10-16,ic_o_lowvol,低波,0.0803410908439897,0.16238239377886204
2023-10-17,ic_o_lowvol,低波,0.1213090170777206,0.1618758337491796
2023-10-18,ic_o_lowvol,低波,0.0967591495150834,0.1597702897466005
2023-10-19,ic_o_lowvol,低波,0.1575821522788748,0.16182195639859367
2023-10-20,ic_o_lowvol,低波,0.165595658940295,0.16615702296207752
2023-10-23,ic_o_lowvol,低波,0.1743331422352213,0.16878362266713737
2023-10-24,ic_o_lowvol,低波,0.1719959392746349,0.17132054537937208
2023-10-25,ic_o_lowvol,低波,0.2036264413684509,0.1759812391690681
2023-10-26,ic_o_lowvol,低波,0.1105568553083162,0.17254405158210775
2023-10-27,ic_o_lowvol,低波,0.1996159571665757,0.17120312971293802
2023-10-30,ic_o_lowvol,低波,0.1934514319799477,0.17216201852260873
2023-10-31,ic_o_lowvol,低波,0.1512900487141207,0.17075517215118396
2023-11-01,ic_o_lowvol,低波,0.0895140319001929,0.1634028516492515
2023-11-02,ic_o_lowvol,低波,0.0541962895613508,0.15098736595314072
2023-11-03,ic_o_lowvol,低波,0.0935526281039415,0.14096196443180226
2023-11-06,ic_o_lowvol,低波,0.1795313286065904,0.1359754071955235
2023-11-07,ic_o_lowvol,低波,0.2283181850391284,0.1389926124801443
2023-11-08,ic_o_lowvol,低波,0.2853767508013233,0.14587123428759347
2023-11-09,ic_o_lowvol,低波,0.3109546827171818,0.15672748777149342
2023-11-10,ic_o_lowvol,低波,0.2771676955898873,0.16725342385114136
2023-11-13,ic_o_lowvol,低波,0.2628548386370052,0.17637911124079214
2023-11-14,ic_o_lowvol,低波,0.2454614730059365,0.18258673403720294
2023-11-15,ic_o_lowvol,低波,0.2896734218783915,0.19223244765536834
2023-11-16,ic_o_lowvol,低波,0.3206246714831954,0.20038457361558434
2023-11-17,ic_o_lowvol,低波,0.3292743257031548,0.20856850695372736
2023-11-20,ic_o_lowvol,低波,0.1969091077741247,0.20969730523067254
2023-11-21,ic_o_lowvol,低波,0.1226256608985127,0.20722879131186644
2023-11-22,ic_o_lowvol,低波,0.121850103579416,0.20313997442241466
2023-11-23,ic_o_lowvol,低波,0.1539159203108413,0.20530792767254097
2023-11-24,ic_o_lowvol,低波,0.0719078657924398,0.19892252310383413
2023-11-27,ic_o_lowvol,低波,0.079495913508611,0.1932247471802673
2023-11-28,ic_o_lowvol,低波,0.1176991971306955,0.19154520460109603
2023-11-29,ic_o_lowvol,低波,0.112538262545477,0.19269641613336025
2023-11-30,ic_o_lowvol,低波,-0.0682739615917572,0.18657290357570483
2023-12-01,ic_o_lowvol,低波,-0.0411071145145165,0.17983991644478195
2023-12-04,ic_o_lowvol,低波,-0.0223584816330047,0.1697454259328022
2023-12-05,ic_o_lowvol,低波,-0.0654199346573634,0.15505851994797762
2023-12-06,ic_o_lowvol,低波,-0.0155394890082142,0.1400127079575007
2023-12-07,ic_o_lowvol,低波,0.0158577096180152,0.12525785930254238
2023-12-08,ic_o_lowvol,低波,0.0907247467199851,0.11593571185904727
2023-12-11,ic_o_lowvol,低波,0.0527456275057458,0.10543025130248432
2023-12-12,ic_o_lowvol,低波,0.0891724012210711,0.09761579771324105
2023-12-13,ic_o_lowvol,低波,0.0408675957920177,0.08517550640892235
2023-12-14,ic_o_lowvol,低波,0.0377034227586135,0.07102944397269326
2023-12-15,ic_o_lowvol,低波,0.0242174858544528,0.055776601980258154
2023-12-18,ic_o_lowvol,低波,-0.0149004916157358,0.045186122010765134
2023-12-19,ic_o_lowvol,低波,0.0277190885011388,0.04044079339089644
2023-12-20,ic_o_lowvol,低波,0.0266755645335834,0.03568206643860481
2023-12-21,ic_o_lowvol,低波,-0.0005050153694745,0.02796101965458902
2023-12-22,ic_o_lowvol,低波,0.0271573891803312,0.02572349582398359
2023-12-25,ic_o_lowvol,低波,0.0525214969296651,0.024374774995036295
2023-12-26,ic_o_lowvol,低波,0.1064368680882641,0.023811658542914726
2023-12-27,ic_o_lowvol,低波,0.0247972213919836,0.019424606485240054
2023-12-28,ic_o_lowvol,低波,0.2502370474197904,0.03535015693581743
2023-12-29,ic_o_lowvol,低波,0.2541983345163692,0.05011542938736172
2024-01-02,ic_o_lowvol,低波,0.2038779430963357,0.06142725062382874
2024-01-03,ic_o_lowvol,低波,0.1969538269766798,0.0745459387055309
2024-01-04,ic_o_lowvol,低波,0.1569506241235435,0.08317044436211878
2024-01-05,ic_o_lowvol,低波,0.1467923858658957,0.0897171781745128
2024-01-08,ic_o_lowvol,低波,0.1994468586070185,0.09515328376886448
2024-01-09,ic_o_lowvol,低波,0.2260911341562646,0.1038205591013904
2024-01-10,ic_o_lowvol,低波,0.1962786309101297,0.10917587058584335
2024-01-11,ic_o_lowvol,低波,0.2068415539897162,0.11747456849572828
2024-01-12,ic_o_lowvol,低波,0.1441154845589604,0.1227951715857456
2024-01-15,ic_o_lowvol,低波,0.1856313083222243,0.1308658627091342
2024-01-16,ic_o_lowvol,低波,0.1505406711171421,0.13913792084577808
2024-01-17,ic_o_lowvol,低波,0.0820731116151036,0.14185562200147633
2024-01-18,ic_o_lowvol,低波,0.0997884059900024,0.1455112640742973
2024-01-19,ic_o_lowvol,低波,0.0748017693599487,0.14927660331076845
2024-01-22,ic_o_lowvol,低波,-0.0304941915825557,0.1463940242726241
2024-01-23,ic_o_lowvol,低波,0.0311650763302037,0.14532620324265103
2024-01-24,ic_o_lowvol,低波,-0.1181246862069562,0.13409812552789002
2024-01-25,ic_o_lowvol,低波,-0.0352270753769222,0.1310969106894447
2024-01-26,ic_o_lowvol,低波,-0.0874530392479354,0.11421240635605842
2024-01-29,ic_o_lowvol,低波,-0.0463093609875175,0.0991870215808641
2024-01-30,ic_o_lowvol,低波,-0.102775933791811,0.08385432773645676
2024-01-31,ic_o_lowvol,低波,-0.0434452114344146,0.07183437581590205
2024-02-01,ic_o_lowvol,低波,-0.1570371877218192,0.0561349852236339
2024-02-02,ic_o_lowvol,低波,-0.1712141410294143,0.0402346588788684
2024-02-05,ic_o_lowvol,低波,-0.1383178095947092,0.023346425468782017
2024-02-06,ic_o_lowvol,低波,-0.201963804493873,0.0019436785362751383
2024-02-07,ic_o_lowvol,低波,-0.2207351236978715,-0.01890700919412492
2024-02-08,ic_o_lowvol,低波,-0.188565916322198,-0.03867738270972063
2024-02-19,ic_o_lowvol,低波,-0.2664606448575449,-0.0592061891805459
2024-02-20,ic_o_lowvol,低波,-0.1975363946620739,-0.07836457432976081
2024-02-21,ic_o_lowvol,低波,-0.1986981909821532,-0.09582651743472557
2024-02-22,ic_o_lowvol,低波,-0.1598724915441745,-0.10792379759268947
2024-02-23,ic_o_lowvol,低波,-0.0796591554630271,-0.11689617566534094
2024-02-26,ic_o_lowvol,低波,-0.0489798479943214,-0.12308525653305447
2024-02-27,ic_o_lowvol,低波,0.0995762711864406,-0.11658173339460465
2024-02-28,ic_o_lowvol,低波,0.1493849656342515,-0.11067073892940224
2024-02-29,ic_o_lowvol,低波,0.1965448139748273,-0.09493726392031307
2024-03-01,ic_o_lowvol,低波,0.2960258652031648,-0.07837461689130873
2024-03-04,ic_o_lowvol,低波,0.2282077375996559,-0.06259157804892915
2024-03-05,ic_o_lowvol,低波,0.2112132442449907,-0.04971544778730375
2024-03-06,ic_o_lowvol,低波,0.2494178598015962,-0.032105758107633386
2024-03-07,ic_o_lowvol,低波,0.2741568024688353,-0.016225657412470895
2024-03-08,ic_o_lowvol,低波,0.304505428632118,0.006851473405225965
2024-03-11,ic_o_lowvol,低波,0.3583603123214626,0.03333019607276981
2024-03-12,ic_o_lowvol,低波,0.1482942642959782,0.047660799767304175
2024-03-13,ic_o_lowvol,低波,0.1518087463859697,0.06534942731129631
2024-03-14,ic_o_lowvol,低波,0.2345452784671653,0.08811344741954816
2024-03-15,ic_o_lowvol,低波,0.2159740136077976,0.10834044391604794
2024-03-18,ic_o_lowvol,低波,0.2445335087688925,0.13389015159736978
2024-03-19,ic_o_lowvol,低波,0.263203112826994,0.15692712697182318
2024-03-20,ic_o_lowvol,低波,0.2295025313669381,0.17833716308927774
2024-03-21,ic_o_lowvol,低波,0.2603279771076381,0.1993471865218684
2024-03-22,ic_o_lowvol,低波,0.3459696235967422,0.22062862547485684
2024-03-25,ic_o_lowvol,低波,0.3592451899875021,0.24103987737394802
2024-03-26,ic_o_lowvol,低波,0.3029804094210874,0.25121008428568037
2024-03-27,ic_o_lowvol,低波,0.1873972057270476,0.2531106962903202
2024-03-28,ic_o_lowvol,低波,0.1810758989629681,0.2523372505397272
2024-03-29,ic_o_lowvol,低波,0.187283015581634,0.24690010805865067
2024-04-01,ic_o_lowvol,低波,0.2155217188068073,0.24626580711900825
2024-04-02,ic_o_lowvol,低波,0.1586765717117814,0.24363897349234778
2024-04-03,ic_o_lowvol,低波,0.1635749034815879,0.23934682567634735
2024-04-08,ic_o_lowvol,低波,0.0549441096415209,0.22838619103498167
2024-04-09,ic_o_lowvol,低波,0.0863991274389294,0.21748087597532223
2024-04-10,ic_o_lowvol,低波,0.0951593635844254,0.20432082853847033
2024-04-11,ic_o_lowvol,低波,0.1079859247589203,0.20230541156161747
2024-04-12,ic_o_lowvol,低波,0.1407589030660826,0.20175291939562312
2024-04-15,ic_o_lowvol,低波,0.1097702763165815,0.19551416928809393
2024-04-16,ic_o_lowvol,低波,0.0397521684181368,0.1867030770286109
2024-04-17,ic_o_lowvol,低波,0.0436042485414033,0.17665661401723642
2024-04-18,ic_o_lowvol,低波,0.1061767455549592,0.16880529565363467
2024-04-19,ic_o_lowvol,低波,0.0076056982683494,0.15771045399870523
2024-04-22,ic_o_lowvol,低波,-0.0258967225766122,0.14339921901449273
2024-04-23,ic_o_lowvol,低波,-0.0754899499662402,0.12232624033634361
2024-04-24,ic_o_lowvol,低波,-0.0413773999757621,0.1022951108381804
2024-04-25,ic_o_lowvol,低波,-0.0657681672387036,0.08385768200519085
2024-04-26,ic_o_lowvol,低波,-0.0889202922387077,0.07004180710690308
2024-04-29,ic_o_lowvol,低波,-0.0423772095358459,0.05886915168196237
2024-04-30,ic_o_lowvol,低波,-0.0701662886722875,0.04599668646926631
2024-05-06,ic_o_lowvol,低波,-0.008323089974204,0.03480444603021574
2024-05-07,ic_o_lowvol,低波,0.0076056982683494,0.027250902358044143
2024-05-08,ic_o_lowvol,低波,0.0832224234832186,0.023233278358125678
2024-05-09,ic_o_lowvol,低波,0.1116184101396489,0.02606699338303208
2024-05-10,ic_o_lowvol,低波,0.1274713907307699,0.028120606547624105
2024-05-13,ic_o_lowvol,低波,0.1255388583992659,0.029639581288366128
2024-05-14,ic_o_lowvol,低波,0.0856873272783971,0.02852465141433997
2024-05-15,ic_o_lowvol,低波,0.0316152072847681,0.023067466625274244
2024-05-16,ic_o_lowvol,低波,0.0242356565392647,0.018790735636408405
2024-05-17,ic_o_lowvol,低波,0.0058127456242101,0.017093764496712065
2024-05-20,ic_o_lowvol,低波,0.0031487508872768,0.015070989614005745
2024-05-21,ic_o_lowvol,低波,0.0121989750869964,0.010372101090607603
2024-05-22,ic_o_lowvol,低波,-0.006849344713561,0.009649348941512082
2024-05-23,ic_o_lowvol,低波,0.0171926219641208,0.011803816168548732
2024-05-24,ic_o_lowvol,低波,0.09610404084507,0.020383515709114244
2024-05-27,ic_o_lowvol,低波,0.1758323089974204,0.031244001157773364
2024-05-28,ic_o_lowvol,低波,0.1685674590121362,0.04296078247031536
2024-05-29,ic_o_lowvol,低波,0.3049765412648673,0.06265562414549411
2024-05-30,ic_o_lowvol,低波,0.2429320822007929,0.07692108873232605
2024-05-31,ic_o_lowvol,低波,0.1855815342532158,0.08970847987860121
2024-06-03,ic_o_lowvol,低波,0.2348686830214158,0.10186806852838219
2024-06-04,ic_o_lowvol,低波,0.2444059596905924,0.11370808159949437
2024-06-05,ic_o_lowvol,低波,0.1386272744585447,0.11647832414826065
2024-06-06,ic_o_lowvol,低波,0.1256590333762548,0.11718035531009094
2024-06-07,ic_o_lowvol,低波,0.0711077062744139,0.11436217108727316
2024-06-11,ic_o_lowvol,低波,0.0052544104153321,0.10834794868807644
2024-06-12,ic_o_lowvol,低波,0.0734903308460726,0.10773809886646024
2024-06-13,ic_o_lowvol,低波,0.0625357074842887,0.10928412387643627
2024-06-14,ic_o_lowvol,低波,0.1250563339971866,0.11432515774933236
2024-06-17,ic_o_lowvol,低波,0.1018572220010041,0.11912738156817207
2024-06-18,ic_o_lowvol,低波,0.1023636190509167,0.12408812497635405
2024-06-19,ic_o_lowvol,低波,0.2154459756583162,0.13425047500492004
2024-06-20,ic_o_lowvol,低波,0.2767979259361853,0.14843283853740735
2024-06-21,ic_o_lowvol,低波,0.2946213708211423,0.16230427598025846
2024-06-24,ic_o_lowvol,低波,0.240322189712782,0.16951518342364402
2024-06-25,ic_o_lowvol,低波,0.1876677169716591,0.17010695382235597
2024-06-26,ic_o_lowvol,低波,0.2023337546095116,0.17179526860222474
2024-06-27,ic_o_lowvol,低波,0.1636419902702515,0.16472854105249396
2024-06-28,ic_o_lowvol,低波,0.2564871879212737,0.16540629633851797
2024-07-01,ic_o_lowvol,低波,0.3038700853383675,0.17132072389277558
2024-07-02,ic_o_lowvol,低波,0.3071084679107231,0.17493271313724093
2024-07-03,ic_o_lowvol,低波,0.2144189092870489,0.17343336061706377
2024-07-04,ic_o_lowvol,低波,0.1987594151528578,0.17643996765177944
2024-07-05,ic_o_lowvol,低波,0.2615784708443297,0.1832359395251832
2024-07-08,ic_o_lowvol,低波,0.2961067981737974,0.19448589412015233
2024-07-09,ic_o_lowvol,低波,0.2260831037737666,0.20552732878807406
2024-07-10,ic_o_lowvol,低波,0.2531006208225048,0.21450784328689565
2024-07-11,ic_o_lowvol,低波,0.2923156941688659,0.22599684262112452
2024-07-12,ic_o_lowvol,低波,0.3086397873283119,0.2351760152876808
2024-07-15,ic_o_lowvol,低波,0.2645643505230105,0.24331137171378114
2024-07-16,ic_o_lowvol,低波,0.2902352102637205,0.25270495127442133
2024-07-17,ic_o_lowvol,低波,0.298173307073766,0.25684131784519376
2024-07-18,ic_o_lowvol,低波,0.2746874458207315,0.25673579383942113
2024-07-19,ic_o_lowvol,低波,0.2545615824027226,0.2547328044185001
2024-07-22,ic_o_lowvol,低波,0.1550660672185975,0.2504699982937909
2024-07-23,ic_o_lowvol,低波,0.1315802871398024,0.24766562680219809
2024-07-24,ic_o_lowvol,低波,0.1059631372545307,0.242847095934449
2024-07-25,ic_o_lowvol,低波,0.0186296241178636,0.23559647762682964
2024-07-26,ic_o_lowvol,低波,0.0464996514533221,0.22509710080343207
2024-07-29,ic_o_lowvol,低波,0.0308463809889326,0.21144591558596032
2024-07-30,ic_o_lowvol,低波,0.0069650625842309,0.1964387453196357
2024-07-31,ic_o_lowvol,低波,0.1615572595615361,0.19379566283336006
2024-08-01,ic_o_lowvol,低波,0.1279148604955938,0.19025343510049686
2024-08-02,ic_o_lowvol,低波,0.0044171755504613,0.17739537033580344
2024-08-05,ic_o_lowvol,低波,-0.06255321608137,0.15946236962304508
2024-08-06,ic_o_lowvol,低波,0.0174529483153859,0.149030861850126
2024-08-07,ic_o_lowvol,低波,0.0617980774787617,0.13946573468293888
2024-08-08,ic_o_lowvol,低波,0.0833946562385621,0.12901968278642367
2024-08-09,ic_o_lowvol,低波,0.173593599803061,0.12226737341016114
2024-08-12,ic_o_lowvol,低波,0.2495251488123904,0.12151541332463012
2024-08-13,ic_o_lowvol,低波,0.2235807439656334,0.11818269000972578
2024-08-14,ic_o_lowvol,低波,0.1823987208876731,0.11239396070042114
2024-08-15,ic_o_lowvol,低波,0.1326867137986168,0.1052939240993154
2024-08-16,ic_o_lowvol,低波,0.1229469669241586,0.0987131933253872
2024-08-19,ic_o_lowvol,低波,0.1195411377164762,0.09693694685028112
2024-08-20,ic_o_lowvol,低波,0.032954479782705,0.09200565648242626
2024-08-21,ic_o_lowvol,低波,0.0200381422049276,0.08770940672994611
2024-08-22,ic_o_lowvol,低波,0.0010363897037188,0.08682974500923886
2024-08-23,ic_o_lowvol,低波,-0.0884033137517639,0.08008459674898456
2024-08-26,ic_o_lowvol,低波,-0.0545818805262853,0.07581318367322368
2024-08-27,ic_o_lowvol,低波,-0.055261996998806,0.07270183069407182
2024-08-28,ic_o_lowvol,低波,0.0825123769528616,0.0687495865636381
2024-08-29,ic_o_lowvol,低波,0.0392132688640172,0.06431450698205927
2024-08-30,ic_o_lowvol,低波,-0.1366588969582554,0.057260703356623435
2024-09-02,ic_o_lowvol,低波,-0.1370807728612432,0.05353432551762978
2024-09-03,ic_o_lowvol,低波,-0.1201604881219991,0.04665365369576053
2024-09-04,ic_o_lowvol,低波,-0.1060933008545268,0.0382590847790961
2024-09-05,ic_o_lowvol,低波,-0.1479561066161209,0.026691546636361953
2024-09-06,ic_o_lowvol,低波,-0.1574870077100472,0.010137516260706539
2024-09-09,ic_o_lowvol,低波,-0.1669849939934171,-0.010687990879583836
2024-09-10,ic_o_lowvol,低波,-0.1670427208874813,-0.030219164122239572
2024-09-11,ic_o_lowvol,低波,-0.1453314369716869,-0.04660567201520757
2024-09-12,ic_o_lowvol,低波,-0.1453553239623342,-0.060507773903255124
2024-09-13,ic_o_lowvol,低波,-0.1780187930898917,-0.07555606190395764
2024-09-18,ic_o_lowvol,低波,-0.1533236259257453,-0.08919930008606872
2024-09-19,ic_o_lowvol,低波,-0.1690843013009798,-0.09930123914025295
2024-09-20,ic_o_lowvol,低波,-0.1267946237654007,-0.10664287743876937
2024-09-23,ic_o_lowvol,低波,-0.0444729895905947,-0.10891834640348504
2024-09-24,ic_o_lowvol,低波,-0.0768369193173184,-0.10834002668176275
2024-09-25,ic_o_lowvol,低波,-0.1093829548925771,-0.11108008040007736
2024-09-26,ic_o_lowvol,低波,-0.1253514838689464,-0.11458455474358438
2024-09-27,ic_o_lowvol,低波,-0.0684013064626037,-0.12213023891435763
2024-09-30,ic_o_lowvol,低波,-0.0451261355332342,-0.1263472091342202
2024-10-08,ic_o_lowvol,低波,0.0578293766105597,-0.11662279545577947
2024-10-09,ic_o_lowvol,低波,0.0528048475425797,-0.10712851443558832
2024-10-10,ic_o_lowvol,低波,0.0123528791358681,-0.10050284607269495
2024-10-11,ic_o_lowvol,低波,-0.1365069763770836,-0.10202352984882279
2024-10-14,ic_o_lowvol,低波,-0.1635300452024849,-0.10280222677814099
2024-10-15,ic_o_lowvol,低波,-0.1445223555701103,-0.10215399417114415
2024-10-16,ic_o_lowvol,低波,-0.2356070967617653,-0.10558509930956154
2024-10-17,ic_o_lowvol,低波,-0.2544971200708905,-0.10995781926873202
2024-10-18,ic_o_lowvol,低波,-0.1513417923666606,-0.11025833703848072
2024-10-21,ic_o_lowvol,低波,-0.0173065438924312,-0.10385589803498556
2024-10-22,ic_o_lowvol,低波,-0.0813912272928666,-0.09902451974513429
2024-10-23,ic_o_lowvol,低波,-0.0424149228559135,-0.0934790845916427
2024-10-24,ic_o_lowvol,低波,-0.0837645200439213,-0.08921309552878978
2024-10-25,ic_o_lowvol,低波,0.0546993893394463,-0.08013839487354743
2024-10-28,ic_o_lowvol,低波,0.0910982258095586,-0.07335983410353977
2024-10-29,ic_o_lowvol,低波,0.0367475101616227,-0.06768061262959271
2024-10-30,ic_o_lowvol,低波,-0.0138506289611065,-0.06290399633301919
2024-10-31,ic_o_lowvol,低波,0.0261620851072027,-0.05532831788421173
2024-11-01,ic_o_lowvol,低波,-0.0686261431229217,-0.05533955971722763
2024-11-04,ic_o_lowvol,低波,-0.0543700055720457,-0.05580175321916821
2024-11-05,ic_o_lowvol,低波,0.0003744971552619,-0.05867449719193309
2024-11-06,ic_o_lowvol,低波,0.0071627725135549,-0.06095660094338433
2024-11-07,ic_o_lowvol,低波,-0.0162288959535788,-0.06238568969785668
2024-11-08,ic_o_lowvol,低波,0.0834285008796567,-0.051388915835019665
2024-11-11,ic_o_lowvol,低波,0.1243001327201456,-0.03699740693888813
2024-11-12,ic_o_lowvol,低波,0.1066196007179378,-0.02444030912448573
2024-11-13,ic_o_lowvol,低波,0.1572044404662695,-0.004799732263083989
2024-11-14,ic_o_lowvol,低波,0.1947231883305238,0.017661283156986722
2024-11-15,ic_o_lowvol,低波,0.1920861754992438,0.03483268155028194
2024-11-18,ic_o_lowvol,低波,0.1870675020833976,0.04505138384907338
2024-11-19,ic_o_lowvol,低波,0.2907003302571067,0.06365596172657205
2024-11-20,ic_o_lowvol,低波,0.2767782322388054,0.07961561948130799
2024-11-21,ic_o_lowvol,低波,0.2568103953825735,0.09664436525263273
2024-11-22,ic_o_lowvol,低波,0.1444159799170756,0.1011301947815142
2024-11-25,ic_o_lowvol,低波,0.192275481753552,0.10618905757871386
2024-11-26,ic_o_lowvol,低波,0.1122205995147115,0.10996271204636829
2024-11-27,ic_o_lowvol,低波,0.1642256556937634,0.1188665262791118
2024-11-28,ic_o_lowvol,低波,0.083204214121835,0.12171863272984343
2024-11-29,ic_o_lowvol,低波,0.1623962928824139,0.1332697545301102
2024-12-02,ic_o_lowvol,低波,0.1492826924346348,0.1434523894304442
2024-12-03,ic_o_lowvol,低波,0.1851271129767379,0.15269002022151804
2024-12-04,ic_o_lowvol,低波,0.3048859532701626,0.1675761792593484
2024-12-05,ic_o_lowvol,低波,0.3190407111330596,0.18433965961368032
2024-12-06,ic_o_lowvol,低波,0.3224729158307355,0.19629188036123427
2024-12-09,ic_o_lowvol,低波,0.2541621654989351,0.20278498200017375
2024-12-10,ic_o_lowvol,低波,0.2975132977355268,0.21232966685105317
2024-12-11,ic_o_lowvol,低波,0.2239792503777421,0.21566840734662684
2024-12-12,ic_o_lowvol,低波,0.2436103994979268,0.21811276790499695
2024-12-13,ic_o_lowvol,低波,0.2523658137596839,0.221126749818019
2024-12-16,ic_o_lowvol,低波,0.112184532444417,0.21738260133606996
2024-12-17,ic_o_lowvol,低波,0.0816671716550884,0.20693094340596901
2024-12-18,ic_o_lowvol,低波,0.0262662427852711,0.1944053439332923
2024-12-19,ic_o_lowvol,低波,0.0224471948722697,0.18268718390777713
2024-12-20,ic_o_lowvol,低波,-0.0398016399683117,0.17347630291350774
2024-12-23,ic_o_lowvol,低波,-0.0515345123820694,0.1612858032067267
2024-12-24,ic_o_lowvol,低波,0.0413469551529368,0.15774212098863796
2024-12-25,ic_o_lowvol,低波,-0.014006605142134,0.1488305079468431
2024-12-26,ic_o_lowvol,低波,-0.0280234986676543,0.14326912230736863
2024-12-27,ic_o_lowvol,低波,-0.0486969762441227,0.13271445885104177
2024-12-30,ic_o_lowvol,低波,-0.0761278640287251,0.12144393102787379
2024-12-31,ic_o_lowvol,低波,-0.1334979474675144,0.10551267800566118
2025-01-02,ic_o_lowvol,低波,-0.2531024620101443,0.07761325724164585
2025-01-03,ic_o_lowvol,低波,-0.3419430043552581,0.04456407146722995
2025-01-06,ic_o_lowvol,低波,-0.3182382172289268,0.012528514814246841
2025-01-07,ic_o_lowvol,低波,-0.221714776029524,-0.011265332262176114
2025-01-08,ic_o_lowvol,低波,-0.1859173564602839,-0.03543686497196665
2025-01-09,ic_o_lowvol,低波,-0.17450744364538,-0.055361199673122766
2025-01-10,ic_o_lowvol,低波,-0.2216920275317139,-0.07862632102460479
2025-01-13,ic_o_lowvol,低波,-0.1995082102249714,-0.10122002222383755
2025-01-14,ic_o_lowvol,低波,-0.164665914927589,-0.11506254459243785
2025-01-15,ic_o_lowvol,低波,-0.0931613115631141,-0.12380396875334798
2025-01-16,ic_o_lowvol,低波,-0.1668035021657047,-0.13345745600089676
2025-01-17,ic_o_lowvol,低波,-0.2201220202269617,-0.14558591675585833
2025-01-20,ic_o_lowvol,低波,-0.1803594761155179,-0.15261380856321866
2025-01-21,ic_o_lowvol,低波,-0.2150436741874749,-0.16078926665348892
2025-01-22,ic_o_lowvol,低波,-0.1530480123090484,-0.17050901502658816
2025-01-23,ic_o_lowvol,低波,-0.0797771946547811,-0.17379754450222054
2025-01-24,ic_o_lowvol,低波,0.0021111762708725,-0.1722908107552942
2025-01-27,ic_o_lowvol,低波,-0.0856621529790914,-0.17413906959204264
2025-02-05,ic_o_lowvol,低波,-0.0471454880294659,-0.17268995079207966
2025-02-06,ic_o_lowvol,低波,0.0147721150176472,-0.1652764476678216
2025-02-07,ic_o_lowvol,低波,0.0922310798652522,-0.14800977057405176
2025-02-10,ic_o_lowvol,低波,-0.0003498050351348,-0.1309301106080456
2025-02-11,ic_o_lowvol,低波,-0.0016276256008462,-0.11509958102664157
2025-02-12,ic_o_lowvol,低波,0.1023982221673508,-0.09889393111679784
2025-02-13,ic_o_lowvol,低波,0.0939288249637334,-0.08490162204559697
2025-02-14,ic_o_lowvol,低波,0.033001086455591,-0.07452619554054843
2025-02-17,ic_o_lowvol,低波,-0.0555037992447367,-0.06621678412619957
2025-02-18,ic_o_lowvol,低波,-0.0753666011982262,-0.0600097036748623
2025-02-19,ic_o_lowvol,低波,-0.0208360340339722,-0.052818209630181454
2025-02-20,ic_o_lowvol,低波,-0.0236715733808755,-0.04934372272106953
2025-02-21,ic_o_lowvol,低波,-0.0220871014537485,-0.042107902685471724
2025-02-24,ic_o_lowvol,低波,-0.0086560974538248,-0.03153460654681488
2025-02-25,ic_o_lowvol,低波,0.056214328570263,-0.019705916312525832
2025-02-26,ic_o_lowvol,低波,0.0586299248843973,-0.006022236358932222
2025-02-27,ic_o_lowvol,低波,0.1547025715062875,0.009365292831834574
2025-02-28,ic_o_lowvol,低波,0.2075659615424852,0.023732450641697888
2025-03-03,ic_o_lowvol,低波,0.202726340677505,0.03376320886202951
2025-03-04,ic_o_lowvol,低波,0.1550038708597493,0.04579651005397155
2025-03-05,ic_o_lowvol,低波,0.1975875128156843,0.05803316009622905
2025-03-06,ic_o_lowvol,低波,0.2373611198292636,0.06916261033680988
2025-03-07,ic_o_lowvol,低波,0.3191387860146883,0.08050799564428168
2025-03-10,ic_o_lowvol,低波,0.3422759961727213,0.09763928570467448
2025-03-11,ic_o_lowvol,低波,0.3544985956356677,0.1154455967665002
2025-03-12,ic_o_lowvol,低波,0.3488152926530654,0.12776645029078593
2025-03-13,ic_o_lowvol,低波,0.3372657269595839,0.13993329539057844
2025-03-14,ic_o_lowvol,低波,0.3222321676594956,0.15439484945077367
2025-03-17,ic_o_lowvol,低波,0.3360556395773532,0.17397282139187814
2025-03-18,ic_o_lowvol,低波,0.2943465333292179,0.1924584781182504
2025-03-19,ic_o_lowvol,低波,0.2877848220450694,0.20788952092220248
2025-03-20,ic_o_lowvol,低波,0.245230473081832,0.22133462324533784
2025-03-21,ic_o_lowvol,低波,0.2223651999246751,0.233557238314259
2025-03-24,ic_o_lowvol,低波,0.2625740171154771,0.2471187440427241
2025-03-25,ic_o_lowvol,低波,0.1934551084886908,0.25398078303864546
2025-03-26,ic_o_lowvol,低波,0.1480781704433703,0.25845319531659416
2025-03-27,ic_o_lowvol,低波,0.1711719497515355,0.25927666422885653
2025-03-28,ic_o_lowvol,低波,0.1651738222373118,0.25715705726359783
2025-03-31,ic_o_lowvol,低波,0.2078747286438882,0.257414476661917
2025-04-01,ic_o_lowvol,低波,0.1765219091124211,0.2584903785745506
2025-04-02,ic_o_lowvol,低波,0.1875532102602233,0.2579886634467775
2025-04-03,ic_o_lowvol,低波,0.0917993184962765,0.2507105733801282
2025-04-07,ic_o_lowvol,低波,-0.1177937590666378,0.2288639461260619
2025-04-08,ic_o_lowvol,低波,-0.1017810238804451,0.20666109512340358
2025-04-09,ic_o_lowvol,低波,-0.0846651645626922,0.18470290711348558
2025-04-10,ic_o_lowvol,低波,-0.0681420558978535,0.16385503968593965
2025-04-11,ic_o_lowvol,低波,-0.0828791012068273,0.1428477982776191
2025-04-14,ic_o_lowvol,低波,0.0675267755177628,0.13011252867053247
2025-04-15,ic_o_lowvol,低波,-0.0126465068809117,0.1126774213476192
2025-04-16,ic_o_lowvol,低波,-0.0003621510951984,0.09794198712639837
2025-04-17,ic_o_lowvol,低波,0.0522279494223072,0.08616414349526028
2025-04-18,ic_o_lowvol,低波,-0.0376966561193585,0.07201778703520076
2025-04-21,ic_o_lowvol,低波,0.0583248454170396,0.06381576930981898
2025-04-22,ic_o_lowvol,低波,0.0537681480746123,0.05337547585777573
2025-04-23,ic_o_lowvol,低波,0.0962766835790756,0.048516554612294975
2025-04-24,ic_o_lowvol,低波,0.125660257003817,0.04739565894031732
2025-04-25,ic_o_lowvol,低波,0.1233804147146755,0.045006082188474315
2025-04-28,ic_o_lowvol,低波,0.0606726857169981,0.03978102536245863
2025-04-29,ic_o_lowvol,低波,0.1521127977781396,0.0369929288191712
2025-04-30,ic_o_lowvol,低波,0.159402121157115,0.036136939421405896
2025-05-06,ic_o_lowvol,低波,0.2087317233535724,0.03719586507607335
2025-05-07,ic_o_lowvol,低波,0.1588641269712925,0.04054910549982414
2025-05-08,ic_o_lowvol,低波,0.0785208662148349,0.05036483676389778
2025-05-09,ic_o_lowvol,低波,0.0572692192708172,0.0583173489214609
2025-05-12,ic_o_lowvol,低波,0.029406492089562,0.06402093175407361
2025-05-13,ic_o_lowvol,低波,0.0976446612694614,0.07231026761243935
2025-05-14,ic_o_lowvol,低波,-0.0163448602739486,0.0756369796590833
2025-05-15,ic_o_lowvol,低波,-0.0732131325093925,0.06859998425772552
2025-05-16,ic_o_lowvol,低波,-0.1177110812152367,0.06334675554100928
2025-05-19,ic_o_lowvol,低波,-0.132692007955943,0.056730262697972045
2025-05-20,ic_o_lowvol,低波,-0.2098893102025177,0.0436243997167308
2025-05-21,ic_o_lowvol,低波,-0.1639307287000287,0.037312696087697286
2025-05-22,ic_o_lowvol,低波,-0.152921124893476,0.026750397572171507
2025-05-23,ic_o_lowvol,低波,-0.2205774083893308,0.013033119748974354
2025-05-26,ic_o_lowvol,低波,-0.2024577385305933,-0.0019036013565090896
2025-05-27,ic_o_lowvol,低波,-0.2663066985545879,-0.02150194913442933
2025-05-28,ic_o_lowvol,低波,-0.2374818401937046,-0.03954506187984834
2025-05-29,ic_o_lowvol,低波,-0.2469337442218798,-0.054925383376792224
2025-05-30,ic_o_lowvol,低波,-0.3599473695506651,-0.08052839174323247
2025-06-03,ic_o_lowvol,低波,-0.3793464557267005,-0.10746582058742324
2025-06-04,ic_o_lowvol,低波,-0.3386442541516329,-0.13483461946268352
2025-06-05,ic_o_lowvol,低波,-0.2886462689852521,-0.15721013926051072
2025-06-06,ic_o_lowvol,低波,-0.2981928241250275,-0.17604582377750386
2025-06-09,ic_o_lowvol,低波,-0.2444948272066916,-0.19113402610137928
2025-06-10,ic_o_lowvol,低波,-0.2839416594232117,-0.206801433677018
2025-06-11,ic_o_lowvol,低波,-0.1963201475856155,-0.2214996741197718
2025-06-12,ic_o_lowvol,低波,-0.1020555807938684,-0.22578521014576786
2025-06-13,ic_o_lowvol,低波,-0.1020066409271338,-0.2272248855666549
2025-06-16,ic_o_lowvol,低波,-0.0457960122519892,-0.2236291321184925
2025-06-17,ic_o_lowvol,低波,-0.0977020604747805,-0.22187963474443437
2025-06-18,ic_o_lowvol,低波,-0.1222826404973141,-0.21749930125917422
2025-06-19,ic_o_lowvol,低波,-0.2020312172515158,-0.21940432568674853
2025-06-20,ic_o_lowvol,低波,-0.1835149250634888,-0.2209340156952492
2025-06-23,ic_o_lowvol,低波,-0.0894333508169234,-0.21437681281662885
2025-06-24,ic_o_lowvol,低波,-0.0607673558321958,-0.20729229368170893
2025-06-25,ic_o_lowvol,低波,-0.0467833208678527,-0.1963161247973722
2025-06-26,ic_o_lowvol,低波,-0.1160140819146978,-0.19024273688342186
2025-06-27,ic_o_lowvol,低波,-0.0689701030609758,-0.18134455482537665
2025-06-30,ic_o_lowvol,低波,-0.0223176431411308,-0.16446306850489995
2025-07-01,ic_o_lowvol,低波,-0.1040770100720373,-0.15069959622216678
2025-07-02,ic_o_lowvol,低波,-0.0546243386468552,-0.1364986004469279
2025-07-03,ic_o_lowvol,低波,0.0020224931883152,-0.12196516233824953
2025-07-04,ic_o_lowvol,低波,0.0160810018629066,-0.10625147103885282
2025-07-07,ic_o_lowvol,低波,-0.0001351165885933,-0.0940334855079479
2025-07-08,ic_o_lowvol,低波,0.1031258744011515,-0.07468010881672973
2025-07-09,ic_o_lowvol,低波,-0.0059334268864988,-0.06516077278177393
2025-07-10,ic_o_lowvol,低波,0.0119934590804199,-0.059458320788059495
2025-07-11,ic_o_lowvol,低波,0.016981069846765,-0.053508935249364564
2025-07-14,ic_o_lowvol,低波,0.0329184613510542,-0.04957321156921239
2025-07-15,ic_o_lowvol,低波,0.024554008392146,-0.04346040812586607
2025-07-16,ic_o_lowvol,低波,0.0300650368272497,-0.03584302425963788
2025-07-17,ic_o_lowvol,低波,0.0883417790067122,-0.021324374446726475
2025-07-18,ic_o_lowvol,低波,0.0134244253685272,-0.011477406925125676
2025-07-21,ic_o_lowvol,低波,-0.0064483593973587,-0.007328157354147441
2025-07-22,ic_o_lowvol,低波,-0.1389756864100038,-0.011238573883037842
2025-07-23,ic_o_lowvol,低波,-0.0537646992485602,-0.011587642802073217
2025-07-24,ic_o_lowvol,低波,-0.0344079180448736,-0.007507334608582006
2025-07-25,ic_o_lowvol,低波,0.0755578346875136,-0.00028093772115753634
2025-07-28,ic_o_lowvol,低波,0.0187577997912608,0.0017728344254620437
2025-07-29,ic_o_lowvol,低波,0.0241518242335325,0.008184276140740535
2025-07-30,ic_o_lowvol,低波,-0.026947780098284,0.009568104068169093
2025-07-31,ic_o_lowvol,低波,-0.1223954800817469,0.0033472054046659885
2025-08-01,ic_o_lowvol,低波,-0.1132521711746312,-0.003119453247210901
2025-08-04,ic_o_lowvol,低波,-0.1433082010353006,-0.010278107469546266
2025-08-05,ic_o_lowvol,低波,-0.0867345613822475,-0.019771129258716217
2025-08-06,ic_o_lowvol,低波,-0.0934042866293866,-0.024144672245860605
2025-08-07,ic_o_lowvol,低波,-0.1309708659075076,-0.03129288849525698
2025-08-08,ic_o_lowvol,低波,-0.1301288931978324,-0.03864838664748685
2025-08-11,ic_o_lowvol,低波,-0.0530245321237513,-0.04294553632122713
2025-08-12,ic_o_lowvol,低波,-0.0368955696750402,-0.046018015224586435
2025-08-13,ic_o_lowvol,低波,-0.0152608492520655,-0.04828430952855219
2025-08-14,ic_o_lowvol,低波,-0.0932181377944089,-0.057362305368608243
2025-08-15,ic_o_lowvol,低波,-0.1214836011446181,-0.06410770669426552
2025-08-18,ic_o_lowvol,低波,-0.1361017814788525,-0.0705903777983402
2025-08-19,ic_o_lowvol,低波,-0.1101902377732786,-0.06915110536650394
2025-08-20,ic_o_lowvol,低波,-0.1076943045698132,-0.0718475856325666
2025-08-21,ic_o_lowvol,低波,-0.069459501728322,-0.07360016481673902
2025-08-22,ic_o_lowvol,低波,-0.1320599747427731,-0.08398105528825335
2025-08-25,ic_o_lowvol,低波,-0.0614291079432595,-0.08799040067497936
2025-08-26,ic_o_lowvol,低波,-0.0457130272605696,-0.09148364324968447
2025-08-27,ic_o_lowvol,低波,0.0334599919036442,-0.08846325464958807
2025-08-28,ic_o_lowvol,低波,0.0786421520360436,-0.07841137304369852
2025-08-29,ic_o_lowvol,低波,0.1467398069428648,-0.06541177413782374
2025-09-01,ic_o_lowvol,低波,0.1979536365367635,-0.04834868225922053
2025-09-02,ic_o_lowvol,低波,0.0232596388566679,-0.042848972247274755
2025-09-03,ic_o_lowvol,低波,-0.0562610199697876,-0.04099180891429481
2025-09-04,ic_o_lowvol,低波,-0.1875963020030817,-0.043823080719073516
2025-09-05,ic_o_lowvol,低波,-0.1935583698343173,-0.04699455455089776
2025-09-08,ic_o_lowvol,低波,-0.2265044753380308,-0.05566855171161174
2025-09-09,ic_o_lowvol,低波,-0.2807973385173503,-0.06786364015372724
2025-09-10,ic_o_lowvol,低波,-0.2708215194977493,-0.08064167366601142
2025-09-11,ic_o_lowvol,低波,-0.0599651675818067,-0.07897902515538131
2025-09-12,ic_o_lowvol,低波,0.0094326323757618,-0.07243321347936232
2025-09-15,ic_o_lowvol,低波,-0.075655875403261,-0.06941091817558276
2025-09-16,ic_o_lowvol,低波,-0.1036131452482049,-0.06908206354932907
2025-09-17,ic_o_lowvol,低波,-0.1140528383162008,-0.06939999023664845
2025-09-18,ic_o_lowvol,低波,-0.2243754581463068,-0.07714578805754768
2025-09-19,ic_o_lowvol,低波,-0.2443769688987147,-0.08276163776534476
2025-09-22,ic_o_lowvol,低波,-0.151648688358376,-0.0872726167861006
2025-09-23,ic_o_lowvol,低波,-0.1540063132428087,-0.09268728108521254
2025-09-24,ic_o_lowvol,低波,-0.0311715033795105,-0.0959188558493703
2025-09-25,ic_o_lowvol,低波,-0.0358867913287178,-0.10164530301760835
2025-09-26,ic_o_lowvol,低波,-0.0820712672368967,-0.11308585672659643
2025-09-29,ic_o_lowvol,低波,-0.0684296367066023,-0.12640502038876472
2025-09-30,ic_o_lowvol,低波,-0.0571734673576408,-0.13042667569948013
2025-10-09,ic_o_lowvol,低波,-0.072956613189205,-0.13126145536045103
2025-10-10,ic_o_lowvol,低波,-0.120018639705765,-0.1278825722455852
2025-10-13,ic_o_lowvol,低波,-0.0387486714422046,-0.12014208732597956
2025-10-14,ic_o_lowvol,低波,-0.0064930436235077,-0.1091415157402534
2025-10-15,ic_o_lowvol,低波,0.1136266675461657,-0.0894203154370776
2025-10-16,ic_o_lowvol,低波,0.0401977170616078,-0.07386935360910975
2025-10-17,ic_o_lowvol,低波,-0.0002489551066916,-0.07088354298535399
2025-10-20,ic_o_lowvol,低波,0.0327141904942815,-0.069719465079428
2025-10-21,ic_o_lowvol,低波,0.1291098205874352,-0.0594811802798932
2025-10-22,ic_o_lowvol,低波,0.072427965150649,-0.05067912475995049
2025-10-23,ic_o_lowvol,低波,0.1018130092804882,-0.039885832380116046
2025-10-24,ic_o_lowvol,低波,0.2175496421003691,-0.01778957736778225
2025-10-27,ic_o_lowvol,低波,0.22009853935776,0.005434198045041484
2025-10-28,ic_o_lowvol,低波,0.141235135845367,0.020078389255228635
2025-10-29,ic_o_lowvol,低波,0.2307227460797571,0.03931484222135692
2025-10-30,ic_o_lowvol,低波,0.2635955820044132,0.05405319649055311
2025-10-31,ic_o_lowvol,低波,0.2403170877800344,0.06786339044599073
2025-11-03,ic_o_lowvol,低波,0.0673933882240041,0.07533662321903575
2025-11-04,ic_o_lowvol,低波,0.0307869537043703,0.0802974527395844
2025-11-05,ic_o_lowvol,低波,0.0604135529397191,0.08617680375445239
2025-11-06,ic_o_lowvol,低波,0.1150598795209638,0.09557762838996083
2025-11-07,ic_o_lowvol,低波,0.099251205990352,0.10654112067476669
2025-11-10,ic_o_lowvol,低波,-0.1228526171790625,0.10233592338792379
2025-11-11,ic_o_lowvol,低波,-0.1452252381980944,0.09539931365919445
2025-11-12,ic_o_lowvol,低波,-0.0647874817001464,0.08647860619687883
2025-11-13,ic_o_lowvol,低波,0.0675738594091247,0.08784741331425469
2025-11-14,ic_o_lowvol,低波,-0.0938153057667542,0.08316909578125156
2025-11-17,ic_o_lowvol,低波,-0.0399417044313944,0.07953630103496777
2025-11-18,ic_o_lowvol,低波,0.0319557443540451,0.07467859722329825
2025-11-19,ic_o_lowvol,低波,-0.0167182662538699,0.07022128565307231
2025-11-20,ic_o_lowvol,低波,0.0055492053784042,0.06540809545796811
2025-11-21,ic_o_lowvol,低波,-0.1589577842971508,0.04658272413809211
2025-11-24,ic_o_lowvol,低波,-0.2683655710805032,0.02215951861617896
2025-11-25,ic_o_lowvol,低波,-0.2954129580826414,0.00032711391977853775
2025-11-26,ic_o_lowvol,低波,-0.2758718852415506,-0.025002617646286845
2025-11-27,ic_o_lowvol,低波,-0.2542712943165432,-0.050895961462334674
2025-11-28,ic_o_lowvol,低波,-0.2397493908806126,-0.07489928539536701
2025-12-01,ic_o_lowvol,低波,-0.2032222435621716,-0.0884300669846758
2025-12-02,ic_o_lowvol,低波,-0.2571105365223012,-0.10282494149600938
2025-12-03,ic_o_lowvol,低波,-0.26433792451892,-0.11906251536894134
2025-12-04,ic_o_lowvol,低波,-0.2837516059318868,-0.13900308964158387
2025-12-05,ic_o_lowvol,低波,-0.3224076525822594,-0.16008603257021442
2025-12-08,ic_o_lowvol,低波,-0.3134230023370295,-0.16961455182811278
2025-12-09,ic_o_lowvol,低波,-0.3395728705683457,-0.17933193344662535
2025-12-10,ic_o_lowvol,低波,-0.3319452041171498,-0.19268981956747552
2025-12-11,ic_o_lowvol,低波,-0.3682437472030233,-0.2144806998980829
2025-12-12,ic_o_lowvol,低波,-0.3707970762269405,-0.22832978842109225
2025-12-15,ic_o_lowvol,低波,-0.3676131659629629,-0.2447133614976707
2025-12-16,ic_o_lowvol,低波,-0.4049773755656108,-0.26656001749365343
2025-12-17,ic_o_lowvol,低波,-0.3552284819253145,-0.2834855282772257
2025-12-18,ic_o_lowvol,低波,-0.3165646674826601,-0.29959122192027887
2025-12-19,ic_o_lowvol,低波,-0.2951950068667735,-0.30640308304876
2025-12-22,ic_o_lowvol,低波,-0.1981411935686763,-0.3028918641731687
2025-12-23,ic_o_lowvol,低波,-0.1709625612935925,-0.2966693443337162
2025-12-24,ic_o_lowvol,低波,-0.1452226110001771,-0.29013688062164755
2025-12-25,ic_o_lowvol,低波,-0.1619567540501096,-0.28552115360832586
2025-12-26,ic_o_lowvol,低波,-0.1661457856266144,-0.28184097334562597
2025-12-29,ic_o_lowvol,低波,-0.1335190512509645,-0.27835581373006557
2025-12-30,ic_o_lowvol,低波,-0.0631786567009239,-0.26865921973899676
2025-12-31,ic_o_lowvol,低波,-0.0664533463617666,-0.2587649908311391
2026-01-05,ic_o_lowvol,低波,-0.0029951760385916,-0.24472716933647432
2026-01-06,ic_o_lowvol,低波,-0.0149926800585595,-0.2293564207102893
2026-01-07,ic_o_lowvol,低波,0.0705618355053159,-0.21015717881817206
2026-01-08,ic_o_lowvol,低波,0.1632370941032472,-0.18501668058459242
2026-01-09,ic_o_lowvol,低波,0.0792857657138743,-0.16445513209304125
2026-01-12,ic_o_lowvol,低波,-0.0925445151706044,-0.15067017049142026
2026-01-13,ic_o_lowvol,低波,-0.115297477620179,-0.13789519056108218
2026-01-14,ic_o_lowvol,低波,-0.0999378403483818,-0.12451142428035314
2026-01-15,ic_o_lowvol,低波,0.0468788249694002,-0.1019186142536026
2026-01-16,ic_o_lowvol,低波,0.0245350037199702,-0.08293043997133835
2026-01-19,ic_o_lowvol,低波,0.2170662634698922,-0.056248893423710734
2026-01-20,ic_o_lowvol,低波,0.0276837785297717,-0.04010495415388348
2026-01-21,ic_o_lowvol,低波,0.0513067895456836,-0.02763255499816548
2026-01-22,ic_o_lowvol,低波,0.2245423383867364,-0.007857310014149035
2026-01-23,ic_o_lowvol,低波,0.277389780881753,0.013273309579947467
2026-01-26,ic_o_lowvol,低波,0.263640290877673,0.034553161826336595
2026-01-27,ic_o_lowvol,低波,0.2759305925552595,0.05665698073543028
2026-01-28,ic_o_lowvol,低波,0.1912232702138383,0.07289409680867043
2026-01-29,ic_o_lowvol,低波,0.1223006215950272,0.08216806072346798
2026-01-30,ic_o_lowvol,低波,0.1694770441836465,0.09396458025073864
2026-02-02,ic_o_lowvol,低波,-0.0062183502531979,0.09380342154000833
2026-02-03,ic_o_lowvol,低波,0.1226534187726498,0.10068572648156879
2026-02-04,ic_o_lowvol,低波,0.037096525485718,0.0990124609805889
2026-02-05,ic_o_lowvol,低波,-0.1388085223854538,0.08391018015615384
2026-02-06,ic_o_lowvol,低波,-0.0294357645138838,0.07847410364476594
2026-02-09,ic_o_lowvol,低波,0.1163198694410445,0.08891732287534838
2026-02-10,ic_o_lowvol,低波,0.1288741690066479,0.10112590520668974
2026-02-11,ic_o_lowvol,低波,0.213406292749658,0.11679311186159172
2026-02-12,ic_o_lowvol,低波,0.301312789497684,0.1295148100880059
2026-02-13,ic_o_lowvol,低波,0.218453452372381,0.13921073252062646
2026-02-24,ic_o_lowvol,低波,0.3189982480140159,0.14430733174783264
2026-02-25,ic_o_lowvol,低波,0.3325639193703018,0.15955133878985914
2026-02-26,ic_o_lowvol,低波,0.3216626669353509,0.17306913265934248
2026-02-27,ic_o_lowvol,低波,0.3559208598014577,0.17963805873007857
2026-03-02,ic_o_lowvol,低波,0.3952481941660803,0.18553097939429491
2026-03-03,ic_o_lowvol,低波,0.4272533919880327,0.19371163444981293
2026-03-04,ic_o_lowvol,低波,0.3767991157845885,0.19875506061127937
2026-03-05,ic_o_lowvol,低波,0.3899001532112482,0.20868890476114985
2026-03-06,ic_o_lowvol,低波,0.339896764123856,0.2195687118875913
2026-03-09,ic_o_lowvol,低波,0.214030202551279,0.22179636980597292
2026-03-10,ic_o_lowvol,低波,0.1135924387323437,0.22778690925524997
2026-03-11,ic_o_lowvol,低波,0.0503875968992248,0.22417361816157877
2026-03-12,ic_o_lowvol,低波,0.0763769889840881,0.22613764133649727
2026-03-13,ic_o_lowvol,低波,0.0403964768281853,0.2350978912971792
2026-03-16,ic_o_lowvol,低波,0.0276909784721722,0.23795422844648204
2026-03-17,ic_o_lowvol,低波,-0.0165910672714618,0.23130868161085666
2026-03-18,ic_o_lowvol,低波,-0.0096779341900544,0.2243810764510216
2026-03-19,ic_o_lowvol,低波,-0.1527924693357544,0.20607113834675098
2026-03-20,ic_o_lowvol,低波,-0.1623923008615931,0.18288588382878712
2026-03-23,ic_o_lowvol,低波,-0.1880518084166516,0.16256062078933547
2026-03-24,ic_o_lowvol,低波,-0.1640506875944992,0.13840817400890973
2026-03-25,ic_o_lowvol,低波,-0.12923184368438,0.11531838585617564
2026-03-26,ic_o_lowvol,低波,-0.119621114803772,0.0932541967692195
2026-03-27,ic_o_lowvol,低波,-0.0784265725874193,0.07153682514977565
2026-03-30,ic_o_lowvol,低波,-0.0112871097031223,0.051210059956315515
2026-03-31,ic_o_lowvol,低波,-0.187641411453589,0.020465319784234437
2026-04-01,ic_o_lowvol,低波,-0.0471404228766169,-0.0007316571488258369
2026-04-02,ic_o_lowvol,低波,-0.1242614804650669,-0.026439738832641592
2026-04-03,ic_o_lowvol,低波,-0.1257445940432476,-0.049721806740996764
2026-04-07,ic_o_lowvol,低波,-0.1135142918856649,-0.06609903146284396
2026-04-08,ic_o_lowvol,低波,-0.0339957280341757,-0.07347843980116994
2026-04-09,ic_o_lowvol,低波,0.004970363219313,-0.07574930148516554
2026-04-10,ic_o_lowvol,低波,-0.0490413253687191,-0.08202021720280588
2026-04-13,ic_o_lowvol,低波,-0.0340893272853817,-0.08574450740848423
2026-04-14,ic_o_lowvol,低波,0.0384956920344637,-0.08520427173036967
2026-04-15,ic_o_lowvol,低波,0.0125206998344013,-0.0837486833750765
2026-04-16,ic_o_lowvol,低波,0.0760289917680658,-0.07946333707717049
2026-04-17,ic_o_lowvol,低波,0.0430268557851537,-0.0696723708211251
2026-04-20,ic_o_lowvol,低波,0.0829000799946263,-0.05740775177831412
2026-04-21,ic_o_lowvol,低波,0.0182815200200291,-0.047091085356480086
2026-04-22,ic_o_lowvol,低波,0.0857530181178669,-0.034600900070861786
2026-04-23,ic_o_lowvol,低波,0.0290386777307702,-0.026687374000104274
2026-04-24,ic_o_lowvol,低波,0.1273539654459879,-0.014338619987616277
2026-04-27,ic_o_lowvol,低波,0.1187084340645637,-0.004481869655017127
2026-04-28,ic_o_lowvol,低波,0.0811268135434189,0.0001388265073099325
2026-04-29,ic_o_lowvol,低波,0.1498903890425681,0.01701541653211779
2026-04-30,ic_o_lowvol,低波,0.0639729650308551,0.022571085927491387
2026-05-06,ic_o_lowvol,低波,0.1415996580557262,0.035864142853531046
2026-05-07,ic_o_lowvol,低波,0.1320998747302766,0.048756366292207254
2026-05-08,ic_o_lowvol,低波,0.1101547179463635,0.05993981678380868
2026-05-11,ic_o_lowvol,低波,0.1585783526047576,0.06956852081575533
2026-05-12,ic_o_lowvol,低波,0.1315699378898282,0.0758984995492811
2026-05-13,ic_o_lowvol,低波,0.2068235926831988,0.088691745451877
2026-05-14,ic_o_lowvol,低波,0.2247312603708246,0.10163277483468731
2026-05-15,ic_o_lowvol,低波,0.1980665175672751,0.10961131611132788
2026-05-18,ic_o_lowvol,低波,0.0909746771517206,0.11353401497719384
2026-05-19,ic_o_lowvol,低波,0.0395498160305894,0.11171005619032001
2026-05-20,ic_o_lowvol,低波,0.1020983717520202,0.11466363198866333
2026-05-21,ic_o_lowvol,低波,0.0077562341404179,0.11090643969595293
2026-05-22,ic_o_lowvol,低波,0.0301578660860098,0.11150025699925196
2026-05-25,ic_o_lowvol,低波,0.2445146945976612,0.1194383408232417
2026-05-26,ic_o_lowvol,低波,0.1899600579782385,0.1274844098356151
2026-05-27,ic_o_lowvol,低波,0.1243921794964288,0.12733632053813712
2026-05-28,ic_o_lowvol,低波,0.1762840146650839,0.13021509956816316
2026-05-29,ic_o_lowvol,低波,0.0914416511992444,0.13073084145095443
2026-06-01,ic_o_lowvol,低波,0.0113739661968505,0.12380502030866854
2026-06-02,ic_o_lowvol,低波,0.0817283822683717,0.12469279117054437
2026-06-03,ic_o_lowvol,低波,0.1353660696132379,0.12438111174841997
2026-06-04,ic_o_lowvol,低波,0.1196358651809196,0.1237579112709521
2026-06-05,ic_o_lowvol,低波,0.0801845336943894,0.1222594020583534
2026-06-08,ic_o_lowvol,低波,0.017557437151983,0.11520835628571466
2026-06-09,ic_o_lowvol,低波,0.1282381567642371,0.11504176722943511
2026-06-10,ic_o_lowvol,低波,0.0664296817099645,0.10802207168077341
2026-06-11,ic_o_lowvol,低波,0.0769208570810186,0.10063155151628311
2026-06-12,ic_o_lowvol,低波,0.1983263691629452,0.1006445440960666
2026-06-15,ic_o_lowvol,低波,0.2271843348468951,0.10745502698082535
2026-06-16,ic_o_lowvol,低波,0.2542030943589273,0.11818769089724224
2026-06-17,ic_o_lowvol,低波,0.3990935981268569,0.13303745221598406
2026-06-18,ic_o_lowvol,低波,0.3896334384899423,0.1521313124334603
2026-06-22,ic_o_lowvol,低波,0.3256265125827207,0.1669047447582958
2026-06-23,ic_o_lowvol,低波,0.2837431380393649,0.168866166930381
2026-06-24,ic_o_lowvol,低波,0.174476457818208,0.1680919869223795
2026-06-25,ic_o_lowvol,低波,0.1109824891176194,0.167421502403439
2026-06-26,ic_o_lowvol,低波,0.145054469374504,0.16586002513891002
2026-06-29,ic_o_lowvol,低波,0.0862840622598643,0.16560214569194104
2026-06-30,ic_o_lowvol,低波,0.0639557686379705,0.16823123581399702
2026-07-01,ic_o_lowvol,低波,0.0825271691010093,0.1682711751556289
2026-07-02,ic_o_lowvol,低波,0.1069934610516098,0.16685254472754749
2026-07-03,ic_o_lowvol,低波,0.1380367414131212,0.16777258853915758
2026-07-06,ic_o_lowvol,低波,0.2046539997770068,0.17399606184328845
2026-07-07,ic_o_lowvol,低波,0.137564520466187,0.17999641600899866
2026-07-08,ic_o_lowvol,低波,0.1111988509290291,0.17914445071723822
2026-07-09,ic_o_lowvol,低波,0.0003607243344636,0.1758410028484632
2026-07-10,ic_o_lowvol,低波,0.0279462979845347,0.173392274893639
2026-07-13,ic_o_lowvol,低波,0.0666920266804835,0.16681055776951592
2026-07-14,ic_o_lowvol,低波,0.1447817255620892,0.1626904273052756
2026-07-15,ic_o_lowvol,低波,0.186124483508955,0.159286496762777
2026-07-16,ic_o_lowvol,低波,0.2194976221692611,0.1503066979648972
2026-07-17,ic_o_lowvol,低波,0.1252211896032688,0.13708608552056353
2026-07-20,ic_o_lowvol,低波,-0.0459300457136111,0.11850825760574697
2026-07-21,ic_o_lowvol,低波,-0.0457831325301204,0.1020319440772727
2026-07-22,ic_o_lowvol,低波,0.0337100390959921,0.09499362314116189
2026-07-23,ic_o_lowvol,低波,-0.0378078454263433,0.08755410641396376
2026-07-24,ic_o_lowvol,低波,-0.0798774848987676,0.07630750870030018
2026-07-27,ic_o_lowvol,低波,-0.1072295715250769,0.06663182701105312
2026-07-28,ic_o_lowvol,低波,-0.1023656957716549,0.05831575379057184
2026-07-29,ic_o_lowvol,低波,-0.1913190049255268,0.04462344508924505
2026-07-30,ic_o_lowvol,低波,-0.1705217192264596,0.030747686075341573
2026-07-31,ic_o_lowvol,低波,-0.2132577429529634,0.013182961857037342
2026-08-03,ic_o_lowvol,低波,-0.248326567019302,-0.009466066482778097
2020-04-03,ic_o_rev,反转,-0.1407366190277083,
2020-04-07,ic_o_rev,反转,-0.0475533411532586,
2020-04-08,ic_o_rev,反转,-0.0125235097025707,
2020-04-09,ic_o_rev,反转,0.0220742738272071,
2020-04-10,ic_o_rev,反转,-0.0534203224596925,
2020-04-13,ic_o_rev,反转,0.1823796740130318,
2020-04-14,ic_o_rev,反转,-0.0097277840269966,
2020-04-15,ic_o_rev,反转,0.0862962129733783,
2020-04-16,ic_o_rev,反转,0.2569002728165961,
2020-04-17,ic_o_rev,反转,-0.0159250093738282,0.026776384788615843
2020-04-20,ic_o_rev,反转,0.2837529565101902,0.05013789130875897
2020-04-21,ic_o_rev,反转,0.1903024976417553,0.061818275169842
2020-04-22,ic_o_rev,反转,0.0174638432153825,0.058406395788729734
2020-04-23,ic_o_rev,反转,0.1321784776902887,0.06367583021026965
2020-04-24,ic_o_rev,反转,-0.0447636731237039,0.05644652998800475
2020-04-27,ic_o_rev,反转,-0.083123856385148,0.0477233808396827
2020-04-28,ic_o_rev,反转,-0.2311184568708364,0.03132091979788747
2020-04-29,ic_o_rev,反转,-0.1547656542932133,0.02098277679282631
2020-04-30,ic_o_rev,反转,-0.013585383339627,0.01916339994374982
2020-05-06,ic_o_rev,反转,0.106177887031071,0.02351412429811588
2020-05-07,ic_o_rev,反转,0.0498270705794978,0.03304230877847618
2020-05-08,ic_o_rev,反转,0.0349546306711661,0.03716770736969742
2020-05-11,ic_o_rev,反转,0.1065806451612903,0.043122915112890466
2020-05-12,ic_o_rev,反转,0.073901762279715,0.04571428953551586
2020-05-13,ic_o_rev,反转,-0.0738838753414784,0.04469111189142657
2020-05-14,ic_o_rev,反转,-0.04187776527934,0.03347823992680798
2020-05-15,ic_o_rev,反转,0.2030209269157542,0.04411567547394552
2020-05-18,ic_o_rev,反转,-0.0210963945952912,0.03874604509551204
2020-05-19,ic_o_rev,反转,-0.2110089403960984,0.015350584434877319
2020-05-20,ic_o_rev,反转,0.0033925759280089,0.016316463699969173
2020-05-21,ic_o_rev,反转,-0.1383637045369329,-0.004789369352386984
2020-05-22,ic_o_rev,反转,0.1133588301462317,-0.008636552727163163
2020-05-25,ic_o_rev,反转,-0.0617472815898012,-0.01259710896742235
2020-05-26,ic_o_rev,反转,2.9996250468691414e-06,-0.01920588287068444
2020-05-27,ic_o_rev,反转,0.0602594675665541,-0.01395472583617154
2020-05-28,ic_o_rev,反转,0.0896289308271436,-0.0053170864755569605
2020-05-29,ic_o_rev,反转,-0.0556460442444694,0.0034565341557613897
2020-06-01,ic_o_rev,反转,-0.265031871016123,-0.002056776680384097
2020-06-02,ic_o_rev,反转,-0.0047964292250085,-0.0016173289746531719
2020-06-03,ic_o_rev,反转,-0.0349846269216348,-0.008675454672288464
2020-06-04,ic_o_rev,反转,0.0016827896512935,-0.011082668718698677
2020-06-05,ic_o_rev,反转,0.0167049118860142,-0.011995154657956272
2020-06-08,ic_o_rev,反转,0.1743412073490814,-0.00860712654856672
2020-06-09,ic_o_rev,反转,0.212324154209284,-0.001686006952088269
2020-06-10,ic_o_rev,反转,0.0895176651305683,0.006484070071514067
2020-06-11,ic_o_rev,反转,-0.0684976958525345,0.005153073542854342
2020-06-12,ic_o_rev,反转,-0.013800307219662,-0.005687988163916468
2020-06-15,ic_o_rev,反转,-0.0875453149001536,-0.009010434179159588
2020-06-16,ic_o_rev,反转,0.0130629800307219,0.002193161842181427
2020-06-17,ic_o_rev,反转,0.0081228878648233,0.0024296774390221475
2020-06-18,ic_o_rev,反转,-0.124626728110599,0.003116526260338842
2020-06-19,ic_o_rev,反转,-0.1443809523809523,-0.009770462866020357
2020-06-22,ic_o_rev,反转,-0.0937450076804915,-0.011370349170554874
2020-06-23,ic_o_rev,反转,-0.0594101382488479,-0.014341006064249612
2020-06-24,ic_o_rev,反转,0.0206451612903225,-0.01632172137806119
2020-06-29,ic_o_rev,反转,-0.1140399385560675,-0.026505164847221745
2020-06-30,ic_o_rev,反转,-0.0852826562750227,-0.027986995448749413
2020-07-01,ic_o_rev,反转,-0.0976139668152884,-0.019616100238707683
2020-07-02,ic_o_rev,反转,0.0244221753352261,-0.018155170010695953
2020-07-03,ic_o_rev,反转,0.0753323012864997,-0.012639323600289225
2020-07-06,ic_o_rev,反转,0.2132546842470506,-0.0020607288705013715
2020-07-07,ic_o_rev,反转,0.0550208456787088,-0.0001449321808666415
2020-07-08,ic_o_rev,反转,0.0169433619815299,-0.008014824449244217
2020-07-09,ic_o_rev,反转,-0.0561629210484172,-0.021439178212129276
2020-07-10,ic_o_rev,反转,0.1113028991246637,-0.020349916512424508
2020-07-13,ic_o_rev,反转,-0.1484357290144614,-0.02434681817052085
2020-07-14,ic_o_rev,反转,0.0380586925944639,-0.021753868179814555
2020-07-15,ic_o_rev,反转,-0.1424381051222876,-0.024498507690921257
2020-07-16,ic_o_rev,反转,-0.016351668762108,-0.025969240130562753
2020-07-17,ic_o_rev,反转,-0.0856463969192533,-0.03065770436976658
2020-07-20,ic_o_rev,反转,-0.0601131692734746,-0.02743202642791036
2020-07-21,ic_o_rev,反转,0.0588480222068008,-0.017270577698522707
2020-07-22,ic_o_rev,反转,0.2079646608398087,-0.002185094272507698
2020-07-23,ic_o_rev,反转,0.2186729301233118,0.011719059146100287
2020-07-24,ic_o_rev,反转,0.1279455078545791,0.017084076474313113
2020-07-27,ic_o_rev,反转,0.3033874758283221,0.037955447193532596
2020-07-28,ic_o_rev,反转,0.1628249612982437,0.05036082807219592
2020-07-29,ic_o_rev,反转,0.0167298350504457,0.05607801816548262
2020-07-30,ic_o_rev,反转,0.2131325738882464,0.06551353809313364
2020-07-31,ic_o_rev,反转,0.2119928061190933,0.07234656333476333
2020-08-03,ic_o_rev,反转,-0.0019297522150129,0.06158734151166014
2020-08-04,ic_o_rev,反转,0.1115039122190608,0.06441149483867774
2020-08-05,ic_o_rev,反转,0.3973309133614477,0.08343087240767363
2020-08-06,ic_o_rev,反转,0.2569026008951747,0.09908414850485323
2020-08-07,ic_o_rev,反转,0.1218066003932654,0.0996093335682833
2020-08-10,ic_o_rev,反转,0.1316927347461698,0.11361575675631488
2020-08-11,ic_o_rev,反转,-0.1407569529706934,0.10467497447805703
2020-08-12,ic_o_rev,反转,0.1263652378156195,0.11811514162495237
2020-08-13,ic_o_rev,反转,-0.0992099503549885,0.11397222754530834
2020-08-14,ic_o_rev,反转,0.07728607270592,0.12211885102656701
2020-08-17,ic_o_rev,反转,0.3036139433085998,0.14030520665567076
2020-08-18,ic_o_rev,反转,0.0920461218171141,0.1419651116361864
2020-08-19,ic_o_rev,反转,0.0890465437825306,0.13601920578332247
2020-08-20,ic_o_rev,反转,0.2469869308000528,0.1374349058171595
2020-08-21,ic_o_rev,反转,-0.0899002961356378,0.1265426156176487
2020-08-24,ic_o_rev,反转,0.0691133294186729,0.11482890829716622
2020-08-25,ic_o_rev,反转,0.0425826082314631,0.10881679064382721
2020-08-26,ic_o_rev,反转,0.099536110267314,0.11295710440467062
2020-08-27,ic_o_rev,反转,-0.0777718464741365,0.09841188338655146
2020-08-28,ic_o_rev,反转,-0.0303475150803395,0.08629486732657984
2020-08-31,ic_o_rev,反转,0.204083974916072,0.09659555368313408
2020-09-01,ic_o_rev,反转,-0.075396359365825,0.08725054010388979
2020-09-02,ic_o_rev,反转,-0.1755458282175839,0.0586067030249382
2020-09-03,ic_o_rev,反转,-0.0492662641669549,0.04329825977183173
2020-09-04,ic_o_rev,反转,0.0695164542738758,0.04068375246586224
2020-09-07,ic_o_rev,反转,0.150637911706614,0.041631011313884456
2020-09-08,ic_o_rev,反转,-0.1236803017140664,0.04248484387671581
2020-09-09,ic_o_rev,反转,0.2655154006299045,0.04944235201743006
2020-09-10,ic_o_rev,反转,-0.0083622595983894,0.05398473655526002
2020-09-11,ic_o_rev,反转,-0.0494128668831738,0.04764978957580532
2020-09-14,ic_o_rev,反转,0.141143185076161,0.03952625166418338
2020-09-15,ic_o_rev,反转,0.0517802807879143,0.03751295961272339
2020-09-16,ic_o_rev,反转,0.1837933059307105,0.04225029772013239
2020-09-17,ic_o_rev,反转,0.1963035769814071,0.0397161300292001
2020-09-18,ic_o_rev,反转,0.1440772967490524,0.05141500967343461
2020-09-21,ic_o_rev,反转,0.1584583355575722,0.05588225998037958
2020-09-22,ic_o_rev,反转,-0.0399615651524048,0.051755051311186184
2020-09-23,ic_o_rev,反转,-0.0643410025089414,0.04356119567237341
2020-09-24,ic_o_rev,反转,0.1427269293853422,0.054586134465347345
2020-09-25,ic_o_rev,反转,0.2062512761589358,0.06641607402731112
2020-09-28,ic_o_rev,反转,0.1147521949931558,0.0619494850311653
2020-09-29,ic_o_rev,反转,0.1170987941018878,0.07157424270455093
2020-09-30,ic_o_rev,反转,0.1031751125581163,0.08551028974333594
2020-10-09,ic_o_rev,反转,-0.0245397135524424,0.08674661727406158
2020-10-12,ic_o_rev,反转,-0.1498044868078581,0.07578057021997489
2020-10-13,ic_o_rev,反转,-0.3256712752895959,0.05196511087016438
2020-10-14,ic_o_rev,反转,-0.234501865704861,0.04642403267062466
2020-10-15,ic_o_rev,反转,0.0080819943415363,0.03355236235620625
2020-10-16,ic_o_rev,反转,0.1743830373325296,0.0426896272027522
2020-10-19,ic_o_rev,反转,-0.0540010329379557,0.0424602189000131
2020-10-20,ic_o_rev,反转,-0.1673036886777344,0.02703787521231833
2020-10-21,ic_o_rev,反转,0.1060842641991682,0.02975307438288103
2020-10-22,ic_o_rev,反转,0.0736774675705973,0.024247282464875366
2020-10-23,ic_o_rev,反转,-0.1872043986547803,0.005071883683065997
2020-10-26,ic_o_rev,反转,-0.1129397320237014,-0.0077789677555716915
2020-10-27,ic_o_rev,反转,0.0222868734319116,-0.014587540861854719
2020-10-28,ic_o_rev,反转,-0.2505631772807345,-0.025117621468271206
2020-10-29,ic_o_rev,反转,0.0466289435755084,-0.01956912416404872
2020-10-30,ic_o_rev,反转,0.0678108151390594,-0.023314929876362862
2020-11-02,ic_o_rev,反转,-0.054059680777238,-0.03633047772317155
2020-11-03,ic_o_rev,反转,-0.2046548870976352,-0.05230083182771109
2020-11-04,ic_o_rev,反转,-0.067180910692361,-0.061514817067423545
2020-11-05,ic_o_rev,反转,0.0074814598322009,-0.06629949970371932
2020-11-06,ic_o_rev,反转,-0.1312176373245075,-0.07163339589232257
2020-11-09,ic_o_rev,反转,-0.1209284697172775,-0.07018959503779354
2020-11-10,ic_o_rev,反转,-0.0736565080697414,-0.05758885667680082
2020-11-11,ic_o_rev,反转,-0.0131452692378129,-0.0465210268534484
2020-11-12,ic_o_rev,反转,-0.0531042186305638,-0.04958033750205341
2020-11-13,ic_o_rev,反转,-0.0595527405551437,-0.06127712639643708
2020-11-16,ic_o_rev,反转,-0.0851438637698179,-0.06283426793803018
2020-11-17,ic_o_rev,反转,0.1381734615031678,-0.04756041042898508
2020-11-18,ic_o_rev,反转,0.0305023221053755,-0.05133950753367471
2020-11-19,ic_o_rev,反转,0.0259168658475459,-0.05372753761982728
2020-11-20,ic_o_rev,反转,-0.0671382053061442,-0.04772422795239547
2020-11-23,ic_o_rev,反转,0.1507660278652645,-0.03453893995794718
2020-11-24,ic_o_rev,反转,0.0988202637057598,-0.030712270444254775
2020-11-25,ic_o_rev,反转,0.0828538980061299,-0.01404141667991155
2020-11-26,ic_o_rev,反转,0.0917631986334276,-0.011784703927015592
2020-11-27,ic_o_rev,反转,0.1837025569849997,-0.005990116834718576
2020-11-30,ic_o_rev,反转,0.2794533710564245,0.010685535756964548
2020-12-01,ic_o_rev,反转,0.2060588266695137,0.031221221445321995
2020-12-02,ic_o_rev,反转,0.1652951722536792,0.042845025592624
2020-12-03,ic_o_rev,反转,0.0572609665811095,0.04533400093006944
2020-12-04,ic_o_rev,反转,-0.1719118804091266,0.04329928877583848
2020-12-07,ic_o_rev,反转,-0.23962672995318,0.037364375764043355
2020-12-08,ic_o_rev,反转,-0.1510884391031945,0.0334927792123707
2020-12-09,ic_o_rev,反转,0.0962491036643194,0.03896249785747731
2020-12-10,ic_o_rev,反转,-0.1581030933320277,0.03371255412240411
2020-12-11,ic_o_rev,反转,-0.0045700727973273,0.03646168751029494
2020-12-14,ic_o_rev,反转,0.0033077678019701,0.04088426908888433
2020-12-15,ic_o_rev,反转,-0.163263620171766,0.025812415005137646
2020-12-16,ic_o_rev,反转,0.057194173856827,0.027147007592710225
2020-12-17,ic_o_rev,反转,0.1565759244689221,0.03367996052377903
2020-12-18,ic_o_rev,反转,0.0907883556254917,0.04157628857036083
2020-12-21,ic_o_rev,反转,0.0212557041699449,0.03510077238559485
2020-12-22,ic_o_rev,反转,-0.0500645161290322,0.027656533393855248
2020-12-23,ic_o_rev,反转,0.0323335955940204,0.025130518273249774
2020-12-24,ic_o_rev,反转,-0.0784559945965678,0.016619558611750004
2020-12-25,ic_o_rev,反转,0.2006077114207226,0.017464816333536148
2020-12-28,ic_o_rev,反转,0.060270747869072,0.006505685174168524
2020-12-29,ic_o_rev,反转,-0.0046734927985782,-0.00403093079923607
2020-12-30,ic_o_rev,反转,0.1040824804582723,-0.007091565389006416
2020-12-31,ic_o_rev,反转,0.2452349394216588,0.002307133253021049
2021-01-04,ic_o_rev,反转,0.2188660929303489,0.021846031919994825
2021-01-05,ic_o_rev,反转,0.187956204379562,0.043225178636631924
2021-01-06,ic_o_rev,反转,-0.0055957959191293,0.05049981079583519
2021-01-07,ic_o_rev,反转,0.1349198200384564,0.052433346614542034
2021-01-08,ic_o_rev,反转,0.1924972464390389,0.06996336360309537
2021-01-11,ic_o_rev,反转,-0.0185515335934437,0.06926429056328955
2021-01-12,ic_o_rev,反转,0.2162992140683629,0.07991386287660918
2021-01-13,ic_o_rev,反转,0.4044561017044075,0.10829984897041786
2021-01-14,ic_o_rev,反转,0.298322661340004,0.1203562733445767
2021-01-15,ic_o_rev,反转,0.0047440643774002,0.11276468034000062
2021-01-18,ic_o_rev,反转,0.1406042899546362,0.11525547705645785
2021-01-19,ic_o_rev,反转,0.0403350480882255,0.11620944425237187
2021-01-20,ic_o_rev,反转,-0.1250770063658595,0.11245881974053051
2021-01-21,ic_o_rev,反转,-0.0122650139078163,0.11022888926543868
2021-01-22,ic_o_rev,反转,0.1208393227173446,0.1201936551311343
2021-01-25,ic_o_rev,反转,0.0657774376015083,0.1134521414401736
2021-01-26,ic_o_rev,反转,-0.073669423338996,0.10675513287977019
2021-01-27,ic_o_rev,反转,0.1083082868183769,0.11240422186061791
2021-01-28,ic_o_rev,反转,0.1246196352231784,0.11343107959886323
2021-01-29,ic_o_rev,反转,0.0280256501204099,0.1025706151338008
2021-02-01,ic_o_rev,反转,-0.0486446879608714,0.08919507608923977
2021-02-02,ic_o_rev,反转,0.0960619411204659,0.08460036292628496
2021-02-03,ic_o_rev,反转,-0.0171514378622191,0.08402258082913047
2021-02-04,ic_o_rev,反转,0.0011760972240371,0.07733539468840953
2021-02-05,ic_o_rev,反转,0.1264444527414266,0.07403275500352889
2021-02-08,ic_o_rev,反转,-0.1217120615304198,0.06887472860668009
2021-02-09,ic_o_rev,反转,0.0239046427838034,0.05925500004245212
2021-02-10,ic_o_rev,反转,0.0190602423133645,0.03998520707289997
2021-02-18,ic_o_rev,反转,-0.212710250714059,0.01443356147019682
2021-02-19,ic_o_rev,反转,-0.181830910158092,0.005104812743422208
2021-02-22,ic_o_rev,反转,0.038311833778259,-9.810065396650969e-06
2021-02-23,ic_o_rev,反转,0.0025902171465392,-0.001897051612480966
2021-02-24,ic_o_rev,反转,0.0350566055787915,0.006109628984751585
2021-02-25,ic_o_rev,反转,0.0392545783784792,0.008685608599066358
2021-02-26,ic_o_rev,反转,0.0801939627009166,0.0066533405982449586
2021-03-01,ic_o_rev,反转,0.1608732988593723,0.011408133661138159
2021-03-02,ic_o_rev,反转,0.1176890622958164,0.020976057942878778
2021-03-03,ic_o_rev,反转,0.0640786305001213,0.018764575126966
2021-03-04,ic_o_rev,反转,-0.0715972520395019,0.008953730763831982
2021-03-05,ic_o_rev,反转,0.0053811177837111,0.007821504146997043
2021-03-08,ic_o_rev,反转,0.0862097933429163,0.014564228212186428
2021-03-09,ic_o_rev,反转,-0.1418037224410551,0.002670945034110378
2021-03-10,ic_o_rev,反转,-0.0977841975752966,-0.0013606929515434976
2021-03-11,ic_o_rev,反转,-0.1090456811096384,-0.006871781868227273
2021-03-12,ic_o_rev,反转,-0.0939430992962084,-0.017891159470109018
2021-03-15,ic_o_rev,反转,-0.1271171015615873,-0.018161411471667395
2021-03-16,ic_o_rev,反转,-0.0772443855358709,-0.02321886288765111
2021-03-17,ic_o_rev,反转,-0.0073739429126141,-0.02454057214895004
2021-03-18,ic_o_rev,反转,-0.0290337334552989,-0.015356746286012034
2021-03-19,ic_o_rev,反转,-0.1722329045867791,-0.014876846007446393
2021-03-22,ic_o_rev,反转,-0.0654227416133067,-0.020063574777024674
2021-03-23,ic_o_rev,反转,0.0537831127373196,-0.017503929997485658
2021-03-24,ic_o_rev,反转,0.0973687158138406,-0.014388324485733201
2021-03-25,ic_o_rev,反转,-0.0697397651539193,-0.019838041662353128
2021-03-26,ic_o_rev,反转,0.0576240969253458,-0.02096653495113167
2021-03-29,ic_o_rev,反转,0.0206330389978904,-0.02797854794420576
2021-03-30,ic_o_rev,反转,0.0589028693038624,-0.03091785759380346
2021-03-31,ic_o_rev,反转,-0.1540547351914424,-0.041824525878381646
2021-04-01,ic_o_rev,反转,-0.1786503101844586,-0.04717717878562948
2021-04-02,ic_o_rev,反转,-0.1257632098158418,-0.053734395165607116
2021-04-06,ic_o_rev,反转,-0.0651893889894897,-0.06130435428222743
2021-04-07,ic_o_rev,反转,-0.0805230838519177,-0.058240322352770546
2021-04-08,ic_o_rev,反转,-0.0864432468255843,-0.05767327481528495
2021-04-09,ic_o_rev,反转,-0.118566468161368,-0.05814931416787141
2021-04-12,ic_o_rev,反转,0.0889493531465267,-0.04900469154573467
2021-04-13,ic_o_rev,反转,0.1233968674743778,-0.036478993093936415
2021-04-14,ic_o_rev,反转,-0.0246140347602068,-0.0338474755551532
2021-04-15,ic_o_rev,反转,0.0029262419026639,-0.03333246631438931
2021-04-16,ic_o_rev,反转,0.0774590699497825,-0.028007826144135235
2021-04-19,ic_o_rev,反转,-0.0554025799466089,-0.022166309912126723
2021-04-20,ic_o_rev,反转,-0.11304534508186,-0.02454744008555439
2021-04-21,ic_o_rev,反转,-0.0583521571116545,-0.030154203578003098
2021-04-22,ic_o_rev,反转,-0.1495014363123341,-0.04249771118431182
2021-04-23,ic_o_rev,反转,-0.0722180542802663,-0.04262162564062918
2021-04-26,ic_o_rev,反转,-0.027778296339164,-0.04689174530385467
2021-04-27,ic_o_rev,反转,-0.0562846528646368,-0.05073762989698103
2021-04-28,ic_o_rev,反转,0.1350691657176993,-0.04692931507628918
2021-04-29,ic_o_rev,反转,-0.2190107715571153,-0.050177116894572826
2021-04-30,ic_o_rev,反转,0.035343588403308,-0.0394774219651845
2021-05-06,ic_o_rev,反转,0.0222105027348927,-0.032078736337647774
2021-05-07,ic_o_rev,反转,0.1521367541313248,-0.02121242918160705
2021-05-10,ic_o_rev,反转,0.1524306009296768,-0.009564744942527324
2021-05-11,ic_o_rev,反转,-0.180390912315418,-0.01426212821701901
2021-05-12,ic_o_rev,反转,0.0307141834836124,-0.006798095634769989
2021-05-13,ic_o_rev,反转,-0.0097168032557358,-0.011731403454883115
2021-05-14,ic_o_rev,反转,0.0120736647562865,-0.017297563590787678
2021-05-17,ic_o_rev,反转,-0.2287322418653275,-0.027503473946043716
2021-05-18,ic_o_rev,反转,-0.0584221628987996,-0.030570894186116887
2021-05-19,ic_o_rev,反转,0.0428435417327832,-0.032301670596966855
2021-05-20,ic_o_rev,反转,0.1229208281217913,-0.02338550019354685
2021-05-21,ic_o_rev,反转,0.1011723635820561,-0.012674614760351042
2021-05-24,ic_o_rev,反转,0.0965986521552448,-0.004927074297006075
2021-05-25,ic_o_rev,反转,0.1966789254578378,0.01238194379150252
2021-05-26,ic_o_rev,反转,0.3572068624339611,0.033853189627213884
2021-05-27,ic_o_rev,反转,0.0009194104105733,0.03528807496470075
2021-05-28,ic_o_rev,反转,0.2352103851374474,0.04986282686480496
2021-05-31,ic_o_rev,反转,-0.0781568854856197,0.03920152430463901
2021-06-01,ic_o_rev,反转,-0.0006673885041163,0.05011869345728896
2021-06-02,ic_o_rev,反转,0.015110739331222,0.04910705100368466
2021-06-03,ic_o_rev,反转,0.0886206223783045,0.05242755698585525
2021-06-04,ic_o_rev,反转,-0.1300751146229636,0.038316963548140834
2021-06-07,ic_o_rev,反转,-0.1254706857867525,0.024421899212319364
2021-06-08,ic_o_rev,反转,0.2640745586707634,0.04664517276162844
2021-06-09,ic_o_rev,反转,-0.0433665008291874,0.04294113854598845
2021-06-10,ic_o_rev,反转,-0.129739772316363,0.036939990092957085
2021-06-11,ic_o_rev,反转,-0.0275440186835694,0.034959105920964295
2021-06-15,ic_o_rev,反转,0.0284816518909213,0.04781980060877673
2021-06-16,ic_o_rev,反转,0.1243980598261823,0.05696081174502583
2021-06-17,ic_o_rev,反转,-0.1046721280813975,0.0495850282543168
2021-06-18,ic_o_rev,反转,0.0305664659160338,0.04496731014402892
2021-06-21,ic_o_rev,反转,0.0506664671629322,0.04244201532307272
2021-06-22,ic_o_rev,反转,0.0446065412286936,0.03984240977674517
2021-06-23,ic_o_rev,反转,-0.0755146572899911,0.02623273063935372
2021-06-24,ic_o_rev,反转,-0.1733463010760733,-0.00029492753614799997
2021-06-25,ic_o_rev,反转,-0.0583991805677494,-0.0032608570850641352
2021-06-28,ic_o_rev,反转,-0.0372427534420741,-0.01688351401404021
2021-06-29,ic_o_rev,反转,0.0304799531752999,-0.011451672080994232
2021-06-30,ic_o_rev,反转,0.084852779089907,-0.007175663701293064
2021-07-01,ic_o_rev,反转,0.2681782396472996,0.005477711314510815
2021-07-02,ic_o_rev,反转,-0.0645646354904739,-0.002181551578928105
2021-07-05,ic_o_rev,反转,-0.0801527318532514,0.00031456755955750414
2021-07-06,ic_o_rev,反转,0.0742205951818611,0.010299131607988182
2021-07-07,ic_o_rev,反转,-0.0216422610612501,-0.003986709378612489
2021-07-08,ic_o_rev,反转,-0.0960184380594446,-0.00661930624012535
2021-07-09,ic_o_rev,反转,-0.1980753012078793,-0.010036082684701166
2021-07-12,ic_o_rev,反转,-0.171165958116832,-0.017217179656364295
2021-07-13,ic_o_rev,反转,-0.1011139977956227,-0.023696962140691495
2021-07-14,ic_o_rev,反转,-0.0306290347976696,-0.03144831687188409
2021-07-15,ic_o_rev,反转,0.1094040308612816,-0.020744508924750136
2021-07-16,ic_o_rev,反转,0.026413163281373,-0.020952174056483176
2021-07-19,ic_o_rev,反转,0.2422494904833979,-0.011373022890459892
2021-07-20,ic_o_rev,反转,0.1103527003621476,-0.00808571493378719
2021-07-21,ic_o_rev,反转,-0.1245257877950805,-0.01053627145904166
2021-07-22,ic_o_rev,反转,-0.258656117146906,-0.014801762262583295
2021-07-23,ic_o_rev,反转,-0.1663753739568571,-0.02020057193203868
2021-07-26,ic_o_rev,反转,-0.1280821917808219,-0.02474254384897607
2021-07-27,ic_o_rev,反转,0.1676513142030383,-0.01788397579758915
2021-07-28,ic_o_rev,反转,0.2909412426653806,-0.007579552618815472
2021-07-29,ic_o_rev,反转,0.0594185148084404,-0.01801753886075843
2021-07-30,ic_o_rev,反转,0.1051965276103207,-0.0095294807057187
2021-08-02,ic_o_rev,反转,0.109814323607427,-3.112793268478034e-05
2021-08-03,ic_o_rev,反转,0.3388795112933044,0.013201817872887383
2021-08-04,ic_o_rev,反转,-0.1655014958274287,0.006008856134578454
2021-08-05,ic_o_rev,反转,0.0952999527633443,0.015574775675717897
2021-08-06,ic_o_rev,反转,-0.108943473468745,0.020031367062674617
2021-08-09,ic_o_rev,反转,-0.027826326562746,0.027198348640378917
2021-08-10,ic_o_rev,反转,-0.0385096835144071,0.030328564354439695
2021-08-11,ic_o_rev,反转,-0.104625255865218,0.02662875330106227
2021-08-12,ic_o_rev,反转,-0.140159030074004,0.014150600254297993
2021-08-13,ic_o_rev,反转,0.0352759755117234,0.014593740865815514
2021-08-16,ic_o_rev,反转,-0.0032002834199338,0.002321252170648929
2021-08-17,ic_o_rev,反转,-0.1946268304204061,-0.012927724368478754
2021-08-18,ic_o_rev,反转,0.1656353330184223,0.0015803316721963833
2021-08-19,ic_o_rev,反转,0.23063297118564,0.026044786088823685
2021-08-20,ic_o_rev,反转,0.1461698945048024,0.04167204951190666
2021-08-23,ic_o_rev,反转,0.222018404600175,0.059177079330956506
2021-08-24,ic_o_rev,反转,0.0547394111163596,0.05353148417662257
2021-08-25,ic_o_rev,反转,0.0473586836718626,0.04135235622694667
2021-08-26,ic_o_rev,反转,0.1945402298850574,0.04810844198077752
2021-08-27,ic_o_rev,反转,0.2374193040466068,0.054719580802591816
2021-08-30,ic_o_rev,反转,0.2333097150055109,0.06089435037249602
2021-08-31,ic_o_rev,反转,-0.0056841498230127,0.04366616731668016
2021-09-01,ic_o_rev,反转,-0.0062116202172886,0.05163066109718717
2021-09-02,ic_o_rev,反转,-0.1135411746181703,0.041188604728111436
2021-09-03,ic_o_rev,反转,-0.1842625022266108,0.03742265329021814
2021-09-06,ic_o_rev,反转,0.0212958589198551,0.039878762564348205
2021-09-07,ic_o_rev,反转,-0.0447016217918437,0.03956916565047637
2021-09-08,ic_o_rev,反转,0.0993860212821506,0.0497697295078448
2021-09-09,ic_o_rev,反转,0.0491418674224531,0.05923477438266765
2021-09-10,ic_o_rev,反转,0.0393441977641316,0.059438185495288065
2021-09-13,ic_o_rev,反转,0.0798456935915603,0.06359048434586276
2021-09-14,ic_o_rev,反转,-0.1593489214296961,0.06535437979539827
2021-09-15,ic_o_rev,反转,0.0232246890253503,0.05823384759574468
2021-09-16,ic_o_rev,反转,-0.0838568729333963,0.042509355389792856
2021-09-17,ic_o_rev,反转,-0.1755943945835301,0.02642114093537623
2021-09-22,ic_o_rev,反转,-0.0870788921812854,0.010966276096303212
2021-09-23,ic_o_rev,反转,-0.0527357896394268,0.005592516058513892
2021-09-24,ic_o_rev,反转,-0.3862284111784722,-0.016086838684002847
2021-09-27,ic_o_rev,反转,-0.3294048181388758,-0.0422840910851995
2021-09-28,ic_o_rev,反转,-0.0706975279483545,-0.05768993268494758
2021-09-29,ic_o_rev,反转,-0.2186506062037474,-0.0802879487454105
2021-09-30,ic_o_rev,反转,-0.1913005825854196,-0.08956877038353082
2021-10-08,ic_o_rev,反转,-0.0893835616438356,-0.09372736745485818
2021-10-11,ic_o_rev,反转,-0.101700519603212,-0.09313533470411026
2021-10-12,ic_o_rev,反转,-0.018044402456306,-0.08482442971559503
2021-10-13,ic_o_rev,反转,-0.0764603999370177,-0.08971224265843866
2021-10-14,ic_o_rev,反转,0.016904834774881,-0.08663191983010243
2021-10-15,ic_o_rev,反转,0.0306172256337584,-0.09007035961252205
2021-10-18,ic_o_rev,反转,0.1461265942371279,-0.0852211232717883
2021-10-19,ic_o_rev,反转,0.1199370171784692,-0.08119148230107141
2021-10-20,ic_o_rev,反转,0.1669540229885057,-0.07683606583122415
2021-10-21,ic_o_rev,反转,0.1186112423240434,-0.06293805764353717
2021-10-22,ic_o_rev,反转,-0.0011572980632971,-0.06415715699796955
2021-10-25,ic_o_rev,反转,-0.0286017949929144,-0.06139440310094545
2021-10-26,ic_o_rev,反转,0.0002637379940166,-0.05260149647206811
2021-10-27,ic_o_rev,反转,-0.0132343968376452,-0.048909271704886105
2021-10-28,ic_o_rev,反转,-0.1666391119508738,-0.05460443782045845
2021-10-29,ic_o_rev,反转,0.0254645188400757,-0.03401979131953106
2021-11-01,ic_o_rev,反转,0.0236222642103605,-0.01636843720206925
2021-11-02,ic_o_rev,反转,-0.0311230821161012,-0.014389714910456586
2021-11-03,ic_o_rev,反转,-0.0705250209156819,-0.006983435646053307
2021-11-04,ic_o_rev,反转,-0.1225083869749323,-0.003543825865528943
2021-11-05,ic_o_rev,反转,0.0304971958128747,0.0024502120073065722
2021-11-08,ic_o_rev,反转,0.0250039609943053,0.008785436037182437
2021-11-09,ic_o_rev,反转,0.0015470004723665,0.009765006183616063
2021-11-10,ic_o_rev,反转,0.0963076680837663,0.01840340958465526
2021-11-11,ic_o_rev,反转,0.0512637823330311,0.020121356962562766
2021-11-12,ic_o_rev,反转,0.0469886632026452,0.020939928841007108
2021-11-15,ic_o_rev,反转,-0.0441430891129971,0.011426444673500857
2021-11-16,ic_o_rev,反转,-0.0994886611905881,0.00045516075504799106
2021-11-17,ic_o_rev,反转,-0.0634551985465948,-0.011065300321707033
2021-11-18,ic_o_rev,反转,-0.2603025519723835,-0.03001099003652838
2021-11-19,ic_o_rev,反转,-0.318934026137616,-0.045899826440244325
2021-11-22,ic_o_rev,反转,-0.096853906273358,-0.04931243200426651
2021-11-23,ic_o_rev,反转,-0.3108880491261218,-0.06487002136027342
2021-11-24,ic_o_rev,反转,-0.2294719625571518,-0.07568189964624875
2021-11-25,ic_o_rev,反转,-0.2003111717753802,-0.07736550263747408
2021-11-26,ic_o_rev,反转,0.156136828845851,-0.0708318871371853
2021-11-29,ic_o_rev,反转,-0.0417289606944779,-0.07409944838242723
2021-11-30,ic_o_rev,反转,0.0596777386039793,-0.0695594073464232
2021-12-01,ic_o_rev,反转,-0.1075114540631782,-0.07140872900379802
2021-12-02,ic_o_rev,反转,-0.0064858725332204,-0.06560760328171242
2021-12-03,ic_o_rev,反转,-0.167251687479437,-0.07549504744632801
2021-12-06,ic_o_rev,反转,-0.2495761637444409,-0.08922405368326532
2021-12-07,ic_o_rev,反转,-0.1528591276868172,-0.0969443600912245
2021-12-08,ic_o_rev,反转,0.1079756323987669,-0.09636096187547447
2021-12-09,ic_o_rev,反转,-0.0319851296285411,-0.10052340747355308
2021-12-10,ic_o_rev,反转,0.1254529108889313,-0.09660019508923877
2021-12-13,ic_o_rev,反转,-0.0897211104693568,-0.09887909615705676
2021-12-14,ic_o_rev,反转,0.2097778981581798,-0.08341576818961836
2021-12-15,ic_o_rev,反转,-0.0254727666699497,-0.08151664659578611
2021-12-16,ic_o_rev,反转,-0.0508429364063166,-0.07104366581748275
2021-12-17,ic_o_rev,反转,-0.1438778357792442,-0.06229085629956418
2021-12-20,ic_o_rev,反转,-0.2087938244617883,-0.0678878522089857
2021-12-21,ic_o_rev,反转,-0.1852900620506254,-0.06160795285521087
2021-12-22,ic_o_rev,反转,-0.132202304737516,-0.056744469964229084
2021-12-23,ic_o_rev,反转,-0.0214222397320988,-0.047800023362065014
2021-12-24,ic_o_rev,反转,-0.0196001181916674,-0.05658687071394093
2021-12-27,ic_o_rev,反转,-0.0714383181472992,-0.058072338586582006
2021-12-28,ic_o_rev,反转,0.1869605319452254,-0.0517081989195197
2021-12-29,ic_o_rev,反转,-0.0567566236580321,-0.04917045739926239
2021-12-30,ic_o_rev,反转,0.010719327620736,-0.048310197391564565
2021-12-31,ic_o_rev,反转,-0.0134090582904475,-0.040618065932115095
2022-01-04,ic_o_rev,反转,-0.0253418899801119,-0.029406352243898648
2022-01-05,ic_o_rev,反转,-0.1364621136011044,-0.028586501539613007
2022-01-06,ic_o_rev,反转,0.0256699403358415,-0.03270178614275927
2022-01-07,ic_o_rev,反转,0.029449353809143,-0.02963006197087507
2022-01-10,ic_o_rev,反转,-0.0671443899971978,-0.03925992701518152
2022-01-11,ic_o_rev,反转,0.0428823324380292,-0.03262975486981222
2022-01-12,ic_o_rev,反转,-0.0645678278282382,-0.04634704116913312
2022-01-13,ic_o_rev,反转,0.0758292462268046,-0.04128194052429541
2022-01-14,ic_o_rev,反转,0.2549677586922899,-0.025991405769365084
2022-01-17,ic_o_rev,反转,0.2550420656237399,-0.006045410699215878
2022-01-18,ic_o_rev,反转,-0.0330989140166348,0.0027393348230417966
2022-01-19,ic_o_rev,反转,-0.0255001964972182,0.010728828100712157
2022-01-20,ic_o_rev,反转,0.1950993377483443,0.02709391022500517
2022-01-21,ic_o_rev,反转,-0.1697769257581038,0.01967617592370492
2022-01-24,ic_o_rev,反转,-0.1347926106657371,0.013916551300001434
2022-01-25,ic_o_rev,反转,-0.0202439874520738,0.016476267834762706
2022-01-26,ic_o_rev,反转,0.029543497886195,0.008605416131811185
2022-01-27,ic_o_rev,反转,-0.1253733281392026,0.00517458090775266
2022-01-28,ic_o_rev,反转,-0.0052727260301122,0.00437497822521025
2022-02-07,ic_o_rev,反转,-0.1502027677564362,-0.0024647072480891855
2022-02-08,ic_o_rev,反转,0.0044491829495827,-0.0009751536016044553
2022-02-09,ic_o_rev,反转,0.0049446756743826,0.006095185862169896
2022-02-10,ic_o_rev,反转,0.0487599013115179,0.007249683910953717
2022-02-11,ic_o_rev,反转,0.0651931738188478,0.009036874911438956
2022-02-14,ic_o_rev,反转,-0.1242354034677656,0.006182324237910566
2022-02-15,ic_o_rev,反转,-0.2205694407424872,-0.006990264421115254
2022-02-16,ic_o_rev,反转,0.1793478632303392,0.0052055201318136155
2022-02-17,ic_o_rev,反转,-0.1980330647421045,-0.00848759541663184
2022-02-18,ic_o_rev,反转,-0.01729440469112,-0.022100703585802333
2022-02-21,ic_o_rev,反转,-0.1222841872894155,-0.0409670162314601
2022-02-22,ic_o_rev,反转,-0.3135170415325419,-0.054987922607255456
2022-02-23,ic_o_rev,反转,-0.157436833220566,-0.06158475444342285
2022-02-24,ic_o_rev,反转,-0.2200636964440708,-0.0823429061530436
2022-02-25,ic_o_rev,反转,0.0188902329840963,-0.0729095482159336
2022-02-28,ic_o_rev,反转,-0.0048489943206282,-0.06641236739867815
2022-03-01,ic_o_rev,反转,0.0128486389327428,-0.06475773607943733
2022-03-02,ic_o_rev,反转,-0.0665258783889993,-0.06956120489319703
2022-03-03,ic_o_rev,反转,0.1300104566050888,-0.056792015655982464
2022-03-04,ic_o_rev,反转,-0.0723590237768164,-0.06014633054331767
2022-03-07,ic_o_rev,反转,0.002063983488132,-0.052532992981089266
2022-03-08,ic_o_rev,反转,0.0428857496292347,-0.05061116464710667
2022-03-09,ic_o_rev,反转,0.0491050376232751,-0.04840314654966203
2022-03-10,ic_o_rev,反转,0.1103991962766284,-0.04532118180140652
2022-03-11,ic_o_rev,反转,-0.1840005262479624,-0.05778086680474702
2022-03-14,ic_o_rev,反转,0.0664609517560945,-0.04824604904355402
2022-03-15,ic_o_rev,反转,0.1984602136427941,-0.027294566324289955
2022-03-16,ic_o_rev,反转,0.1377606462592007,-0.02937392717284688
2022-03-17,ic_o_rev,反转,0.0038819292094669,-0.01927817747526831
2022-03-18,ic_o_rev,反转,0.101528167907107,-0.01333704884535696
2022-03-21,ic_o_rev,反转,0.0600845242966993,-0.0042186132660512205
2022-03-22,ic_o_rev,反转,-0.1304838490591659,0.00493304635761758
2022-03-23,ic_o_rev,反转,-0.061656380921138,0.009722068972588978
2022-03-24,ic_o_rev,反转,0.110118986597776,0.02623120312468132
2022-03-25,ic_o_rev,反转,0.1023517109876365,0.030404277024858328
2022-03-28,ic_o_rev,反转,-0.0063696444070831,0.030328244520535584
2022-03-29,ic_o_rev,反转,0.0171850545725435,0.03054506530252562
2022-03-30,ic_o_rev,反转,-0.1414751330995974,0.026797602566995714
2022-03-31,ic_o_rev,反转,-0.2855131596033324,0.006021421756574654
2022-04-01,ic_o_rev,反转,-0.0605184562497009,0.0066134501329304304
2022-04-06,ic_o_rev,反转,0.0005604193577047,0.006538271926409064
2022-04-07,ic_o_rev,反转,-0.2777629699492205,-0.009494164052513696
2022-04-08,ic_o_rev,反转,0.1201882188915998,-0.005940004989097461
2022-04-11,ic_o_rev,反转,0.0004852411511833,-0.011435702745369716
2022-04-12,ic_o_rev,反转,0.0758821479097041,0.0015584309625136094
2022-04-13,ic_o_rev,反转,-6.150944169930083e-05,-0.0017676920973760807
2022-04-14,ic_o_rev,反转,0.0655419512915727,-0.00841360521493715
2022-04-15,ic_o_rev,反转,-0.0123326430607098,-0.015918269680932677
2022-04-18,ic_o_rev,反转,-0.291558419923715,-0.03069028713759177
2022-04-19,ic_o_rev,反转,-0.2324108024631098,-0.04738723565610261
2022-04-20,ic_o_rev,反转,-0.0418674266499907,-0.05248483320343711
2022-04-21,ic_o_rev,反转,0.0825095852213314,-0.04183516148941224
2022-04-22,ic_o_rev,反转,-0.0576577204600906,-0.04163522846635988
2022-04-25,ic_o_rev,反转,0.0362530498431509,-0.045328525304091136
2022-04-26,ic_o_rev,反转,-0.0119309968028947,-0.051042660693617695
2022-04-27,ic_o_rev,反转,-0.1849843150923666,-0.05997339422788187
2022-04-28,ic_o_rev,反转,-0.2237663155859298,-0.07202096273580552
2022-04-29,ic_o_rev,反转,-0.2597304519577088,-0.0779337286787111
2022-05-05,ic_o_rev,反转,-0.2890877885714706,-0.078112460127118
2022-05-06,ic_o_rev,反转,-0.2982148593142381,-0.08999728028034487
2022-05-09,ic_o_rev,反转,-0.034271303380369,-0.09173886641724856
2022-05-10,ic_o_rev,反转,-0.0380169017220337,-0.07975156300588922
2022-05-11,ic_o_rev,反转,-0.1113901817262283,-0.09133048303678062
2022-05-12,ic_o_rev,反转,0.0196215119020769,-0.09037366949923595
2022-05-13,ic_o_rev,反转,-0.1029432368435156,-0.09931493873689692
2022-05-16,ic_o_rev,反转,-0.1572591392778791,-0.1071748202287059
2022-05-17,ic_o_rev,反转,-0.1599723890950594,-0.11845053724803752
2022-05-18,ic_o_rev,反转,-0.0370936105358839,-0.11968858562179623
2022-05-19,ic_o_rev,反转,0.0457937793451294,-0.10282097565835399
2022-05-20,ic_o_rev,反转,-0.1281685905453153,-0.09760886506246429
2022-05-23,ic_o_rev,反转,-0.0157566686486375,-0.09630332716239662
2022-05-24,ic_o_rev,反转,-0.1234802042113464,-0.10660281663403051
2022-05-25,ic_o_rev,反转,0.0178787443872634,-0.1028259933916628
2022-05-26,ic_o_rev,反转,-0.0465284754543155,-0.10696506965653614
2022-05-27,ic_o_rev,反转,-0.040585979947922,-0.10839781881378752
2022-05-30,ic_o_rev,反转,0.0310520164845303,-0.09759600223494265
2022-05-31,ic_o_rev,反转,-0.1622345696731114,-0.09451941493930173
2022-06-01,ic_o_rev,反转,-0.0356071323614841,-0.08331324895949051
2022-06-02,ic_o_rev,反转,-0.0385528245699808,-0.070786500759416
2022-06-06,ic_o_rev,反转,0.0154975776701186,-0.05510087891019817
2022-06-07,ic_o_rev,反转,-0.1794088626161162,-0.062357756871985526
2022-06-08,ic_o_rev,反转,-0.0035681617566677,-0.06063531987371723
2022-06-09,ic_o_rev,反转,0.1023636606071381,-0.04994762775704891
2022-06-10,ic_o_rev,反转,-0.1366549624427752,-0.05776145147429153
2022-06-13,ic_o_rev,反转,-0.0595884261522734,-0.0555937109397294
2022-06-14,ic_o_rev,反转,-0.1303115694030846,-0.054246332445989684
2022-06-15,ic_o_rev,反转,-0.0126850082225876,-0.04688196340236609
2022-06-16,ic_o_rev,反转,-0.2045655362460553,-0.055255559687874656
2022-06-17,ic_o_rev,反转,-0.214983777056758,-0.06829443750796904
2022-06-20,ic_o_rev,反转,-0.1539108404817992,-0.06958155000479323
2022-06-21,ic_o_rev,反转,-0.1867960236420345,-0.07813351775446307
2022-06-22,ic_o_rev,反转,-0.2354504644650873,-0.08373203076715012
2022-06-23,ic_o_rev,反转,0.0189252855682474,-0.08367970370810092
2022-06-24,ic_o_rev,反转,-0.043216181355794,-0.08351408900317485
2022-06-27,ic_o_rev,反转,-0.0841121827636783,-0.08569039914396266
2022-06-28,ic_o_rev,反转,0.1089239521756522,-0.08179680235940656
2022-06-29,ic_o_rev,反转,0.1649264411751633,-0.06543875181699284
2022-06-30,ic_o_rev,反转,0.2202177933018285,-0.0526475055338272
2022-07-01,ic_o_rev,反转,0.1711558217824911,-0.0421620732162036
2022-07-04,ic_o_rev,反转,-0.0443267847829179,-0.04515329133885543
2022-07-05,ic_o_rev,反转,0.2055380822177616,-0.025905944097161543
2022-07-06,ic_o_rev,反转,-0.1023754958827898,-0.03084631080346765
2022-07-07,ic_o_rev,反转,-0.1269997313145042,-0.042314480399549756
2022-07-08,ic_o_rev,反转,-0.1530813114075737,-0.04313579784778969
2022-07-11,ic_o_rev,反转,0.0278516223862432,-0.038763795420863854
2022-07-12,ic_o_rev,反转,0.0855052077571083,-0.02797295656285421
2022-07-13,ic_o_rev,反转,-0.028856822240837,-0.028781547263766683
2022-07-14,ic_o_rev,反转,-0.2610801156928134,-0.031607276236104584
2022-07-15,ic_o_rev,反转,-0.1282230405715098,-0.027269239411842172
2022-07-18,ic_o_rev,反转,-0.2861834696650778,-0.0338828708710061
2022-07-19,ic_o_rev,反转,-0.3328454832261519,-0.041185343850211976
2022-07-20,ic_o_rev,反转,-0.2156318554541456,-0.04019441339966489
2022-07-21,ic_o_rev,反转,-0.1723733539018708,-0.049759345373170796
2022-07-22,ic_o_rev,反转,-0.0314931011047715,-0.04917319136061968
2022-07-25,ic_o_rev,反转,0.1563339889791932,-0.0371508827734761
2022-07-26,ic_o_rev,反转,0.1815523699641225,-0.03351946188405259
2022-07-27,ic_o_rev,反转,0.004479145264023,-0.0415418266796096
2022-07-28,ic_o_rev,反转,-0.1406110224273363,-0.05958326746606783
2022-07-29,ic_o_rev,反转,-0.0622214354808168,-0.07125213032923323
2022-08-01,ic_o_rev,反转,0.1100631490439478,-0.06353263363788995
2022-08-02,ic_o_rev,反转,0.2045771364448167,-0.0635806809265372
2022-08-03,ic_o_rev,反转,0.2249529800382481,-0.0472142571304853
2022-08-04,ic_o_rev,反转,0.0790061797664016,-0.03691396157644001
2022-08-05,ic_o_rev,反转,0.2489957871662258,-0.016810106647750036
2022-08-08,ic_o_rev,反转,-0.0518973937506914,-0.020797557454596764
2022-08-09,ic_o_rev,反转,-0.0778808616901898,-0.028966860926961675
2022-08-10,ic_o_rev,反转,-0.1280997613440596,-0.033929007882122796
2022-08-11,ic_o_rev,反转,-0.0592562153277172,-0.02383781286386799
2022-08-12,ic_o_rev,反转,-0.3785718406315612,-0.03635525286687056
2022-08-15,ic_o_rev,反转,-0.150806965914104,-0.029586427679321868
2022-08-16,ic_o_rev,反转,-0.0307250738098729,-0.014480407208507923
2022-08-17,ic_o_rev,反转,-0.1778415133253842,-0.012590890102069851
2022-08-18,ic_o_rev,反转,0.0496439044826141,-0.0014900271828456077
2022-08-19,ic_o_rev,反转,-0.2562147529889465,-0.01272610977705436
2022-08-22,ic_o_rev,反转,-0.06934700572691,-0.02401015951235952
2022-08-23,ic_o_rev,反转,-0.1892591279688053,-0.042550734409005905
2022-08-24,ic_o_rev,反转,-0.289478263671812,-0.057248604855797657
2022-08-25,ic_o_rev,反转,-0.1668031167517503,-0.05855820957201836
2022-08-26,ic_o_rev,反转,-0.237437668431087,-0.06731902121953187
2022-08-29,ic_o_rev,反转,-0.1522656509301259,-0.08043546121823555
2022-08-30,ic_o_rev,反转,-0.244085160725496,-0.10286857607675119
2022-08-31,ic_o_rev,反转,-0.0320336584167083,-0.11571790799949899
2022-09-01,ic_o_rev,反转,0.1074900033190561,-0.11429371682186629
2022-09-02,ic_o_rev,反转,0.2537908362440928,-0.11405396436797295
2022-09-05,ic_o_rev,反转,0.2667952142371702,-0.09811933396857986
2022-09-06,ic_o_rev,反转,0.1719840053104897,-0.08562609061854588
2022-09-07,ic_o_rev,反转,0.3130913056534589,-0.06356653726866995
2022-09-08,ic_o_rev,反转,-0.0763543372301936,-0.06442144336379377
2022-09-09,ic_o_rev,反转,0.1716064007258211,-0.036912531295924665
2022-09-13,ic_o_rev,反转,0.0505255172195792,-0.026845907139240503
2022-09-14,ic_o_rev,反转,-0.026373873001757,-0.026628347098834708
2022-09-15,ic_o_rev,反转,0.1141818526655181,-0.012027178799289592
2022-09-16,ic_o_rev,反转,0.1862070982023136,-0.0051990191133046175
2022-09-19,ic_o_rev,反转,0.1283052267231433,0.014026979872299871
2022-09-20,ic_o_rev,反转,0.1375416857644102,0.024371414446865882
2022-09-21,ic_o_rev,反转,-0.0666056065224453,0.030504090519183884
2022-09-22,ic_o_rev,反转,-0.1109196946468366,0.03943201897043265
2022-09-23,ic_o_rev,反转,0.0766259423748636,0.051603471926763345
2022-09-26,ic_o_rev,反转,0.2772488796201965,0.07733779932932752
2022-09-27,ic_o_rev,反转,-0.1690948459799908,0.07649633957683429
2022-09-28,ic_o_rev,反转,0.1218978679015662,0.09479549100818738
2022-09-29,ic_o_rev,反转,0.0981650361144916,0.10130542573474736
2022-09-30,ic_o_rev,反转,-0.0073619825828578,0.09556282643965168
2022-10-10,ic_o_rev,反转,-0.1119817926064073,0.07727419499712668
2022-10-11,ic_o_rev,反转,0.0269349306949471,0.06528118082001552
2022-10-12,ic_o_rev,反转,-0.2339681686712711,0.04498357212092749
2022-10-13,ic_o_rev,反转,-0.2494746799282281,0.016855272841843138
2022-10-14,ic_o_rev,反转,-0.1210760063852317,0.014619189384091232
2022-10-17,ic_o_rev,反转,-0.4193466812515813,-0.014928464714778886
2022-10-18,ic_o_rev,反转,-0.2562722258222565,-0.030268351866870668
2022-10-19,ic_o_rev,反转,-0.2720907590876993,-0.04255419617116779
2022-10-20,ic_o_rev,反转,-0.462818668900444,-0.07140422224946588
2022-10-21,ic_o_rev,反转,-0.0241342985999179,-0.08192129208957746
2022-10-24,ic_o_rev,反转,-0.0841238482084999,-0.09254274583615962
2022-10-25,ic_o_rev,反转,0.040704272099382,-0.09738461651941104
2022-10-26,ic_o_rev,反转,-0.2815893783635719,-0.10813380511146735
2022-10-27,ic_o_rev,反转,-0.0303583240017828,-0.10410573657921467
2022-10-28,ic_o_rev,反转,0.0424301812836844,-0.10581552463377364
2022-10-31,ic_o_rev,反转,0.0136997992761296,-0.118992978650977
2022-11-01,ic_o_rev,反转,-0.1229820929019613,-0.11668734099707549
2022-11-02,ic_o_rev,反转,-0.0560857264781653,-0.12558652071606208
2022-11-03,ic_o_rev,反转,0.0277125381296328,-0.129109145615305
2022-11-04,ic_o_rev,反转,0.0237075437404182,-0.12755566929914122
2022-11-07,ic_o_rev,反转,-0.1479350729402095,-0.12935333331583135
2022-11-08,ic_o_rev,反转,-0.1615969401463545,-0.13877992685789642
2022-11-09,ic_o_rev,反转,-0.3473281598204548,-0.1444479264153556
2022-11-10,ic_o_rev,反转,-0.2940480583902377,-0.14667659533845606
2022-11-11,ic_o_rev,反转,-0.3703149942311643,-0.1591385447307527
2022-11-14,ic_o_rev,反转,-0.1329013292029523,-0.14481627712832124
2022-11-15,ic_o_rev,反转,0.1068925732167975,-0.12665803717636853
2022-11-16,ic_o_rev,反转,-0.1159172448673167,-0.11884936146534941
2022-11-17,ic_o_rev,反转,0.1305559660476502,-0.08918062971794471
2022-11-18,ic_o_rev,反转,0.0507752366803116,-0.08543515295393324
2022-11-21,ic_o_rev,反转,0.4583426846422531,-0.05831182631139559
2022-11-22,ic_o_rev,反转,0.1195713676091732,-0.05436847153590603
2022-11-23,ic_o_rev,反转,0.3966891598752324,-0.020454544623965815
2022-11-24,ic_o_rev,反转,0.2782538603783723,-0.00502393540495806
2022-11-25,ic_o_rev,反转,0.2121781103163819,0.003463461046676815
2022-11-28,ic_o_rev,反转,0.1266492600068283,0.00911093408321175
2022-11-29,ic_o_rev,反转,-0.1745191319877985,0.0065340821289198905
2022-11-30,ic_o_rev,反转,0.0044886282815191,0.009562799866904111
2022-12-01,ic_o_rev,反转,-0.1266555820384764,0.0018443938584986497
2022-12-02,ic_o_rev,反转,-0.0840202813352871,-0.0035419973952866154
2022-12-05,ic_o_rev,反转,0.1789969576347285,0.012804604133460285
2022-12-06,ic_o_rev,反转,0.0825979408732186,0.02501434818443894
2022-12-07,ic_o_rev,反转,0.0879873480492675,0.046780123577925055
2022-12-08,ic_o_rev,反转,-0.0136035389305019,0.060802349550911836
2022-12-09,ic_o_rev,反转,-0.0074685376542961,0.07894467237975525
2022-12-12,ic_o_rev,反转,0.1456616139278677,0.09287281953629625
2022-12-13,ic_o_rev,反转,0.0088892016136598,0.08797265095613936
2022-12-14,ic_o_rev,反转,-0.0938040287885489,0.08907831176007776
2022-12-15,ic_o_rev,反转,0.1733363712364407,0.09121733201951729
2022-12-16,ic_o_rev,反转,0.0909608741378193,0.09322661389239266
2022-12-19,ic_o_rev,反转,0.040974763110986,0.07235821781582931
2022-12-20,ic_o_rev,反转,0.1284026647523877,0.07279978267299003
2022-12-21,ic_o_rev,反转,0.1247119509267848,0.059200922225567665
2022-12-22,ic_o_rev,反转,0.1107648801147253,0.0508264732123853
2022-12-23,ic_o_rev,反转,0.0565250023454357,0.043043817813838
2022-12-26,ic_o_rev,反转,-0.0162270649886748,0.035900001564062846
2022-12-27,ic_o_rev,反转,-0.1418720598287161,0.03753235517201696
2022-12-28,ic_o_rev,反转,0.0640473645593658,0.0405102919859093
2022-12-29,ic_o_rev,反转,-0.0593681050355748,0.043874665836054386
2022-12-30,ic_o_rev,反转,0.0019783758914193,0.0481745986973897
2023-01-03,ic_o_rev,反转,-0.1773825176720881,0.03035562493204887
2023-01-04,ic_o_rev,反转,0.1331321407955117,0.032882334928163524
2023-01-05,ic_o_rev,反转,-0.009650333563377,0.028000450847531298
2023-01-06,ic_o_rev,反转,-0.133784794110881,0.021991388088512344
2023-01-09,ic_o_rev,反转,-0.2142805793676313,0.011650786002845585
2023-01-10,ic_o_rev,反转,-0.132060415666626,-0.0022353154768791003
2023-01-11,ic_o_rev,反转,-0.0328576666219859,-0.004322658888661386
2023-01-12,ic_o_rev,反转,0.0078991258339084,0.0007624988424614797
2023-01-13,ic_o_rev,反转,-0.0432740970784449,-0.0100680245732828
2023-01-16,ic_o_rev,反转,-0.0101765878094158,-0.015124897670644556
2023-01-17,ic_o_rev,反转,0.091899585921325,-0.012578656530127606
2023-01-18,ic_o_rev,反转,-0.1518117033383353,-0.026589374934663755
2023-01-19,ic_o_rev,反转,0.0546857420963895,-0.030090685376183517
2023-01-20,ic_o_rev,反转,-0.1863441643261382,-0.044946137598226694
2023-01-30,ic_o_rev,反转,-0.0962879465380865,-0.05258678504240281
2023-01-31,ic_o_rev,反转,-0.1171008741660915,-0.05763047550127365
2023-02-01,ic_o_rev,反转,-0.0372555785599263,-0.05239965143783415
2023-02-02,ic_o_rev,反转,-0.1879572118702553,-0.0649998802593152
2023-02-03,ic_o_rev,反转,-0.0647199217851391,-0.06526747109679341
2023-02-06,ic_o_rev,反转,-0.2047158960202438,-0.07560218469237658
2023-02-07,ic_o_rev,反转,-0.1241373360938578,-0.07293992561346505
2023-02-08,ic_o_rev,反转,-0.050293450349444,-0.08211120517071284
2023-02-09,ic_o_rev,反转,-0.0617868645042558,-0.0847180317177568
2023-02-10,ic_o_rev,反转,-0.136381510511243,-0.08484786753777487
2023-02-13,ic_o_rev,反转,0.0062169312169312,-0.07382299200854676
2023-02-14,ic_o_rev,反转,0.1498332183114792,-0.0597283103096415
2023-02-15,ic_o_rev,反转,-0.1122210720036807,-0.06369648057872625
2023-02-16,ic_o_rev,反转,0.0074203527003934,-0.06372041923540198
2023-02-17,ic_o_rev,反转,0.366669805807121,-0.04322322409112369
2023-02-20,ic_o_rev,反转,0.1337058127055014,-0.036029104065377834
2023-02-21,ic_o_rev,反转,0.3077093397745572,-0.02523861637271622
2023-02-22,ic_o_rev,反转,0.085605014952841,-0.013367780458157407
2023-02-23,ic_o_rev,反转,0.4452326642172937,0.006159565647887802
2023-02-24,ic_o_rev,反转,-0.2841039797561537,0.0012715748763870271
2023-02-27,ic_o_rev,反转,0.1934970910233786,0.015760826754460285
2023-02-28,ic_o_rev,反转,-0.1822440253171364,0.012503669196908035
2023-03-01,ic_o_rev,反转,-0.2235162180814354,0.00319063722083258
2023-03-02,ic_o_rev,反转,-0.2880492293535772,-0.001813963653333514
2023-03-03,ic_o_rev,反转,-0.1697147458017023,-0.007063704854161672
2023-03-06,ic_o_rev,反转,-0.1866718426501035,-0.006161502185654658
2023-03-07,ic_o_rev,反转,-0.0033845180584311,-0.00012386128388332268
2023-03-08,ic_o_rev,反转,-0.2267540832758224,-0.008946892930202243
2023-03-09,ic_o_rev,反转,-0.2265096618357488,-0.017183032796776892
2023-03-10,ic_o_rev,反转,-0.0534076760057303,-0.013034341071501258
2023-03-13,ic_o_rev,反转,0.0359874884888295,-0.011545813207906342
2023-03-14,ic_o_rev,反转,-0.1174258109040718,-0.024908764668683893
2023-03-15,ic_o_rev,反转,-0.0403525419829767,-0.021315338167648693
2023-03-16,ic_o_rev,反转,0.0515747323938763,-0.019107619182974545
2023-03-17,ic_o_rev,反转,-0.279057395905222,-0.0513939792685917
2023-03-20,ic_o_rev,反转,-0.1319559466298597,-0.06467706723535975
2023-03-21,ic_o_rev,反转,0.0519036116862203,-0.0774673536397766
2023-03-22,ic_o_rev,反转,-0.0033097538532321,-0.08191309208008024
2023-03-23,ic_o_rev,反转,0.0304606625258799,-0.10265169216465095
2023-03-24,ic_o_rev,反转,0.368630664826317,-0.07001495993552741
2023-03-27,ic_o_rev,反转,0.2545663676098459,-0.06696149610620404
2023-03-28,ic_o_rev,反转,0.1871980676328502,-0.04848939145870471
2023-03-29,ic_o_rev,反转,0.1470841959972395,-0.029959370754770964
2023-03-30,ic_o_rev,反转,0.351403266620658,0.002013254043940799
2023-03-31,ic_o_rev,反转,0.1035829307568438,0.015678137871868104
2023-04-03,ic_o_rev,反转,0.1071514837819185,0.030369304193469206
2023-04-04,ic_o_rev,反转,-0.1085001150218541,0.025113524345298056
2023-04-06,ic_o_rev,反转,0.208456981826547,0.04687407760041652
2023-04-07,ic_o_rev,反转,0.0792587411280549,0.0621624977486067
2023-04-10,ic_o_rev,反转,0.00408615136876,0.06503718911733122
2023-04-11,ic_o_rev,反转,0.0959598573729008,0.0680358075615348
2023-04-12,ic_o_rev,反转,0.072688060731539,0.07754150114331533
2023-04-13,ic_o_rev,反转,-0.0011157119852772,0.0795033426432003
2023-04-14,ic_o_rev,反转,0.0940993788819875,0.08162957496760587
2023-04-17,ic_o_rev,反转,-0.0871146767885898,0.09122671092343747
2023-04-18,ic_o_rev,反转,-0.0395761729182389,0.09584569960901851
2023-04-19,ic_o_rev,反转,-0.0685733017885395,0.08982185393528051
2023-04-20,ic_o_rev,反转,-0.0448153899240855,0.08774657213173784
2023-04-21,ic_o_rev,反转,0.038216011042098,0.08813433955754876
2023-04-24,ic_o_rev,反转,-0.2313607085346216,0.05813477088950183
2023-04-25,ic_o_rev,反转,-0.0797992868645042,0.04141648816578432
2023-04-26,ic_o_rev,反转,0.0506499098875144,0.03458908027851753
2023-04-27,ic_o_rev,反转,0.1739389233954451,0.03593181664842781
2023-04-28,ic_o_rev,反转,0.2758540372670808,0.03215435518074895
2023-05-04,ic_o_rev,反转,-0.0768719806763285,0.023131609609090338
2023-05-05,ic_o_rev,反转,0.2211007591442374,0.028829073377206284
2023-05-08,ic_o_rev,反转,-0.0266361858753163,0.03292226983453317
2023-05-09,ic_o_rev,反转,0.1560328962502876,0.0303010655557202
2023-05-10,ic_o_rev,反转,0.0124568668046928,0.0269609718395521
2023-05-11,ic_o_rev,反转,0.1196716126063952,0.03274024490143386
2023-05-12,ic_o_rev,反转,-0.0777605804007134,0.024054223012753145
2023-05-15,ic_o_rev,反转,0.2025132275132275,0.030545481351837572
2023-05-16,ic_o_rev,反转,-0.0125488842880147,0.029973822736700694
2023-05-17,ic_o_rev,反转,-0.0257160295290133,0.023983052316150655
2023-05-18,ic_o_rev,反转,-0.19635955831608,0.01852080823977615
2023-05-19,ic_o_rev,反转,-0.0440749684228952,0.01829586846454333
2023-05-22,ic_o_rev,反转,-0.0337474120082815,0.02003716295355623
2023-05-23,ic_o_rev,反转,-0.238141246836899,0.010370870107915556
2023-05-24,ic_o_rev,反转,-0.1545819677423858,0.0007309711686913662
2023-05-25,ic_o_rev,反转,-0.0307999991373434,0.010759006638555276
2023-05-26,ic_o_rev,反转,-0.1137221889537539,0.009062861534092791
2023-05-29,ic_o_rev,反转,0.0494737750172532,0.009004054790579731
2023-05-30,ic_o_rev,反转,0.0792242345470029,0.0042683203481576225
2023-05-31,ic_o_rev,反转,0.3365625718886589,0.007303747079236528
2023-06-01,ic_o_rev,反转,0.1442287784679089,0.0183587850364484
2023-06-02,ic_o_rev,反转,0.0732861743731309,0.010968055797893072
2023-06-05,ic_o_rev,反转,-0.0016793190706234,0.012215899138127716
2023-06-06,ic_o_rev,反转,0.1340177133655394,0.011115139993890306
2023-06-07,ic_o_rev,反转,0.1645445134575569,0.01871952232653351
2023-06-08,ic_o_rev,反转,0.0247225275495574,0.013972068073691623
2023-06-09,ic_o_rev,反转,-0.0384518058431101,0.01593750680157179
2023-06-12,ic_o_rev,反转,-0.1978276669454063,-0.004079537921359902
2023-06-13,ic_o_rev,反转,0.074626178974005,0.0002792152417410834
2023-06-14,ic_o_rev,反转,-0.0873162161155442,-0.002800794087585462
2023-06-15,ic_o_rev,反转,0.0331320450885668,0.008673786082646878
2023-06-16,ic_o_rev,反转,0.0874513671828068,0.01525010286293198
2023-06-19,ic_o_rev,反转,0.0939038417299287,0.021632665549842486
2023-06-20,ic_o_rev,反转,0.0370341881140739,0.03539143729739113
2023-06-21,ic_o_rev,反转,0.1401772344269646,0.050129397405858644
2023-06-26,ic_o_rev,反转,0.1914394985047159,0.06124137228796163
2023-06-27,ic_o_rev,反转,0.0450540602714515,0.06918018474922188
2023-06-28,ic_o_rev,反转,0.1536950770646423,0.07439124985159133
2023-06-29,ic_o_rev,反转,0.1775017253278122,0.0793051243906318
2023-06-30,ic_o_rev,反转,-0.058169375534645,0.05956852701946661
2023-07-03,ic_o_rev,反转,-0.243391014872149,0.04018753735246371
2023-07-04,ic_o_rev,反转,0.0247946447895946,0.0377629608732869
2023-07-05,ic_o_rev,反转,-0.0750255083636513,0.034095651408635505
2023-07-06,ic_o_rev,反转,-0.142269677512445,0.02028128186473629
2023-07-07,ic_o_rev,反转,-0.0467498737464829,0.009716562504534298
2023-07-10,ic_o_rev,反转,0.1489636905191338,0.01592862065301312
2023-07-11,ic_o_rev,反转,-0.1460521298195348,0.010548604454191883
2023-07-12,ic_o_rev,反转,-0.1005879806651756,0.015410588768203417
2023-07-13,ic_o_rev,反转,-0.1744941800920008,0.0029545708149031277
2023-07-14,ic_o_rev,反转,-0.0575150667214817,0.0044446282846062534
2023-07-17,ic_o_rev,反转,-0.0422640089871891,0.000674825580818458
2023-07-18,ic_o_rev,反转,-0.2203252702855906,-0.014714006292601412
2023-07-19,ic_o_rev,反转,-0.323384212641842,-0.03557840901118995
2023-07-20,ic_o_rev,反转,-0.1286665880802698,-0.043863447820907134
2023-07-21,ic_o_rev,反转,-0.1970868933389675,-0.060726654209203736
2023-07-24,ic_o_rev,反转,-0.0320761231409813,-0.0719024352914886
2023-07-25,ic_o_rev,反转,-0.1285725420324905,-0.08058376540668569
2023-07-26,ic_o_rev,反转,0.1221670256732662,-0.0821601679762545
2023-07-27,ic_o_rev,反转,0.1906994960165727,-0.08150027944181647
2023-07-28,ic_o_rev,反转,0.0967746091294175,-0.07375308020861335
2023-07-31,ic_o_rev,反转,0.3112383094643821,-0.046021613991786794
2023-08-01,ic_o_rev,反转,0.1003304496821945,-0.0422448237471568
2023-08-02,ic_o_rev,反转,0.189130345161656,-0.029037031070891433
2023-08-03,ic_o_rev,反转,0.2193848104135962,-0.010954306674589376
2023-08-04,ic_o_rev,反转,0.2236155915363765,0.0025639665895535943
2023-08-07,ic_o_rev,反转,0.0601186139673965,-0.0018782872380332708
2023-08-08,ic_o_rev,反转,-0.0173328042709761,0.004557679039394665
2023-08-09,ic_o_rev,反转,0.0304335587217788,0.011108756008742384
2023-08-10,ic_o_rev,反转,0.0544307254681686,0.022555001286750854
2023-08-11,ic_o_rev,反转,-0.1948056883761271,0.01569047020401858
2023-08-14,ic_o_rev,反转,0.0522406134374967,0.02041570132525287
2023-08-15,ic_o_rev,反转,0.0572959073247652,0.03429676020577066
2023-08-16,ic_o_rev,反转,0.135763756480155,0.057254158661870516
2023-08-17,ic_o_rev,反转,-0.1023916023374936,0.058567907949009325
2023-08-18,ic_o_rev,反转,-0.0470255702021087,0.06607097410585226
2023-08-21,ic_o_rev,反转,-0.0356807898832283,0.06589074076873991
2023-08-22,ic_o_rev,反转,-0.2142124191027292,0.061608746915227976
2023-08-23,ic_o_rev,反转,-0.1845311098972451,0.0462738401367024
2023-08-24,ic_o_rev,反转,-0.099420779782947,0.031767826346726424
2023-08-25,ic_o_rev,反转,-0.0506946520040813,0.024394363290051485
2023-08-28,ic_o_rev,反转,-0.0675688210498108,0.005454006764341842
2023-08-29,ic_o_rev,反转,-0.0099534791444082,-6.018967698829215e-05
2023-08-30,ic_o_rev,反转,0.0296902084537152,-0.008032196512385332
2023-08-31,ic_o_rev,反转,-0.064381563894586,-0.022220515227794443
2023-09-01,ic_o_rev,反转,0.1006833149535696,-0.02836712905693479
2023-09-04,ic_o_rev,反转,0.2077566038319231,-0.020985229563708456
2023-09-05,ic_o_rev,反转,0.0459646021841635,-0.01782035924095148
2023-09-06,ic_o_rev,反转,-0.0162351716532511,-0.020153795759702973
2023-09-07,ic_o_rev,反转,0.2019515186494481,-0.012777756100638998
2023-09-08,ic_o_rev,反转,-0.0948421573376483,-0.007779579548715057
2023-09-11,ic_o_rev,反转,-0.1177739185999773,-0.016280306150588758
2023-09-12,ic_o_rev,反转,-0.0743350746894196,-0.022861855251297997
2023-09-13,ic_o_rev,反转,0.0085762265762554,-0.029221231746492982
2023-09-14,ic_o_rev,反转,-0.0299865179193211,-0.025600977525584358
2023-09-15,ic_o_rev,反转,-0.0341837838952044,-0.024958888210239137
2023-09-18,ic_o_rev,反转,0.0638224411761674,-0.019983726657269354
2023-09-19,ic_o_rev,反转,0.1681825677388768,-0.0008639773151890532
2023-09-20,ic_o_rev,反转,0.0666025951539262,0.011692707937369512
2023-09-21,ic_o_rev,反转,0.0237536974244282,0.017851431797738272
2023-09-22,ic_o_rev,反转,0.1771877930885217,0.029245554052368422
2023-09-25,ic_o_rev,反转,0.056483025654614,0.03544814638758966
2023-09-26,ic_o_rev,反转,0.0861847733105218,0.040255059010336165
2023-09-27,ic_o_rev,反转,0.2232368309851897,0.049932390136909886
2023-09-28,ic_o_rev,反转,0.0610089485633564,0.05620191575980701
2023-10-09,ic_o_rev,反转,0.1492316571675925,0.05862933287050816
2023-10-10,ic_o_rev,反转,-0.1995104449155563,0.038265980433134186
2023-10-11,ic_o_rev,反转,-0.1116391002241232,0.03038579531271985
2023-10-12,ic_o_rev,反转,0.06452331858873,0.034423719824818906
2023-10-13,ic_o_rev,反转,-0.0943088006431199,0.019610703860190502
2023-10-16,ic_o_rev,反转,0.0602551739819801,0.027365570426171926
2023-10-17,ic_o_rev,反转,-0.0355777257876673,0.03147538006678742
2023-10-18,ic_o_rev,反转,0.0852726560648067,0.03945576660449874
2023-10-19,ic_o_rev,反转,-0.1685160349476028,0.030601153528305825
2023-10-20,ic_o_rev,反转,0.0053206839333381,0.03236651362093879
2023-10-23,ic_o_rev,反转,0.118333193767289,0.039992362504063454
2023-10-24,ic_o_rev,反转,-0.0858163191688911,0.03251042448681053
2023-10-25,ic_o_rev,反转,0.0344736738702145,0.025824979793377417
2023-10-26,ic_o_rev,反转,0.0218933904995516,0.023589519560658686
2023-10-27,ic_o_rev,反转,0.0710485683421826,0.02595426310654641
2023-10-30,ic_o_rev,反转,0.1759897863415873,0.025894362769199687
2023-10-31,ic_o_rev,反转,-0.0555248508471203,0.02029396894411297
2023-11-01,ic_o_rev,反转,-0.0043312825659659,0.015768166150288587
2023-11-02,ic_o_rev,反转,-0.0558710821930365,0.0018127704913772778
2023-11-03,ic_o_rev,反转,0.0169076757678798,-0.00039229314839655215
2023-11-06,ic_o_rev,反转,0.2641779248160369,0.005355020234025667
2023-11-07,ic_o_rev,反转,-0.0835412868857904,0.011153478135513963
2023-11-08,ic_o_rev,反转,0.147881517515743,0.024129509022507274
2023-11-09,ic_o_rev,反转,0.0751672214950477,0.024661704167823158
2023-11-10,ic_o_rev,反转,-0.0763112329557752,0.025561582552190393
2023-11-13,ic_o_rev,反转,-0.0491203795853186,0.020092804873825455
2023-11-14,ic_o_rev,反转,-0.013071112339295,0.021218135546244073
2023-11-15,ic_o_rev,反转,0.1841202604174094,0.026160515763874202
2023-11-16,ic_o_rev,反转,-0.2413400393704844,0.02251931554273013
2023-11-17,ic_o_rev,反转,0.0921289950220042,0.02685973109716343
2023-11-20,ic_o_rev,反转,0.1537072155173302,0.028628432184665493
2023-11-21,ic_o_rev,反转,0.1263978067960464,0.03923913848291237
2023-11-22,ic_o_rev,反转,-0.1744205221227081,0.02879442868326624
2023-11-23,ic_o_rev,反转,0.1509992064064642,0.035249719478611864
2023-11-24,ic_o_rev,反转,0.0300341850942229,0.03319900031621388
2023-11-27,ic_o_rev,反转,-0.0247714553680934,0.023160938230729847
2023-11-28,ic_o_rev,反转,0.0678934729508281,0.029331854420627263
2023-11-29,ic_o_rev,反转,-0.0843270429880342,0.025332066399523852
2023-11-30,ic_o_rev,反转,-0.1401680728593865,0.02111721686620635
2023-12-01,ic_o_rev,反转,-0.117039586919105,0.01441985373185711
2023-12-04,ic_o_rev,反转,-0.095153987520238,-0.003546741884956636
2023-12-05,ic_o_rev,反转,-0.1910524905438692,-0.008922302067860575
2023-12-06,ic_o_rev,反转,-0.1185030970760716,-0.022241532797451304
2023-12-07,ic_o_rev,反转,0.0450197142417373,-0.023748908160116825
2023-12-08,ic_o_rev,反转,0.1208709946715862,-0.013889796778748752
2023-12-11,ic_o_rev,反转,0.1171709936409453,-0.00557522811743556
2023-12-12,ic_o_rev,反转,0.1304908237467829,0.001602868686868334
2023-12-13,ic_o_rev,反转,0.2236058612709589,0.0035771487295458105
2023-12-14,ic_o_rev,反转,-0.0051042493326599,0.015388938231437036
2023-12-15,ic_o_rev,反转,-0.045659970935925,0.008499489933540574
2023-12-18,ic_o_rev,反转,-0.0072247930988281,0.00045288950273266034
2023-12-19,ic_o_rev,反转,-0.145281725705216,-0.01313108712233046
2023-12-20,ic_o_rev,反转,-0.4308001896379358,-0.025950070498091848
2023-12-21,ic_o_rev,反转,-0.4281911946977293,-0.054909590553301524
2023-12-22,ic_o_rev,反转,-0.3331108866604141,-0.07306684414103337
2023-12-25,ic_o_rev,反转,-0.1920884084381604,-0.08143269179453672
2023-12-26,ic_o_rev,反转,-0.1139476640522741,-0.09052474864469182
2023-12-27,ic_o_rev,反转,-0.1016521174518433,-0.09139100236788229
2023-12-28,ic_o_rev,反转,0.1158801158440434,-0.07858859293271078
2023-12-29,ic_o_rev,反转,0.2012993196101175,-0.06267164760624967
2024-01-02,ic_o_rev,反转,0.0138577575363141,-0.05722106035342206
2024-01-03,ic_o_rev,反转,0.0198836585239175,-0.04667425290003273
2024-01-04,ic_o_rev,反转,0.071549142154741,-0.0371716409384921
2024-01-05,ic_o_rev,反转,-0.1693183982271775,-0.04788854656193784
2024-01-08,ic_o_rev,反转,-0.0220564048406364,-0.055034916537548974
2024-01-09,ic_o_rev,反转,0.0055270857499004,-0.06061711193210122
2024-01-10,ic_o_rev,反转,0.0799761084468759,-0.06314284769709656
2024-01-11,ic_o_rev,反转,0.175581274562421,-0.06554407703252346
2024-01-12,ic_o_rev,反转,0.2924812440927503,-0.050664802361252946
2024-01-15,ic_o_rev,反转,0.1871440072020914,-0.03902460345435212
2024-01-16,ic_o_rev,反转,0.1975458124566456,-0.02878607317657844
2024-01-17,ic_o_rev,反转,0.0287434428074306,-0.020084814750946114
2024-01-18,ic_o_rev,反转,0.1359190629480347,0.008251147878352414
2024-01-19,ic_o_rev,反转,-0.0167652048960371,0.028822447368437025
2024-01-22,ic_o_rev,反转,0.0551626530011599,0.048236124351515725
2024-01-23,ic_o_rev,反转,-0.0059837119681281,0.057541359175017334
2024-01-24,ic_o_rev,反转,-0.1055188622080642,0.05796279926722784
2024-01-25,ic_o_rev,反转,-0.0444893854035364,0.060820935869643176
2024-01-26,ic_o_rev,反转,0.1147054240750679,0.0607622012811944
2024-01-29,ic_o_rev,反转,0.0130343138103564,0.05134895099120636
2024-01-30,ic_o_rev,反转,-0.0532896619743838,0.047991580015671456
2024-01-31,ic_o_rev,反转,-0.0995038280067081,0.042022205689140175
2024-02-01,ic_o_rev,反转,-0.1660527864822285,0.030142109257291706
2024-02-02,ic_o_rev,反转,-0.0547017018403421,0.035872944076633474
2024-02-05,ic_o_rev,反转,-0.0843518983397102,0.03275816940167978
2024-02-06,ic_o_rev,反转,-0.0913928144600374,0.027912174391182893
2024-02-07,ic_o_rev,反转,-0.082012960806073,0.01981272092853545
2024-02-08,ic_o_rev,反转,-0.0533058926578417,0.008368362567522313
2024-02-19,ic_o_rev,反转,-0.1189494618981462,-0.012203172732022512
2024-02-20,ic_o_rev,反转,0.0023047607918043,-0.021445135052536868
2024-02-21,ic_o_rev,反转,-0.1009429486066376,-0.03636957310570103
2024-02-22,ic_o_rev,反转,-0.1236239063209607,-0.04398794056212059
2024-02-23,ic_o_rev,反转,-0.2080699001813645,-0.06118738871859055
2024-02-26,ic_o_rev,反转,0.0279903395024324,-0.05894961149866708
2024-02-27,ic_o_rev,反转,0.0293104343761361,-0.060242222429918266
2024-02-28,ic_o_rev,反转,-0.0350149755025016,-0.06169378560663695
2024-02-29,ic_o_rev,反转,0.0672534235903118,-0.05305517131671814
2024-03-01,ic_o_rev,反转,0.2996766849604405,-0.0358468677985193
2024-03-04,ic_o_rev,反转,0.0238050024048497,-0.04039188888203021
2024-03-05,ic_o_rev,反转,-0.0399707847539931,-0.04304214381024768
2024-03-06,ic_o_rev,反转,0.137744325756133,-0.033490444423721843
2024-03-07,ic_o_rev,反转,-0.239927373101789,-0.04051162167847589
2024-03-08,ic_o_rev,反转,0.0974232125121577,-0.027337821728756585
2024-03-11,ic_o_rev,反转,0.0871738716434964,-0.020244043054564655
2024-03-12,ic_o_rev,反转,0.414529267152577,0.0047000152200497025
2024-03-13,ic_o_rev,反转,-0.1330028046605841,0.00261951571002237
2024-03-14,ic_o_rev,反转,-0.0034170998906597,0.006549308755793034
2024-03-15,ic_o_rev,反转,0.1615839407212479,0.017293800424747513
2024-03-18,ic_o_rev,反转,0.2383571960319247,0.035159133321251056
2024-03-19,ic_o_rev,反转,-0.2095661432454424,0.024565588119388727
2024-03-20,ic_o_rev,反转,-0.113398635263042,0.0239428037865685
2024-03-21,ic_o_rev,反转,0.0189742460928901,0.031072711407261044
2024-03-22,ic_o_rev,反转,-0.0329517939687431,0.03982861671789212
2024-03-25,ic_o_rev,反转,-0.2493177687199192,0.025963211306774536
2024-03-26,ic_o_rev,反转,0.0516420867268324,0.02707979392430935
2024-03-27,ic_o_rev,反转,-0.1004440712591541,0.023808339136476724
2024-03-28,ic_o_rev,反转,-0.0285616592510517,0.01901758499440855
2024-03-29,ic_o_rev,反转,-0.0021911470086595,0.003924193395953551
2024-04-01,ic_o_rev,反转,0.1283521753432246,0.009151552042872296
2024-04-02,ic_o_rev,反转,0.0624004856220582,0.01427011556167486
2024-04-03,ic_o_rev,反转,0.0614882879451533,0.010457313671125876
2024-04-08,ic_o_rev,反转,0.2062368024255435,0.0327655224474925
2024-04-09,ic_o_rev,反转,0.1499086754038192,0.03538979559207557
2024-04-10,ic_o_rev,反转,0.1510686276207129,0.038584533390936405
2024-04-11,ic_o_rev,反转,0.0869985803569882,0.02220799905115696
2024-04-12,ic_o_rev,反转,0.0585797510430913,0.03178712683634073
2024-04-15,ic_o_rev,反转,-0.0011545426166352,0.03190025470004196
2024-04-16,ic_o_rev,反转,0.0866155364346185,0.028151834485710486
2024-04-17,ic_o_rev,反转,0.0009500354910752,0.016281476458668006
2024-04-18,ic_o_rev,反转,-0.2422222606949326,0.014648670586193496
2024-04-19,ic_o_rev,反转,-0.0518364747821241,0.017726778610239392
2024-04-22,ic_o_rev,反转,-0.1868561121291702,0.007435260699136378
2024-04-23,ic_o_rev,反转,-0.0932203389830508,0.004421833448420995
2024-04-24,ic_o_rev,反转,-0.1137359117743806,0.011200926295697928
2024-04-25,ic_o_rev,反转,-0.13590782220621,0.0018234308490458055
2024-04-26,ic_o_rev,反转,0.1188561486123855,0.012788441842622785
2024-04-29,ic_o_rev,反转,0.1527025155381659,0.021851650582083666
2024-04-30,ic_o_rev,反转,-0.1357230657363965,0.015175054645696818
2024-05-06,ic_o_rev,反转,0.1283067294541299,0.015172782351242082
2024-05-07,ic_o_rev,反转,0.1701029728661093,0.020557906713444634
2024-05-08,ic_o_rev,反转,-0.0381962703993865,0.015573678796217644
2024-05-09,ic_o_rev,反转,-0.1118813472116661,-0.00033222868564283385
2024-05-10,ic_o_rev,反转,0.0944214089091255,-0.0031065920103775188
2024-05-13,ic_o_rev,反转,0.0615315697442911,-0.007583444904198609
2024-05-14,ic_o_rev,反转,0.0514470218812813,-0.009361022827983952
2024-05-15,ic_o_rev,反转,-0.0426206927147557,-0.014421045015876304
2024-05-16,ic_o_rev,反转,0.1619669846436177,-0.006264968652863657
2024-05-17,ic_o_rev,反转,0.0797229099219196,-0.006609599978498604
2024-05-20,ic_o_rev,反转,0.039468672633784,-0.004683668121363163
2024-05-21,ic_o_rev,反转,0.0633710462076487,0.010595997223765901
2024-05-22,ic_o_rev,反转,0.2300925364865567,0.024692447787199943
2024-05-23,ic_o_rev,反转,-0.1236301979440233,0.027853743496457285
2024-05-24,ic_o_rev,反转,-0.0708101437443533,0.028974253258392157
2024-05-27,ic_o_rev,反转,-0.3579642838593515,0.016762834654143615
2024-05-28,ic_o_rev,反转,-0.1270147677498658,0.017207487376960828
2024-05-29,ic_o_rev,反转,0.1142747701736466,0.016978418455023882
2024-05-30,ic_o_rev,反转,-0.0922551548622773,0.0047305349350017225
2024-05-31,ic_o_rev,反转,-0.0750787728744308,0.007762749578100007
2024-06-03,ic_o_rev,反转,-0.0375729298315472,-0.0005312333861838464
2024-06-04,ic_o_rev,反转,0.1869991143457333,0.0003135736877973541
2024-06-05,ic_o_rev,反转,0.0809564411973477,0.006271209267634065
2024-06-06,ic_o_rev,反转,-0.0939691649475805,0.007166818380838344
2024-06-07,ic_o_rev,反转,0.0453128220776315,0.004711389039263644
2024-06-11,ic_o_rev,反转,0.127350201693184,0.008002320636708289
2024-06-12,ic_o_rev,反转,0.1272636380949083,0.011793151447389637
2024-06-13,ic_o_rev,反转,-0.0840013157666938,0.009724120294792735
2024-06-14,ic_o_rev,反转,0.1630729228377316,0.009779417204498427
2024-06-17,ic_o_rev,反转,0.1943872162878066,0.01551263252279278
2024-06-18,ic_o_rev,反转,0.0796493308633853,0.017521665434272842
2024-06-19,ic_o_rev,反转,-0.1531613026090268,0.00669504799343907
2024-06-20,ic_o_rev,反转,0.020450650092623,-0.003787046326257616
2024-06-21,ic_o_rev,反转,0.0629295718564429,0.005540942163765694
2024-06-24,ic_o_rev,反转,0.0293234189158774,0.010547620296777228
2024-06-25,ic_o_rev,反转,0.2832880317169024,0.042610236075589926
2024-06-26,ic_o_rev,反转,0.0061763127369678,0.049269790099931605
2024-06-27,ic_o_rev,反转,-0.0359217291944391,0.04175996513152731
2024-06-28,ic_o_rev,反转,0.1137900029810783,0.0520622230236951
2024-07-01,ic_o_rev,反转,0.1709849550191674,0.06436540941837501
2024-07-02,ic_o_rev,反转,0.0113347845350696,0.06681079513670585
2024-07-03,ic_o_rev,反转,-0.0894030167016624,0.05299068858433607
2024-07-04,ic_o_rev,反转,0.2409123307198859,0.06098848306046297
2024-07-05,ic_o_rev,反转,-0.0372637783899366,0.06382375238834517
2024-07-08,ic_o_rev,反转,0.0570861667084047,0.06441241961988384
2024-07-09,ic_o_rev,反转,-0.1446976556028587,0.05081002675508171
2024-07-10,ic_o_rev,反转,-0.1296893383335755,0.03796237793365751
2024-07-11,ic_o_rev,反转,-0.0605112596559496,0.03913688073919472
2024-07-12,ic_o_rev,反转,-0.152391593303924,0.023363654932111937
2024-07-15,ic_o_rev,反转,-0.1602550519157789,0.005631541521932661
2024-07-16,ic_o_rev,反转,-0.1633256920498545,-0.006517209623729331
2024-07-17,ic_o_rev,反转,-0.1160376222664834,-0.004661025606602161
2024-07-18,ic_o_rev,反转,-0.1656951320529367,-0.013968314713880148
2024-07-19,ic_o_rev,反转,-0.2210668177036608,-0.02816813419188533
2024-07-22,ic_o_rev,反转,-0.1336010746203191,-0.036314358868695155
2024-07-23,ic_o_rev,反转,-0.1175268067641553,-0.05635510079274804
2024-07-24,ic_o_rev,反转,0.0097925999392012,-0.05617428643263637
2024-07-25,ic_o_rev,反转,0.1872635561160151,-0.045015022167113665
2024-07-26,ic_o_rev,反转,0.208505322190283,-0.04027925620665342
2024-07-29,ic_o_rev,反转,-0.0398420182810774,-0.05082060487166566
2024-07-30,ic_o_rev,反转,0.2026819505112671,-0.0412532465728558
2024-07-31,ic_o_rev,反转,0.3399054616089542,-0.019787822657324962
2024-08-01,ic_o_rev,反转,0.27207828604886,-0.01822952489087626
2024-08-02,ic_o_rev,反转,0.0577950723353431,-0.013476582354612274
2024-08-05,ic_o_rev,反转,0.0688986919920633,-0.012885956090429343
2024-08-06,ic_o_rev,反转,0.1928724162508909,0.003992547502258137
2024-08-07,ic_o_rev,反转,0.0687965941707923,0.013916844127476527
2024-08-08,ic_o_rev,反转,-0.0333243435880641,0.015276189930870801
2024-08-09,ic_o_rev,反转,0.0657241542721534,0.02618197730967467
2024-08-12,ic_o_rev,反转,0.0922213018435399,0.038805794997640614
2024-08-13,ic_o_rev,反转,-0.083440889214232,0.04280003513942174
2024-08-14,ic_o_rev,反转,0.1506212556105642,0.05613297903327412
2024-08-15,ic_o_rev,反转,-0.075301959122344,0.06065263767980376
2024-08-16,ic_o_rev,反转,-0.0873783976421182,0.06733705868288088
2024-08-19,ic_o_rev,反转,0.1132438211554391,0.0796793034716688
2024-08-20,ic_o_rev,反转,0.0118876538691221,0.08615002650333267
2024-08-21,ic_o_rev,反转,-0.1248405925526381,0.0794183668787407
2024-08-22,ic_o_rev,反转,0.0857111622349708,0.07434074718468849
2024-08-23,ic_o_rev,反转,-0.2479640615324121,0.051517277998553726
2024-08-26,ic_o_rev,反转,-0.3393962743927105,0.036539565192972065
2024-08-27,ic_o_rev,反转,-0.0983261704191118,0.021489159146453128
2024-08-28,ic_o_rev,反转,-0.176415403286394,-0.004326884098314282
2024-08-29,ic_o_rev,反转,-0.4401032536456627,-0.039935961083040414
2024-08-30,ic_o_rev,反转,-0.4912022500048159,-0.06738582720004836
2024-09-02,ic_o_rev,反转,0.1135751574810733,-0.06515200392559786
2024-09-03,ic_o_rev,反转,-0.3284954532281689,-0.09122039739955086
2024-09-04,ic_o_rev,反转,-0.0939098321493189,-0.09935571871555642
2024-09-05,ic_o_rev,反转,-0.3460637722932805,-0.11499269015081723
2024-09-06,ic_o_rev,反转,0.0751534864324407,-0.11452122354280288
2024-09-09,ic_o_rev,反转,-0.1047434586969049,-0.12436946156982512
2024-09-10,ic_o_rev,反转,-0.1260665790146815,-0.1265007460598476
2024-09-11,ic_o_rev,反转,-0.2666355472260734,-0.14736358620167947
2024-09-12,ic_o_rev,反转,-0.0137539301564299,-0.14428618475338378
2024-09-13,ic_o_rev,反转,0.0865256471632705,-0.13559098251311436
2024-09-18,ic_o_rev,反转,0.2326145007967306,-0.12962244853104976
2024-09-19,ic_o_rev,反转,-0.1692546583850931,-0.13867956414376054
2024-09-20,ic_o_rev,反转,0.2938738026050927,-0.11774384438587396
2024-09-23,ic_o_rev,反转,0.3493318869298912,-0.10456280815112795
2024-09-24,ic_o_rev,反转,-0.0366913912886828,-0.0939991746389415
2024-09-25,ic_o_rev,反转,-0.1812188168210977,-0.08609030176036084
2024-09-26,ic_o_rev,反转,-0.1485474610920085,-0.08860136629400568
2024-09-27,ic_o_rev,反转,-0.1687377127505424,-0.0882174817672131
2024-09-30,ic_o_rev,反转,-0.257820412843574,-0.07910333972710867
2024-10-08,ic_o_rev,反转,-0.134151308420731,-0.06125079264790443
2024-10-09,ic_o_rev,反转,0.158284327091655,-0.059015334167375345
2024-10-10,ic_o_rev,反转,0.2872957019204846,-0.028225776409942664
2024-10-11,ic_o_rev,反转,0.3734129055754373,-0.004859639523704854
2024-10-14,ic_o_rev,反转,0.1496062006186287,0.019923859121890607
2024-10-15,ic_o_rev,反转,0.2268131995145537,0.02750684477599626
2024-10-16,ic_o_rev,反转,0.3422665716322166,0.04985734629245233
2024-10-17,ic_o_rev,反转,0.2504305445859258,0.06868220247248269
2024-10-18,ic_o_rev,反转,0.0992930685659554,0.08697863326208413
2024-10-21,ic_o_rev,反转,0.0106721118838011,0.08819993536409569
2024-10-22,ic_o_rev,反转,0.1821675560093236,0.09298203080639833
2024-10-23,ic_o_rev,反转,-0.0030860526121888,0.08119700313595236
2024-10-24,ic_o_rev,反转,0.1197125850012521,0.09564536530526963
2024-10-25,ic_o_rev,反转,0.0372483673980466,0.08281409354491732
2024-10-28,ic_o_rev,反转,0.0312631234227812,0.06691065536956183
2024-10-29,ic_o_rev,反转,-0.0334264414093352,0.0670739028635292
2024-10-30,ic_o_rev,反转,-0.0580647646934175,0.07323160546991321
2024-10-31,ic_o_rev,反转,0.0122209165687426,0.08127002435295076
2024-11-01,ic_o_rev,反转,0.1731204239566111,0.09836293118830844
2024-11-04,ic_o_rev,反转,-0.0772543763626182,0.10739123301235623
2024-11-05,ic_o_rev,反转,0.0590203401339547,0.1170498154400905
2024-11-06,ic_o_rev,反转,-0.0025782688766114,0.10900668564167719
2024-11-07,ic_o_rev,反转,0.1248083788594298,0.10088231948862444
2024-11-08,ic_o_rev,反转,-0.1441340782122905,0.07500497029923806
2024-11-11,ic_o_rev,反转,-0.0237867423891683,0.06633532314884821
2024-11-12,ic_o_rev,反转,-0.00519872279943,0.05473472703314902
2024-11-13,ic_o_rev,反转,-0.1354259905141105,0.030850098925832674
2024-11-14,ic_o_rev,反转,-0.0965472682013297,0.0135012082864699
2024-11-15,ic_o_rev,反转,-0.0076154613825529,0.008155781789044487
2024-11-18,ic_o_rev,反转,0.1137051555089148,0.01330743397030017
2024-11-19,ic_o_rev,反转,0.015021039744025,0.004950108157035241
2024-11-20,ic_o_rev,反转,-0.0487865102763062,0.0026650852738293713
2024-11-21,ic_o_rev,反转,-0.0235233597744786,-0.004496711964957164
2024-11-22,ic_o_rev,反转,0.2314351265985575,0.00521262599506838
2024-11-25,ic_o_rev,反转,0.2594442215294711,0.016621680900402877
2024-11-26,ic_o_rev,反转,0.0518339310029858,0.020884699521018926
2024-11-27,ic_o_rev,反转,-0.0104715435444432,0.02326436057846764
2024-11-28,ic_o_rev,反转,-0.0065146043602168,0.022327584532019672
2024-11-29,ic_o_rev,反转,0.2132189537108615,0.024332511019732193
2024-12-02,ic_o_rev,反转,0.0422874004083334,0.030309599858279766
2024-12-03,ic_o_rev,反转,0.1423377264730393,0.034475469175234
2024-12-04,ic_o_rev,反转,-0.035340596932004,0.03283735277246437
2024-12-05,ic_o_rev,反转,0.2463656285687829,0.038915215257932026
2024-12-06,ic_o_rev,反转,0.1326748767966089,0.052755663008376995
2024-12-09,ic_o_rev,反转,0.0377336749076617,0.0558316838732185
2024-12-10,ic_o_rev,反转,0.1037892116011811,0.06128108059324905
2024-12-11,ic_o_rev,反转,0.2601501384560251,0.08105988704175583
2024-12-12,ic_o_rev,反转,-0.0209738983713489,0.08483855553325487
2024-12-13,ic_o_rev,反转,-0.211276068191405,0.07465552519281227
2024-12-16,ic_o_rev,反转,-0.0256077862485467,0.06768987810493918
2024-12-17,ic_o_rev,反转,0.0116834941837182,0.06752300082692385
2024-12-18,ic_o_rev,反转,-0.0389538771772791,0.06801463248187521
2024-12-19,ic_o_rev,反转,-0.1209728695330102,0.06314215699394862
2024-12-20,ic_o_rev,反转,-0.0287766083315328,0.0501315702474441
2024-12-23,ic_o_rev,反转,-0.1054024301161558,0.031889237665162766
2024-12-24,ic_o_rev,反转,-0.0180478821362799,0.02839514700819948
2024-12-25,ic_o_rev,反转,0.0144798707779046,0.029642717724316876
2024-12-26,ic_o_rev,反转,-0.3049373951870942,0.014721578182973002
2024-12-27,ic_o_rev,反转,0.2026996718005699,0.014195614087458425
2024-12-30,ic_o_rev,反转,0.0975359321789767,0.01695804067599059
2024-12-31,ic_o_rev,反转,0.219218700165643,0.020802089360620772
2025-01-02,ic_o_rev,反转,-0.012064158358797,0.021965911289281125
2025-01-03,ic_o_rev,反转,0.2038449785951041,0.019839878790597183
2025-01-06,ic_o_rev,反转,-0.059217877094972,0.010245241096018138
2025-01-07,ic_o_rev,反转,-0.1396442995382241,0.001376342373723849
2025-01-08,ic_o_rev,反转,0.1772102931213611,0.005047396449732849
2025-01-09,ic_o_rev,反转,-0.2352994433984588,-0.019725082642991342
2025-01-10,ic_o_rev,反转,-0.1113923269236704,-0.024246004070607417
2025-01-13,ic_o_rev,反转,0.0141528457968723,-0.012974558371193556
2025-01-14,ic_o_rev,反转,-0.2205237209460123,-0.022720355106066837
2025-01-15,ic_o_rev,反转,0.0415979917075629,-0.021224630229874603
2025-01-16,ic_o_rev,反转,0.0845952035556652,-0.015047176193227388
2025-01-17,ic_o_rev,反转,-0.0985462514275131,-0.013925845287952533
2025-01-20,ic_o_rev,反转,-0.3089971912713355,-0.027936874434942673
2025-01-21,ic_o_rev,反转,-0.1706431268454787,-0.031198909271408816
2025-01-22,ic_o_rev,反转,-0.0564626770696068,-0.033119649018075153
2025-01-23,ic_o_rev,反转,-0.0490529795430888,-0.03629629153412483
2025-01-24,ic_o_rev,反转,-0.1248659938063932,-0.02729272146508978
2025-01-27,ic_o_rev,反转,0.1697182884854121,-0.028941790630847668
2025-02-05,ic_o_rev,反转,0.0799139891148903,-0.02982288778405199
2025-02-06,ic_o_rev,反转,-0.0229250252394974,-0.041930074054309006
2025-02-07,ic_o_rev,反转,-0.0091540602180235,-0.041784569147270335
2025-02-10,ic_o_rev,反转,0.0346677366585388,-0.050243431244098594
2025-02-11,ic_o_rev,反转,0.0709673569501732,-0.04373416954184134
2025-02-12,ic_o_rev,反转,-0.0957560418531436,-0.041539756657587315
2025-02-13,ic_o_rev,反转,-0.0479809047604349,-0.05279931655167711
2025-02-14,ic_o_rev,反转,-0.153603822348386,-0.04871453549917347
2025-02-17,ic_o_rev,反转,-0.0363221273918622,-0.04496102552258306
2025-02-18,ic_o_rev,反转,-0.0811888033466517,-0.04972810797975926
2025-02-19,ic_o_rev,反转,-0.0915028241612395,-0.04327706314052062
2025-02-20,ic_o_rev,反转,-0.1062669276496813,-0.05067030910838284
2025-02-21,ic_o_rev,反转,0.1885778367645091,-0.04547117744794064
2025-02-24,ic_o_rev,反转,-0.0306489039167576,-0.04207631007240287
2025-02-25,ic_o_rev,反转,-0.0148546936029844,-0.027369185188985307
2025-02-26,ic_o_rev,反转,-0.0645282781997363,-0.022063442756698186
2025-02-27,ic_o_rev,反转,-0.1075052832004687,-0.024615573063241282
2025-02-28,ic_o_rev,反转,-0.0297637729374594,-0.023651112732959813
2025-03-03,ic_o_rev,反转,0.06514761575963,-0.014150432254658655
2025-03-04,ic_o_rev,反转,0.165513778168351,-0.014360657770511709
2025-03-05,ic_o_rev,反转,-0.1412738267110246,-0.025420048561807452
2025-03-06,ic_o_rev,反转,0.1192789739083129,-0.018309848604416937
2025-03-07,ic_o_rev,反转,0.0594877910991149,-0.014877756038560019
2025-03-10,ic_o_rev,反转,0.1716740228607878,-0.008027441728447568
2025-03-11,ic_o_rev,反转,-0.0597384692943197,-0.014562733040672213
2025-03-12,ic_o_rev,反转,0.1779046678395423,-0.0008796975560379158
2025-03-13,ic_o_rev,反转,0.0967509782971712,0.006356896596842389
2025-03-14,ic_o_rev,反转,0.1364692325894832,0.020860549343735844
2025-03-17,ic_o_rev,反转,-0.0062532794222043,0.022363991742218745
2025-03-18,ic_o_rev,反转,0.1865777750342089,0.03575232066126178
2025-03-19,ic_o_rev,反转,-0.1634862846023476,0.03215314763920637
2025-03-20,ic_o_rev,反转,0.0863055259138367,0.04178177031738227
2025-03-21,ic_o_rev,反转,0.0855480928169397,0.03663028312000379
2025-03-24,ic_o_rev,反转,-0.0314083652417718,0.03659231005375309
2025-03-25,ic_o_rev,反转,0.0134789613541732,0.03800899280161097
2025-03-26,ic_o_rev,反转,0.0984349172472956,0.046157152573962565
2025-03-27,ic_o_rev,反转,-0.1235161579061082,0.04535660883868059
2025-03-28,ic_o_rev,反转,0.0100620389518195,0.04734789943314453
2025-03-31,ic_o_rev,反转,-0.1936500097739642,0.034408018156464826
2025-04-01,ic_o_rev,反转,-0.0179594020391575,0.025234359146089395
2025-04-02,ic_o_rev,反转,-0.1704086393657639,0.023777618513352434
2025-04-03,ic_o_rev,反转,-0.2252316948710898,0.006552085074382298
2025-04-07,ic_o_rev,反转,0.1319937858164346,0.010177384810248283
2025-04-08,ic_o_rev,反转,0.3898509108831665,0.021086229211367217
2025-04-09,ic_o_rev,反转,0.2369126619134335,0.03591878577175488
2025-04-10,ic_o_rev,反转,0.018379177535923,0.02794251125657391
2025-04-11,ic_o_rev,反转,0.0189326831075033,0.024051596497090516
2025-04-14,ic_o_rev,反转,0.077016780353303,0.021078973885281505
2025-04-15,ic_o_rev,反转,-0.1438504148287762,0.01419911711495291
2025-04-16,ic_o_rev,反转,-0.075510561025546,0.0010947003119651654
2025-04-17,ic_o_rev,反转,-0.0543185489264071,0.0065530870957621916
2025-04-18,ic_o_rev,反转,-0.2145982975803537,-0.008492104078947328
2025-04-21,ic_o_rev,反转,-0.0540387048982993,-0.01547144396470928
2025-04-22,ic_o_rev,反转,-0.1237662292901329,-0.02008933716712733
2025-04-23,ic_o_rev,反转,-0.133476410525245,-0.027437105761098247
2025-04-24,ic_o_rev,反转,-0.0605553669351934,-0.035386619970222695
2025-04-25,ic_o_rev,反转,-0.0301418923124685,-0.030717906690540704
2025-04-28,ic_o_rev,反转,0.0420887692463656,-0.029116570175813407
2025-04-29,ic_o_rev,反转,-0.0661337624277392,-0.022740757808502154
2025-04-30,ic_o_rev,反转,0.0436361429036668,-0.01966098056136094
2025-05-06,ic_o_rev,反转,0.0879566435337137,-0.006742716416387058
2025-05-07,ic_o_rev,反转,0.0247688921184472,0.005757312933089792
2025-05-08,ic_o_rev,反转,0.0808540224070349,0.003200324762619807
2025-05-09,ic_o_rev,反转,-0.0034566440656687,-0.01646505298482195
2025-05-12,ic_o_rev,反转,0.0741896857048274,-0.024601201795252253
2025-05-13,ic_o_rev,反转,0.0865214747717634,-0.021194086933460234
2025-05-14,ic_o_rev,反转,0.029436281589508,-0.020668907009360003
2025-05-15,ic_o_rev,反转,0.1321240904881774,-0.01791354150261628
2025-05-16,ic_o_rev,反转,0.1938679378272132,-0.0010276238698168128
2025-05-19,ic_o_rev,反转,-0.0212196991579708,0.0016869192235619474
2025-05-20,ic_o_rev,反转,0.0354220128440928,0.006173947312086942
2025-05-21,ic_o_rev,反转,0.1388000670266229,0.023843865542435772
2025-05-22,ic_o_rev,反转,0.0255881029311788,0.027825205933909674
2025-05-23,ic_o_rev,反转,0.1759972082874153,0.04281337781278709
2025-05-26,ic_o_rev,反转,0.04810370245637,0.05189238346186784
2025-05-27,ic_o_rev,反转,-0.0334206655407631,0.053249118531589354
2025-05-28,ic_o_rev,反转,0.1163702399295619,0.06057472514369087
2025-05-29,ic_o_rev,反转,-0.1155580013207132,0.05269238661533694
2025-05-30,ic_o_rev,反转,-0.1742759048403878,0.0472852794947045
2025-06-03,ic_o_rev,反转,-0.2796435613271177,0.031121294283165273
2025-06-04,ic_o_rev,反转,-0.1547612561970607,0.018985399296626553
2025-06-05,ic_o_rev,反转,-0.0188201628879595,0.01680594654630622
2025-06-06,ic_o_rev,反转,-0.0630222320052828,0.009612133825690337
2025-06-09,ic_o_rev,反转,-0.0903037640325776,0.005269777827344891
2025-06-10,ic_o_rev,反转,-0.0294543524032134,8.75759219428519e-05
2025-06-11,ic_o_rev,反转,-0.1294512670637888,-0.010711061169834757
2025-06-12,ic_o_rev,反转,-0.0635569282360689,-0.015360721661113602
2025-06-13,ic_o_rev,反转,0.1826574134854866,-0.012834055511248143
2025-06-16,ic_o_rev,反转,-0.2049612257947143,-0.032775513692344514
2025-06-17,ic_o_rev,反转,0.0675210574415727,-0.02833847586236734
2025-06-18,ic_o_rev,反转,0.1493697928247772,-0.02264108686333312
2025-06-19,ic_o_rev,反转,0.3827597616415708,-0.010443102132585725
2025-06-20,ic_o_rev,反转,0.1854640084517022,-0.0024493068565595577
2025-06-23,ic_o_rev,反转,0.0387295210595693,-0.009312691217951858
2025-06-24,ic_o_rev,反转,0.035473956011571,-0.009944178540191808
2025-06-25,ic_o_rev,反转,-0.0354803394724495,-0.010047162236776128
2025-06-26,ic_o_rev,反转,-0.0125020081304013,-0.01649077463977429
2025-06-27,ic_o_rev,反转,-0.4718281912782774,-0.0343042841376525
2025-06-30,ic_o_rev,反转,-0.3322474357105697,-0.042202860681161594
2025-07-01,ic_o_rev,反转,0.099080888024521,-0.023266638213579653
2025-07-02,ic_o_rev,反转,-0.0622121458110134,-0.018639182694277296
2025-07-03,ic_o_rev,反转,-0.1239380846851198,-0.02389507878413531
2025-07-04,ic_o_rev,反转,0.1131074793947202,-0.01508859321413516
2025-07-07,ic_o_rev,反转,0.2051931582066305,-0.0003137471021747551
2025-07-08,ic_o_rev,反转,-0.107730477514791,-0.004227553357753635
2025-07-09,ic_o_rev,反转,0.2914486094162432,0.016817440466247963
2025-07-10,ic_o_rev,反转,0.0043311782060134,0.020211845788352077
2025-07-11,ic_o_rev,反转,-0.1598429243059848,0.003086828898778507
2025-07-14,ic_o_rev,反转,0.025874308524535,0.01462860561474097
2025-07-15,ic_o_rev,反转,0.1153609638185705,0.01702060093359086
2025-07-16,ic_o_rev,反转,0.1417287901532988,0.016638550800016944
2025-07-17,ic_o_rev,反转,0.0200600258104601,-0.0014964359915385901
2025-07-18,ic_o_rev,反转,0.1709566206365938,-0.0022218053822940093
2025-07-21,ic_o_rev,反转,-0.0070462768996381,-0.00451059528025438
2025-07-22,ic_o_rev,反转,0.3485025964790261,0.011140836743118375
2025-07-23,ic_o_rev,反转,0.0653506807429071,0.016182387753886206
2025-07-24,ic_o_rev,反转,0.1059175746253174,0.02210336689167214
2025-07-25,ic_o_rev,反转,0.0227453350199855,0.04683204320658529
2025-07-28,ic_o_rev,反转,0.0162150545413536,0.06425516771918145
2025-07-29,ic_o_rev,反转,0.2298290615567771,0.07079257639579425
2025-07-30,ic_o_rev,反转,0.1809402625091895,0.0829501968118044
2025-07-31,ic_o_rev,反转,0.2183570346042588,0.10006495277627334
2025-08-01,ic_o_rev,反转,0.1312982150779473,0.10097448956043469
2025-08-04,ic_o_rev,反转,0.1485604473606759,0.09814285401813697
2025-08-05,ic_o_rev,反转,0.0464868163639826,0.10585371871207563
2025-08-06,ic_o_rev,反转,0.0265036097020481,0.09260646872636588
2025-08-07,ic_o_rev,反转,-0.0592420266724722,0.08942780848244161
2025-08-08,ic_o_rev,反转,-0.1996827444123197,0.08743581747712485
2025-08-11,ic_o_rev,反转,-0.2671244438288811,0.07278587985945405
2025-08-12,ic_o_rev,反转,-0.1663124772770554,0.05870220780467276
2025-08-13,ic_o_rev,反转,-0.2472211353847696,0.03925471152776934
2025-08-14,ic_o_rev,反转,0.0264274708342504,0.03957308377895885
2025-08-15,ic_o_rev,反转,-0.08310147479639,0.026870179007309664
2025-08-18,ic_o_rev,反转,0.1477316009071865,0.034609072897650896
2025-08-19,ic_o_rev,反转,0.0136723092914464,0.017867558538271912
2025-08-20,ic_o_rev,反转,-0.0372102573705035,0.01273951163260138
2025-08-21,ic_o_rev,反转,0.0278010360357005,0.008833684703120535
2025-08-22,ic_o_rev,反转,0.0436022295301028,0.009876529428626398
2025-08-25,ic_o_rev,反转,-0.0643123044400162,0.0058501614795579086
2025-08-26,ic_o_rev,反转,-0.2035398418391176,-0.015818283690236825
2025-08-27,ic_o_rev,反转,-0.1095593973371533,-0.030343266682553965
2025-08-28,ic_o_rev,反转,0.0492760885535512,-0.03879731398508934
2025-08-29,ic_o_rev,反转,-0.0480174566376822,-0.04776309757087081
2025-09-01,ic_o_rev,反转,-0.167056924222226,-0.06354396615001592
2025-09-02,ic_o_rev,反转,0.2149092813490071,-0.05512284290076469
2025-09-03,ic_o_rev,反转,-0.0799167256834042,-0.060443859670037306
2025-09-04,ic_o_rev,反转,0.2952316441889857,-0.04272017612696441
2025-09-05,ic_o_rev,反转,-0.0440046051834282,-0.03493626916551983
2025-09-08,ic_o_rev,反转,0.0769723515867107,-0.017731429394740244
2025-09-09,ic_o_rev,反转,0.0653997597687258,-0.006145817542451184
2025-09-10,ic_o_rev,反转,0.0175640926069947,0.007093443857137031
2025-09-11,ic_o_rev,反转,-0.0683594186369396,0.002354099383577532
2025-09-12,ic_o_rev,反转,-0.2626306149883048,-0.0066223576260182075
2025-09-15,ic_o_rev,反转,-0.0711299920101788,-0.017565437271886475
2025-09-16,ic_o_rev,反转,-0.0753918647046745,-0.022018645971692518
2025-09-17,ic_o_rev,反转,-0.1268911103468871,-0.026502688620511694
2025-09-18,ic_o_rev,反转,0.0627143114001164,-0.0247570248522909
2025-09-19,ic_o_rev,反转,0.1515954928510557,-0.019357361686243257
2025-09-22,ic_o_rev,反转,-0.0308267964920754,-0.01768308628884622
2025-09-23,ic_o_rev,反转,-0.0696744115778957,-0.010989814775785122
2025-09-24,ic_o_rev,反转,0.0929485099406444,-0.0008644194118952384
2025-09-25,ic_o_rev,反转,-0.0193323318381942,-0.004294840431482509
2025-09-26,ic_o_rev,反转,-0.0058972664898577,-0.002188830924091283
2025-09-29,ic_o_rev,反转,0.0174470624908902,0.007036368411564527
2025-09-30,ic_o_rev,反转,-0.0162469718457457,-0.0045214442481731135
2025-10-09,ic_o_rev,反转,-0.009632647589685,-0.0010072403434871534
2025-10-10,ic_o_rev,反转,-0.0793304600666646,-0.019735345556269667
2025-10-13,ic_o_rev,反转,0.0745471200484292,-0.013807759294676796
2025-10-14,ic_o_rev,反转,-0.1576555250449768,-0.02553915312626117
2025-10-15,ic_o_rev,反转,-0.0779665272589738,-0.03270746747764615
2025-10-16,ic_o_rev,反转,-0.0643101766197234,-0.03680118093898206
2025-10-17,ic_o_rev,反转,0.0441639975806732,-0.03117501012810142
2025-10-20,ic_o_rev,反转,-0.1053101379519974,-0.023308986276286046
2025-10-21,ic_o_rev,反转,0.0621834533158727,-0.016643314009983468
2025-10-22,ic_o_rev,反转,-0.0150724471156079,-0.013627343130530139
2025-10-23,ic_o_rev,反转,-0.1774612763304462,-0.016155851429708094
2025-10-24,ic_o_rev,反转,0.2372490233295807,-0.0074291158332348796
2025-10-27,ic_o_rev,反转,0.0861479962848257,-0.010701490661546378
2025-10-28,ic_o_rev,反转,-0.0397402356986538,-0.011147162621875298
2025-10-29,ic_o_rev,反转,0.0448150870970041,-0.005422687688130309
2025-10-30,ic_o_rev,反转,0.0129977971728719,-0.009420223326518934
2025-10-31,ic_o_rev,反转,-0.0011649816103131,-0.00851185581512488
2025-11-03,ic_o_rev,反转,0.0797198511802487,-0.004230999931619558
2025-11-04,ic_o_rev,反转,0.0452804377564979,-0.002839331168339174
2025-11-05,ic_o_rev,反转,0.1029472381904559,0.0031203793334709067
2025-11-06,ic_o_rev,反转,0.0551587587299301,0.006359949649451661
2025-11-07,ic_o_rev,反转,0.037828497372021,0.012217897521385941
2025-11-10,ic_o_rev,反转,0.0992464060287517,0.013452861820402067
2025-11-11,ic_o_rev,反转,0.1716970264237886,0.029920489393840337
2025-11-12,ic_o_rev,反转,-0.1392252861977104,0.026857551446903504
2025-11-13,ic_o_rev,反转,0.0573715410276717,0.03294163732927326
2025-11-14,ic_o_rev,反转,0.2016069081089163,0.04081378285568541
2025-11-17,ic_o_rev,反转,0.2079260613471834,0.056475592820644446
2025-11-18,ic_o_rev,反转,-0.0178942568459452,0.05247170731255355
2025-11-19,ic_o_rev,反转,0.0244774041807665,0.05444919987737229
2025-11-20,ic_o_rev,反转,0.0581933134810126,0.06623192936794522
2025-11-21,ic_o_rev,反转,0.1887325344338919,0.06380610492316077
2025-11-24,ic_o_rev,反转,0.0993635323952066,0.06446688172867983
2025-11-25,ic_o_rev,反转,-0.0831907911093431,0.06229435395814535
2025-11-26,ic_o_rev,反转,-0.1594249380030422,0.05208235270314304
2025-11-27,ic_o_rev,反转,-0.0697702749738948,0.04794394909580471
2025-11-28,ic_o_rev,反转,-0.2280965640694147,0.03659736997284963
2025-12-01,ic_o_rev,反转,-0.1303503868221541,0.026093858072729494
2025-12-02,ic_o_rev,反转,-0.1416687385013177,0.016746399259838708
2025-12-03,ic_o_rev,反转,-0.0757893690020387,0.007809568900213978
2025-12-04,ic_o_rev,反转,-0.184412873808445,-0.004169012726704777
2025-12-05,ic_o_rev,反转,-0.3072243251533982,-0.021421653852975737
2025-12-08,ic_o_rev,反转,-0.1418253692009348,-0.03347524261446007
2025-12-09,ic_o_rev,反转,0.1518323305653622,-0.03446847740738138
2025-12-10,ic_o_rev,反转,-0.1748819054248918,-0.03625130836874045
2025-12-11,ic_o_rev,反转,0.0602903883446869,-0.036105366002889695
2025-12-12,ic_o_rev,反转,0.0841032270896524,-0.041980550053852886
2025-12-15,ic_o_rev,反转,0.1050124434701755,-0.04712623094770328
2025-12-16,ic_o_rev,反转,0.0983342449405798,-0.04131480585837703
2025-12-17,ic_o_rev,反转,-0.049778728059271,-0.04502761247037891
2025-12-18,ic_o_rev,反转,0.0170590635274917,-0.04708432496805495
2025-12-19,ic_o_rev,反转,0.0026416562195254,-0.05638886887877328
2025-12-22,ic_o_rev,反转,-0.1383711628531824,-0.06827560364119273
2025-12-23,ic_o_rev,反转,-0.0671332002125048,-0.06747272409635081
2025-12-24,ic_o_rev,反转,-0.1342407532929085,-0.06621351486084412
2025-12-25,ic_o_rev,反转,-0.1050127930337504,-0.06797564076383691
2025-12-26,ic_o_rev,反转,-0.0319135813777395,-0.05816649162925315
2025-12-29,ic_o_rev,反转,0.056893922786219,-0.048804276148834494
2025-12-30,ic_o_rev,反转,-0.0710413346279028,-0.04527290595516374
2025-12-31,ic_o_rev,反转,-0.0024804592086441,-0.04160746046549402
2026-01-05,ic_o_rev,反转,-0.0906664746682026,-0.0369201405084819
2026-01-06,ic_o_rev,反转,-0.1140710874313005,-0.02726247862237701
2026-01-07,ic_o_rev,反转,-0.1614467084263326,-0.0282435455836469
2026-01-08,ic_o_rev,反转,-0.0115727074183406,-0.036413797482832036
2026-01-09,ic_o_rev,反转,0.1114839081287349,-0.022095506805150704
2026-01-12,ic_o_rev,反转,0.2399262245459815,-0.013113714995085976
2026-01-13,ic_o_rev,反转,0.0078407372741018,-0.016926839485863508
2026-01-14,ic_o_rev,反转,0.223395548985569,-0.011007684210093831
2026-01-15,ic_o_rev,反转,-0.0751625986992104,-0.01968252639208334
2026-01-16,ic_o_rev,反转,0.2122927016583868,-0.006578954906200451
2026-01-19,ic_o_rev,反转,-0.0809801521587827,-0.011480915690514171
2026-01-20,ic_o_rev,反转,0.1247870017039863,-0.005373648416291127
2026-01-21,ic_o_rev,反转,0.0061151510787913,0.0018506672803075576
2026-01-22,ic_o_rev,反转,-0.1245194785558811,-0.0010186466368612569
2026-01-23,ic_o_rev,反转,0.024470204238366,0.0069169012397024675
2026-01-26,ic_o_rev,反转,0.0499868001055991,0.014666880896669943
2026-01-27,ic_o_rev,反转,0.111781505747954,0.021851635252954617
2026-01-28,ic_o_rev,反转,0.141126070991432,0.026063242663215268
2026-01-29,ic_o_rev,反转,0.357592339261286,0.0474949263576747
2026-01-30,ic_o_rev,反转,0.1320109439124487,0.05421949651372935
2026-02-02,ic_o_rev,反转,0.2679506563947488,0.07215035306687692
2026-02-03,ic_o_rev,反转,-0.0029327765377876,0.07770726861155255
2026-02-04,ic_o_rev,反转,0.1665959671898727,0.09410940239236283
2026-02-05,ic_o_rev,反转,0.2712870574307683,0.10825239063481829
2026-02-06,ic_o_rev,反转,-0.0258741930064559,0.10138448557805872
2026-02-09,ic_o_rev,反转,0.0822281421748626,0.0934995814595028
2026-02-10,ic_o_rev,反转,-0.061062711498308,0.0900544090208823
2026-02-11,ic_o_rev,反转,0.0184150526795785,0.07980538420558278
2026-02-12,ic_o_rev,反转,-0.1264957880336957,0.07723872473885851
2026-02-13,ic_o_rev,反转,0.034266925864593,0.06833743594916881
2026-02-24,ic_o_rev,反转,-0.1003383972928216,0.06736952369246688
2026-02-25,ic_o_rev,反转,0.1310580663283687,0.067683076923686
2026-02-26,ic_o_rev,反转,0.0464176452268855,0.06969820163109071
2026-02-27,ic_o_rev,反转,-0.0207706399613056,0.07488564356081948
2026-03-02,ic_o_rev,反转,-0.1161754728998408,0.06785335970390914
2026-03-03,ic_o_rev,反转,0.1878336037479382,0.0747456998860261
2026-03-04,ic_o_rev,反转,-0.008985045279401,0.06870737233465833
2026-03-05,ic_o_rev,反转,-0.0266803614293815,0.06031705071361767
2026-03-06,ic_o_rev,反转,0.0422958105384208,0.044552224277474406
2026-03-09,ic_o_rev,反转,0.0712684949407978,0.041515101828891864
2026-03-10,ic_o_rev,反转,0.0964735782473285,0.032941247921520846
2026-03-11,ic_o_rev,反转,0.2352389180886553,0.044849832652842994
2026-03-12,ic_o_rev,反转,0.2777545779633763,0.05040776319151817
2026-03-13,ic_o_rev,反转,0.0005807953536371,0.036872450087661615
2026-03-16,ic_o_rev,反转,-0.0817049463604291,0.03408091241996295
2026-03-17,ic_o_rev,反转,0.0698802409580723,0.03346351735912344
2026-03-18,ic_o_rev,反转,-0.161606501075909,0.028436327880243382
2026-03-19,ic_o_rev,反转,0.117345931640127,0.033382871828270815
2026-03-20,ic_o_rev,反转,0.0808673530611755,0.04375102888301437
2026-03-23,ic_o_rev,反转,0.2175991897660349,0.05291764207808647
2026-03-24,ic_o_rev,反转,-0.1609259125926992,0.04988826631309258
2026-03-25,ic_o_rev,反转,0.0335577516726436,0.045013250580306335
2026-03-26,ic_o_rev,反转,-0.0672427024040143,0.03933023319876135
2026-03-27,ic_o_rev,反转,-0.0225406196750426,0.03924173421307449
2026-03-30,ic_o_rev,反转,0.0872945016439868,0.04941523294026587
2026-03-31,ic_o_rev,反转,0.0571891768001019,0.04288301159287406
2026-04-01,ic_o_rev,反转,0.099265605875153,0.048295544150601756
2026-04-02,ic_o_rev,反转,0.2175079904409099,0.06050496174411633
2026-04-03,ic_o_rev,反转,-0.0025775793793649,0.05826129224822705
2026-04-07,ic_o_rev,反转,-0.0330621355029159,0.05304476072604136
2026-04-08,ic_o_rev,反转,-0.1800561595507236,0.03921827383613875
2026-04-09,ic_o_rev,反转,-0.1546344557050556,0.019724605146453206
2026-04-10,ic_o_rev,反转,-0.3199974080154367,-0.010162994152487443
2026-04-13,ic_o_rev,反转,-0.1022991816065471,-0.015306993000496653
2026-04-14,ic_o_rev,反转,-0.1676746586027311,-0.019605478612611752
2026-04-15,ic_o_rev,反转,-0.0537475700194398,-0.02578686916148735
2026-04-16,ic_o_rev,反转,-0.0923176614587083,-0.02232242718062732
2026-04-17,ic_o_rev,反转,-0.171125830993352,-0.036746015312301275
2026-04-20,ic_o_rev,反转,-0.0268867434859337,-0.04213372013965673
2026-04-21,ic_o_rev,反转,0.0155336130092024,-0.05223699897749836
2026-04-22,ic_o_rev,反转,-0.2130800373715353,-0.05484470521644016
2026-04-23,ic_o_rev,反转,0.209355224598829,-0.046054831570130884
2026-04-24,ic_o_rev,反转,-0.0458424446861332,-0.04498481868423684
2026-04-27,ic_o_rev,反转,-0.0478954377998744,-0.04625255959047843
2026-04-28,ic_o_rev,反转,0.2161883575383782,-0.03980786679575885
2026-04-29,ic_o_rev,反转,0.2540079750367914,-0.029966926883924383
2026-04-30,ic_o_rev,反转,0.0831432158790372,-0.030773046383730168
2026-05-06,ic_o_rev,反转,-0.0074800309886998,-0.04202244745521066
2026-05-07,ic_o_rev,反转,0.2045543086882096,-0.03166585305183193
2026-05-08,ic_o_rev,反转,0.2419542076853959,-0.01791503589241634
2026-05-11,ic_o_rev,反转,0.1050940834650523,-0.003657523741627546
2026-05-12,ic_o_rev,反转,0.0828970755094411,0.00821905281909729
2026-05-13,ic_o_rev,反转,0.1607453220612444,0.032256189322931346
2026-05-14,ic_o_rev,反转,-0.0880731417777807,0.032967491314369664
2026-05-15,ic_o_rev,反转,-0.0125597654635963,0.0407232359713264
2026-05-18,ic_o_rev,反转,0.2041135691377377,0.05361629292918527
2026-05-19,ic_o_rev,反转,0.0676023637281843,0.06161229418852991
2026-05-20,ic_o_rev,反转,-0.036157790420048,0.06836069621719511
2026-05-21,ic_o_rev,反转,-0.0280289550333927,0.06830358563982215
2026-05-22,ic_o_rev,反转,-0.076469623731726,0.06370342380277574
2026-05-25,ic_o_rev,反转,-0.110023545461104,0.0688562483982973
2026-05-26,ic_o_rev,反转,-0.08018705196398,0.05437913457015685
2026-05-27,ic_o_rev,反转,0.221061054233264,0.06772430951612671
2026-05-28,ic_o_rev,反转,0.2210033383397498,0.08116924832310793
2026-05-29,ic_o_rev,反转,0.2790629037653062,0.08431297563445432
2026-06-01,ic_o_rev,反转,0.5294160856818675,0.09808338116670812
2026-06-02,ic_o_rev,反转,0.2775454201425262,0.10780349137988259
2026-06-03,ic_o_rev,反转,0.3034347515265198,0.12334923050564355
2026-06-04,ic_o_rev,反转,0.0788648333125643,0.1170647567368613
2026-06-05,ic_o_rev,反转,0.181420967162393,0.11403809471071114
2026-06-08,ic_o_rev,反转,0.094862629614812,0.11352652201819913
2026-06-09,ic_o_rev,反转,-0.1427537039830525,0.10224398304357445
2026-06-10,ic_o_rev,反转,-0.0771910724006532,0.09034716332047957
2026-06-11,ic_o_rev,反转,0.2142951774435794,0.10546557928154757
2026-06-12,ic_o_rev,反转,0.1151367244503953,0.11185040377724716
2026-06-15,ic_o_rev,反转,0.1991540680877894,0.11160242872474975
2026-06-16,ic_o_rev,反转,0.2085550694886241,0.11865006401277171
2026-06-17,ic_o_rev,反转,0.0933830039810849,0.12512710373282837
2026-06-18,ic_o_rev,反转,0.2521935318847518,0.1391382280787356
2026-06-22,ic_o_rev,反转,0.2396140905483666,0.15494241379274024
2026-06-23,ic_o_rev,反转,-0.093674206898361,0.15575988072087738
2026-06-24,ic_o_rev,反转,-0.0484669215785296,0.15734588724014992
2026-06-25,ic_o_rev,反转,0.0746647393043685,0.15002607149370512
2026-06-26,ic_o_rev,反转,-0.1643027198614818,0.13076076858364355
2026-06-29,ic_o_rev,反转,-0.2711063364266178,0.10325230657404734
2026-06-30,ic_o_rev,反转,0.0992175561254271,0.08174238009622534
2026-07-01,ic_o_rev,反转,0.0669412544024765,0.07121217180922283
2026-07-02,ic_o_rev,反转,-0.2370850850325636,0.04418617998126867
2026-07-03,ic_o_rev,反转,-0.0861212951971194,0.03593687355578449
2026-07-06,ic_o_rev,反转,-0.0304884207488637,0.025341404160221653
2026-07-07,ic_o_rev,反转,-0.0481101324186238,0.01819276605854986
2026-07-08,ic_o_rev,反转,-0.2530146716424763,0.01267971767557867
2026-07-09,ic_o_rev,反转,-0.1633871359143706,0.0083699144998928
2026-07-10,ic_o_rev,反转,-0.3407795580798972,-0.019383822276281028
2026-07-13,ic_o_rev,反转,-0.1870716398528245,-0.03449424049144202
2026-07-14,ic_o_rev,反转,-0.26855354038055,-0.05787962091485899
2026-07-15,ic_o_rev,反转,-0.2711090706426776,-0.08186282792142408
2026-07-16,ic_o_rev,反转,-0.2525937736316129,-0.09916166680205897
2026-07-17,ic_o_rev,反转,-0.0839648195394534,-0.11596958437326924
2026-07-20,ic_o_rev,反转,-0.2050448937830801,-0.13820253358984155
2026-07-21,ic_o_rev,反转,-0.1518885558565235,-0.1411132510377497
2026-07-22,ic_o_rev,反转,-0.2253807119916481,-0.1499589405584056
2026-07-23,ic_o_rev,反转,-0.024370536036361,-0.1549107043254421
2026-07-24,ic_o_rev,反转,0.0431255779787631,-0.14453928943342984
2026-07-27,ic_o_rev,反转,-0.1949236248204577,-0.14073015385312182
2026-07-28,ic_o_rev,反转,-0.1786293787015236,-0.1546225005944694
2026-07-29,ic_o_rev,反转,-0.0027690511638278,-0.15810801587278459
2026-07-30,ic_o_rev,反转,0.1423537212674987,-0.13913607555778146
2026-07-31,ic_o_rev,反转,0.1112631984201815,-0.12926685087691642
2026-08-03,ic_o_rev,反转,0.2522171429320985,-0.1151315726928683
