trade_date,group,period_ret,bucket,nav
2020-04-03,Q1 最强,0.003943346153846153,1,1.003943346153846
2020-04-13,Q1 最强,0.01880692307692308,1,1.0228244314385502
2020-04-20,Q1 最强,-0.0011782692307692319,1,1.021619268882507
2020-04-27,Q1 最强,0.013437461538461539,1,1.0353472385150668
2020-05-07,Q1 最强,-0.008466423076923078,1,1.0265815507622744
2020-05-14,Q1 最强,-0.004104153846153847,1,1.0223683021423229
2020-05-21,Q1 最强,-0.017070115384615385,1,1.0049163572591802
2020-05-28,Q1 最强,0.02202453846153846,1,1.0270491762202643
2020-06-04,Q1 最强,0.011916307692307691,1,1.039287810219236
2020-06-11,Q1 最强,0.00462464,1,1.0440941421978884
2020-06-18,Q1 最强,0.014862440000000001,1,1.059611928740656
2020-06-29,Q1 最强,0.15041960000000001,1,1.218998331217054
2020-07-06,Q1 最强,0.06843759259259259,1,1.3024236423799371
2020-07-13,Q1 最强,-0.03894557692307692,1,1.2517000022291953
2020-07-20,Q1 最强,-0.01970103703703704,1,1.2270402141260186
2020-07-27,Q1 最强,0.060665592592592604,1,1.3014793358509151
2020-08-03,Q1 最强,0.010673222222222223,1,1.315370314020082
2020-08-10,Q1 最强,0.008069148148148148,1,1.3259842319535862
2020-08-17,Q1 最强,-0.02724159259259259,1,1.2898623097225048
2020-08-24,Q1 最强,0.010707259259259262,1,1.3036731998814506
2020-08-31,Q1 最强,-0.033955407407407406,1,1.2594064452533573
2020-09-07,Q1 最强,0.002960555555555555,1,1.2631349880015548
2020-09-14,Q1 最强,0.008528666666666665,1,1.273907845269224
2020-09-21,Q1 最强,-0.03724151851851852,1,1.2264655826587443
2020-09-28,Q1 最强,0.03789418518518519,1,1.2729414965712709
2020-10-13,Q1 最强,-0.004668111111111112,1,1.2669992642273322
2020-10-20,Q1 最强,-0.013690222222222223,1,1.249653762744668
2020-10-27,Q1 最强,0.0025268148148148155,1,1.2528114063857603
2020-11-03,Q1 最强,0.05021348148148149,1,1.3157194287401004
2020-11-10,Q1 最强,-0.0038222222222222216,1,1.3106904567013604
2020-11-17,Q1 最强,0.02043451851851852,1,1.33747378511087
2020-11-24,Q1 最强,0.0008284814814814815,1,1.3385818573738013
2020-12-01,Q1 最强,0.05821577777777777,1,1.4165084413200397
2020-12-08,Q1 最强,-0.01765984,1,1.3914931288876784
2020-12-15,Q1 最强,0.0010255999999999993,1,1.3929202442406656
2020-12-22,Q1 最强,0.020060840000000003,1,1.4208633943931386
2020-12-29,Q1 最强,0.06564196,1,1.5141316524933572
2021-01-06,Q1 最强,0.05043364285714286,1,1.5904948274939026
2021-01-13,Q1 最强,-0.019986892857142856,1,1.558705777786942
2021-01-20,Q1 最强,0.013842000000000004,1,1.5802813831630687
2021-01-27,Q1 最强,-0.0021935714285714293,1,1.5768149230718587
2021-02-03,Q1 最强,0.056498142857142844,1,1.6659020378548475
2021-02-10,Q1 最强,-0.06212967857142858,1,1.562400079711438
2021-02-24,Q1 最强,0.007228142857142856,1,1.5736933306876035
2021-03-03,Q1 最强,-0.03446375,1,1.5194579571621185
2021-03-10,Q1 最强,0.021913,1,1.552753839377412
2021-03-17,Q1 最强,-0.026163214285714283,1,1.5121288079448152
2021-03-24,Q1 最强,0.02981171428571428,1,1.5572079599304638
2021-03-31,Q1 最强,0.01485525,1,1.580340673477221
2021-04-08,Q1 最强,-0.019654571428571427,1,1.5492797548288864
2021-04-15,Q1 最强,0.021098392857142857,1,1.5819670677418842
2021-04-22,Q1 最强,-0.005798428571428571,1,1.5727941446972307
2021-04-29,Q1 最强,-0.005840964285714287,1,1.5636075102692737
2021-05-11,Q1 最强,0.022138642857142853,1,1.5982236585078715
2021-05-18,Q1 最强,0.007871607142857142,1,1.6108042472740651
2021-05-25,Q1 最强,0.002201107142857143,1,1.6143498000084846
2021-06-01,Q1 最强,-0.018500464285714283,1,1.5844835791887777
2021-06-08,Q1 最强,-0.017356296296296297,1,1.556982812711761
2021-06-16,Q1 最强,0.01186311111111111,1,1.575453472817051
2021-06-23,Q1 最强,0.018234629629629625,1,1.6041812833925837
2021-06-30,Q1 最强,-0.006855586206896552,1,1.593183680312796
2021-07-07,Q1 最强,-0.006246034482758621,1,1.5832326001081938
2021-07-14,Q1 最强,0.016370103448275868,1,1.609150281554648
2021-07-21,Q1 最强,-0.039059827586206894,1,1.5462971489968271
2021-07-28,Q1 最强,0.042357448275862054,1,1.611794350504573
2021-08-04,Q1 最强,-0.01256351724137931,1,1.5915445443924512
2021-08-11,Q1 最强,-0.004167620689655171,1,1.5849115904207334
2021-08-18,Q1 最强,0.009907241379310346,1,1.6006136921118983
2021-08-25,Q1 最强,0.028423793103448274,1,1.6461092045350334
2021-09-01,Q1 最强,0.027851724137931032,1,1.6919561840006523
2021-09-08,Q1 最强,-0.01690844827586207,1,1.6633478303784524
2021-09-15,Q1 最强,-0.004611517241379307,1,1.6556772731802512
2021-09-24,Q1 最强,-0.00519958620689655,1,1.647068436467551
2021-10-08,Q1 最强,-0.013726517241379311,1,1.6244599231766474
2021-10-15,Q1 最强,0.0035389655172413793,1,1.63020883082891
2021-10-22,Q1 最强,-0.006055137931034482,1,1.6203376915018504
2021-10-29,Q1 最强,-0.006934586206896551,1,1.609101320095847
2021-11-05,Q1 最强,0.01017293103448276,1,1.6254705968526773
2021-11-12,Q1 最强,-0.007268586206896551,1,1.613655723692678
2021-11-19,Q1 最强,-0.008493000000000002,1,1.599950945631356
2021-11-26,Q1 最强,0.0245746551724138,1,1.639269188413024
2021-12-03,Q1 最强,0.005415413793103449,1,1.6481465093865655
2021-12-10,Q1 最强,-0.006244448275862069,1,1.6378547437576583
2021-12-17,Q1 最强,0.004189206896551724,1,1.6447160561457577
2021-12-24,Q1 最强,-0.0002945172413793101,1,1.6442316589100494
2021-12-31,Q1 最强,-0.006373032258064517,1,1.6337529175080847
2022-01-10,Q1 最强,-0.015388645161290323,1,1.6086116735793299
2022-01-17,Q1 最强,-0.0035620967741935472,1,1.602881643125943
2022-01-24,Q1 最强,-0.03412932258064517,1,1.5481763784691032
2022-02-07,Q1 最强,0.007409032258064516,1,1.559646867198354
2022-02-14,Q1 最强,0.013125580645161289,1,1.5801181379317393
2022-02-21,Q1 最强,-0.021427870967741933,1,1.5462595703583493
2022-02-28,Q1 最强,-0.023696645161290324,1,1.5096184059923181
2022-03-07,Q1 最强,-0.04375348387096773,1,1.4435673414144172
2022-03-14,Q1 最强,0.007059290322580646,1,1.4537579023776575
2022-03-21,Q1 最强,-0.007143322580645158,1,1.4433732407268116
2022-03-28,Q1 最强,0.0252368064516129,1,1.4797993718404714
2022-04-06,Q1 最强,-0.017471516129032257,1,1.4539450332476287
2022-04-13,Q1 最强,-0.021142903225806454,1,1.423204414114032
2022-04-20,Q1 最强,-0.045049677419354846,1,1.359089514356393
2022-04-27,Q1 最强,0.014201161290322579,1,1.3783901637577542
2022-05-09,Q1 最强,0.01358125806451613,1,1.3971104362853388
2022-05-16,Q1 最强,0.008420580645161288,1,1.408874917384276
2022-05-23,Q1 最强,0.007763709677419355,1,1.4198130132146458
2022-05-30,Q1 最强,0.019083774193548383,1,1.4469084041558955
2022-06-07,Q1 最强,0.013118766666666669,1,1.4658900578980556
2022-06-14,Q1 最强,-0.0007309333333333327,1,1.464818589991736
2022-06-21,Q1 最强,0.03129566666666666,1,1.5106610643112541
2022-06-28,Q1 最强,-0.006812066666666667,1,1.5003703404304283
2022-07-05,Q1 最强,-0.039303500000000005,1,1.441400534755321
2022-07-12,Q1 最强,-0.0003298125000000007,1,1.440925142841452
2022-07-19,Q1 最强,-0.0096511875,1,1.4270185041144248
2022-07-26,Q1 最强,-0.021251187499999998,1,1.3966926663175196
2022-08-02,Q1 最强,0.034952062500000006,1,1.4455099556839413
2022-08-09,Q1 最强,0.000876718750000001,1,1.446777261365401
2022-08-16,Q1 最强,-0.01071340625,1,1.4312773488111312
2022-08-23,Q1 最强,-0.016705354838709677,1,1.4073673528266335
2022-08-30,Q1 最强,0.00249553125,1,1.410879482035842
2022-09-06,Q1 最强,-0.00339909375,1,1.4060837704064506
2022-09-14,Q1 最强,-0.03834040625,1,1.3521739474275356
2022-09-21,Q1 最强,-0.02246315625,1,1.3217998527692916
2022-09-28,Q1 最强,-0.003120125,1,1.3176756720036698
2022-10-12,Q1 最强,0.005341562499999999,1,1.3247141189604068
2022-10-19,Q1 最强,-0.01119040625,1,1.309890029804129
2022-10-26,Q1 最强,0.010111290322580645,1,1.3231347081861322
2022-11-02,Q1 最强,0.00849609375,1,1.3343761847107605
2022-11-09,Q1 最强,0.020689937499999998,1,1.3619843445739146
2022-11-16,Q1 最强,0.0003131250000000009,1,1.3624108159218091
2022-11-23,Q1 最强,0.016318437499999998,1,1.3846432316707533
2022-11-30,Q1 最强,0.01771821875,1,1.4091766433402027
2022-12-07,Q1 最强,-0.012894096774193549,1,1.3910065833290408
2022-12-14,Q1 最强,-0.029650419354838708,1,1.3497626548079933
2022-12-21,Q1 最强,0.004063516129032257,1,1.3552474371261711
2022-12-28,Q1 最强,0.020286193548387094,1,1.3827402489416682
2023-01-05,Q1 最强,0.010868727272727273,1,1.3977688755964381
2023-01-12,Q1 最强,0.028101666666666667,1,1.4370485106154907
2023-01-19,Q1 最强,0.004102545454545454,1,1.4429440674506775
2023-02-02,Q1 最强,0.007291303030303031,1,1.4534650099022384
2023-02-09,Q1 最强,-0.001622454545454545,1,1.4511068289902633
2023-02-16,Q1 最强,0.021962090909090907,1,1.4829761690873502
2023-02-23,Q1 最强,0.031961393939393935,1,1.5303741546302843
2023-03-02,Q1 最强,-0.004106484848484847,1,1.5240896963517823
2023-03-09,Q1 最强,0.00497830303030303,1,1.5316770767055838
2023-03-16,Q1 最强,0.01636387878787879,1,1.5567412547309665
2023-03-23,Q1 最强,-0.014377696969696969,1,1.534358900710219
2023-03-30,Q1 最强,0.027013939393939392,1,1.5758079790625563
2023-04-07,Q1 最强,0.009601848484848487,1,1.5909386485187305
2023-04-14,Q1 最强,-0.0030915454545454545,1,1.5860201893714416
2023-04-21,Q1 最强,-0.0024851818181818187,1,1.5820786408335465
2023-04-28,Q1 最强,-0.000341242424242424,1,1.5815387684828064
2023-05-10,Q1 最强,-0.010526757575757576,1,1.5648902932703257
2023-05-17,Q1 最强,-0.02906439393939394,1,1.5194077053147832
2023-05-24,Q1 最强,0.0009431818181818188,1,1.5208407830368413
2023-05-31,Q1 最强,-0.011556060606060604,1,1.5032658547758988
2023-06-07,Q1 最强,0.02245969696969697,1,1.537028750339058
2023-06-14,Q1 最强,-0.005040575757575758,1,1.529281240481402
2023-06-21,Q1 最强,-0.000948727272727272,1,1.527830369660887
2023-06-30,Q1 最强,-0.004440499999999998,1,1.521046038904408
2023-07-07,Q1 最强,0.010242705882352944,1,1.5366256661144237
2023-07-14,Q1 最强,-0.011626294117647058,1,1.5187604041714522
2023-07-21,Q1 最强,0.03199335294117647,1,1.5673506418151932
2023-07-28,Q1 最强,0.005722147058823529,1,1.5763192526804013
2023-08-04,Q1 最强,-0.02765505882352941,1,1.5327260510228629
2023-08-11,Q1 最强,-0.019478970588235296,1,1.5028701253551664
2023-08-18,Q1 最强,-0.014801735294117647,1,1.480625039578222
2023-08-25,Q1 最强,0.0226285,1,1.5141293632863175
2023-09-01,Q1 最强,-0.018715529411764707,1,1.485791630654516
2023-09-08,Q1 最强,0.0025765588235294114,1,1.489619860190405
2023-09-15,Q1 最强,0.002426,1,1.493233677971227
2023-09-22,Q1 最强,-0.00593979411764706,1,1.4843641773545408
2023-10-09,Q1 最强,-0.009431588235294119,1,1.4703642656425118
2023-10-16,Q1 最强,-0.04140073529411764,1,1.4094901038947163
2023-10-23,Q1 最强,0.030955999999999997,1,1.4531222795508811
2023-10-30,Q1 最强,0.003086794117647059,1,1.4576077688556208
2023-11-06,Q1 最强,-0.016175,1,1.434030963194381
2023-11-13,Q1 最强,-0.003115441176470588,1,1.4295633240833117
2023-11-20,Q1 最强,-0.007037705882352941,1,1.4195024778682144
2023-11-27,Q1 最强,-0.0015986764705882353,1,1.4172331526569049
2023-12-04,Q1 最强,-0.008140264705882354,1,1.4056964996443255
2023-12-11,Q1 最强,-0.018255588235294117,1,1.3800346831630244
2023-12-18,Q1 最强,0.0012152647058823534,1,1.3817117906063658
2023-12-25,Q1 最强,0.018747911764705884,1,1.4076160013409076
2024-01-02,Q1 最强,-0.013518611111111113,1,1.3885869880250026
2024-01-09,Q1 最强,-0.001701083333333333,1,1.3862248858427897
2024-01-16,Q1 最强,-0.03078013888888888,1,1.3435566913253145
2024-01-23,Q1 最强,0.02719161111111111,1,1.3800901623815636
2024-01-30,Q1 最强,0.009701361111111112,1,1.3934789154127192
2024-02-06,Q1 最强,0.05078897222222223,1,1.464252277339868
2024-02-21,Q1 最强,-0.0024199166666666674,1,1.4607089088497287
2024-02-28,Q1 最强,0.04612075,1,1.5280778992575599
2024-03-06,Q1 最强,-0.009337194444444445,1,1.5138099387859338
2024-03-13,Q1 最强,0.005179944444444444,1,1.5216513901682929
2024-03-20,Q1 最强,-0.025890583333333335,1,1.482254948046858
2024-03-27,Q1 最强,0.019737749999999995,1,1.51151132564767
2024-04-03,Q1 最强,-0.016324194444444443,1,1.4868371208628175
2024-04-12,Q1 最强,0.031245638888888885,1,1.5332942966278924
2024-04-19,Q1 最强,0.0010908333333333323,1,1.5349668651564639
2024-04-26,Q1 最强,0.01849544444444444,1,1.5633567595350284
2024-05-08,Q1 最强,0.0162905,1,1.5888246228262337
2024-05-15,Q1 最强,0.015164111111111113,1,1.61291773594284
2024-05-22,Q1 最强,-0.009785055555555557,1,1.5971352462900985
2024-05-29,Q1 最强,0.0015724166666666668,1,1.5996466083702858
2024-06-05,Q1 最强,-0.007529805555555554,1,1.5876015804516537
2024-06-13,Q1 最强,0.00018794444444444409,1,1.5878999613486906
2024-06-20,Q1 最强,-0.012906972222222222,1,1.5674049806558952
2024-06-27,Q1 最强,0.00517811111111111,1,1.5755211778018403
2024-07-04,Q1 最强,0.023082324324324326,1,1.6118878686077038
2024-07-11,Q1 最强,0.020143459459459456,1,1.6443568665421975
2024-07-18,Q1 最强,-0.02204056756756757,1,1.6081143079199804
2024-07-25,Q1 最强,0.014226459459459457,1,1.6309920809277807
2024-08-01,Q1 最强,-0.022438081081081078,1,1.594395748373322
2024-08-08,Q1 最强,-0.015210189189189188,1,1.5701446873981248
2024-08-15,Q1 最强,-0.028725648648648648,1,1.525041262780384
2024-08-22,Q1 最强,-0.008226945945945946,1,1.5124948307461525
2024-08-29,Q1 最强,-0.004104891891891892,1,1.5062862029788942
2024-09-05,Q1 最强,-0.021711783783783786,1,1.4735820426233197
2024-09-12,Q1 最强,0.012117216216216215,1,1.49143775484612
2024-09-23,Q1 最强,0.22690456756756758,1,1.8298517936634227
2024-09-30,Q1 最强,-0.018136162162162166,1,1.7966653048008194
2024-10-14,Q1 最强,0.000458243243243244,1,1.7974886145371138
2024-10-21,Q1 最强,0.014155405405405403,1,1.8229327945874871
2024-10-28,Q1 最强,-0.00825,1,1.8078935990321403
2024-11-04,Q1 最强,0.07567427027027028,1,1.94470462786519
2024-11-11,Q1 最强,-0.05988348648648648,1,1.8282489345622173
2024-11-18,Q1 最强,-0.011779459459459463,1,1.8067131503557416
2024-11-25,Q1 最强,0.03205956756756757,1,1.8646355926747846
2024-12-02,Q1 最强,0.004171485714285715,1,1.872413893411976
2024-12-09,Q1 最强,-0.010055916666666668,1,1.8535850553343163
2024-12-16,Q1 最强,-0.0008178333333333336,1,1.8520691316898954
2024-12-23,Q1 最强,0.02940999999999999,1,1.906538484852895
2024-12-30,Q1 最强,-0.058601055555555566,1,1.7948133171832257
2025-01-07,Q1 最强,0.005517138888888888,1,1.8047155515337527
2025-01-14,Q1 最强,-0.004666444444444444,1,1.7962939466744956
2025-01-21,Q1 最强,-0.0019067777777777785,1,1.7928688132946198
2025-02-05,Q1 最强,0.032021249999999994,1,1.85027871378233
2025-02-12,Q1 最强,0.0029787500000000005,1,1.855790231501009
2025-02-19,Q1 最强,0.002400888888888888,1,1.8602457776479284
2025-02-26,Q1 最强,-0.013042277777777778,1,1.835983935480906
2025-03-05,Q1 最强,0.01098986111111111,1,1.8561611439340726
2025-03-12,Q1 最强,0.008862194444444447,1,1.8726108049118388
2025-03-19,Q1 最强,-0.008961833333333334,1,1.8558287789800199
2025-03-26,Q1 最强,-0.009223,1,1.8387124701514872
2025-04-02,Q1 最强,-0.033258777777777776,1,1.7775591407094902
2025-04-10,Q1 最强,0.014652833333333334,1,1.8036054185384496
2025-04-17,Q1 最强,-0.014667833333333333,1,1.7771504348602307
2025-04-24,Q1 最强,0.007637027777777779,1,1.7907225820965482
2025-05-06,Q1 最强,0.012728972222222221,1,1.813516640101761
2025-05-13,Q1 最强,0.008458055555555557,1,1.8288554645946662
2025-05-20,Q1 最强,-0.012401722222222222,1,1.8061745071381698
2025-05-27,Q1 最强,0.008909171428571429,1,1.8222660254521792
2025-06-04,Q1 最强,0.004364694444444445,1,1.8302196598497702
2025-06-11,Q1 最强,-0.00229475,1,1.8260197632853299
2025-06-18,Q1 最强,0.014657583333333335,1,1.8527848001339982
2025-06-25,Q1 最强,-0.0052578611111111125,1,1.8430431149861157
2025-07-02,Q1 最强,0.006295472222222222,1,1.8546459417208687
2025-07-09,Q1 最强,0.008430972222222223,1,1.8702824101375746
2025-07-16,Q1 最强,0.043665527777777775,1,1.951949278669726
2025-07-23,Q1 最强,0.020008222222222222,1,1.9910043136038562
2025-07-30,Q1 最强,-0.013134361111111112,1,1.9648537439752032
2025-08-06,Q1 最强,0.014409472222222223,1,1.9931662494197435
2025-08-13,Q1 最强,0.02085061111111111,1,2.0347249837661865
2025-08-20,Q1 最强,0.017406916666666668,1,2.070143271998189
2025-08-27,Q1 最强,0.008664555555555557,1,2.088080143386377
2025-09-03,Q1 最强,0.0034034722222222227,1,2.0951868661521664
2025-09-10,Q1 最强,0.009946249999999998,1,2.1160261185196325
2025-09-17,Q1 最强,0.004123611111111112,1,2.1247517873333615
2025-09-24,Q1 最强,0.04275897222222222,1,2.2156039899870654
2025-10-09,Q1 最强,-0.023343416666666665,1,2.1638842228804682
2025-10-16,Q1 最强,-0.022790555555555553,1,2.1145680992831206
2025-10-23,Q1 最强,0.034017222222222226,1,2.1864998322204565
2025-10-30,Q1 最强,0.011630194444444443,1,2.2119292504219255
2025-11-06,Q1 最强,0.012247444444444446,1,2.23901973103151
2025-11-13,Q1 最强,-0.027689416666666668,1,2.1770225807740906
2025-11-20,Q1 最强,-0.01528125,1,2.1437549544616363
2025-11-27,Q1 最强,0.015983999999999998,1,2.178020733653751
2025-12-04,Q1 最强,0.0016494705882352933,1,2.18161331479448
2025-12-11,Q1 最强,0.009720264705882354,1,2.2028191737001594
2025-12-18,Q1 最强,0.01986671428571429,1,2.2465819528471536
2025-12-25,Q1 最强,0.015612205882352943,1,2.2816560528265817
2026-01-05,Q1 最强,0.024789571428571428,1,2.338217328523559
2026-01-12,Q1 最强,0.011937485714285712,1,2.3661297644797044
2026-01-19,Q1 最强,0.002309342857142857,1,2.3715939693503785
2026-01-26,Q1 最强,-0.038403228571428576,1,2.2805171040667944
2026-02-02,Q1 最强,0.035940514285714285,1,2.362480061624323
2026-02-09,Q1 最强,0.017480142857142854,1,2.403776550598668
2026-02-24,Q1 最强,0.009885085714285712,1,2.4275380878393262
2026-03-03,Q1 最强,0.026045970588235292,1,2.4907656734770103
2026-03-10,Q1 最强,-0.008293235294117648,1,2.4701091676843543
2026-03-17,Q1 最强,-0.042514171428571425,1,2.365094523082136
2026-03-24,Q1 最强,-0.010155571428571429,1,2.3410756367176524
2026-03-31,Q1 最强,0.012626342857142857,1,2.3706348603613536
2026-04-08,Q1 最强,0.0025883142857142864,1,2.3767708084366395
2026-04-15,Q1 最强,0.004350685714285715,1,2.387111391239036
2026-04-22,Q1 最强,0.005091911764705883,1,2.3992663518157493
2026-04-29,Q1 最强,0.016104205882352944,1,2.4379046311119916
2026-05-11,Q1 最强,-0.02245677142857143,1,2.383157164046454
2026-05-18,Q1 最强,0.013024285714285712,1,2.414196083853042
2026-05-25,Q1 最强,-0.010032942857142856,1,2.3899745924978064
2026-06-01,Q1 最强,-0.02939328571428572,1,2.319725386450635
2026-06-08,Q1 最强,0.018310294117647057,1,2.3622002405487184
2026-06-15,Q1 最强,-0.002514911764705885,1,2.3562595153731714
2026-06-23,Q1 最强,0.006714235294117645,1,2.3720799961733903
2026-06-30,Q1 最强,-0.015176617647058821,1,2.33607984504323
2026-07-07,Q1 最强,-0.0023076176470588233,1,2.33068906596787
2026-07-14,Q1 最强,0.003521176470588233,1,2.3388958334672134
2026-07-21,Q1 最强,0.008394176470588237,1,2.3585289378396608
2026-07-28,Q1 最强,0.0012403235294117642,1,2.3614542767760622
2026-08-04,Q1 最强,0.005735676470588235,1,2.3749988145077365
2026-08-11,Q1 最强,0.0012216764705882358,1,2.3779002946770955
2026-08-18,Q1 最强,-0.021473529411764704,1,2.3268383827611028
2020-04-03,Q1(未中性化),-0.002306884615384615,1,0.9976931153846154
2020-04-13,Q1(未中性化),0.0012472307692307691,1,0.9989374689363728
2020-04-20,Q1(未中性化),-0.006241730769230769,1,0.9927023701999752
2020-04-27,Q1(未中性化),0.007778461538461539,1,1.0004240674057152
2020-05-07,Q1(未中性化),-0.006891230769230769,1,0.9935299142901299
2020-05-14,Q1(未中性化),0.0012416538461538463,1,0.9947635345294773
2020-05-21,Q1(未中性化),0.0031677692307692305,1,0.9979147158460511
2020-05-28,Q1(未中性化),0.002598269230769231,1,1.0005075669471657
2020-06-04,Q1(未中性化),0.015583615384615383,1,1.0160990920598676
2020-06-11,Q1(未中性化),0.00553524,1,1.021723444398201
2020-06-18,Q1(未中性化),-0.0035163599999999996,1,1.018130696947257
2020-06-29,Q1(未中性化),0.15796908,1,1.178963866463774
2020-07-06,Q1(未中性化),-0.012907444444444442,1,1.1637464558553854
2020-07-13,Q1(未中性化),-0.018625192307692308,1,1.1420714543176835
2020-07-20,Q1(未中性化),-0.023483925925925922,1,1.1152511328823724
2020-07-27,Q1(未中性化),0.013835925925925927,1,1.1306816649457379
2020-08-03,Q1(未中性化),0.010963592592592592,1,1.1430779980721173
2020-08-10,Q1(未中性化),0.030699000000000004,1,1.1781693495349332
2020-08-17,Q1(未中性化),-0.02208225925925926,1,1.15215270850719
2020-08-24,Q1(未中性化),0.004531851851851852,1,1.1573740938928545
2020-08-31,Q1(未中性化),-0.013467777777777778,1,1.1417868367905486
2020-09-07,Q1(未中性化),-0.0009878888888888886,1,1.1406588782610037
2020-09-14,Q1(未中性化),0.018860592592592592,1,1.1621723806510083
2020-09-21,Q1(未中性化),-0.025411888888888894,1,1.1326393852441694
2020-09-28,Q1(未中性化),0.013336037037037037,1,1.1477443060353925
2020-10-13,Q1(未中性化),0.0022648518518518517,1,1.150343776852369
2020-10-20,Q1(未中性化),-0.0012224814814814815,1,1.1489375028878295
2020-10-27,Q1(未中性化),-0.002279037037037037,1,1.1463190317655072
2020-11-03,Q1(未中性化),0.02767685185185185,1,1.1780455337826392
2020-11-10,Q1(未中性化),0.008385555555555554,1,1.1879241000531477
2020-11-17,Q1(未中性化),0.02690574074074074,1,1.2198860779088554
2020-11-24,Q1(未中性化),0.037421222222222224,1,1.265535705916078
2020-12-01,Q1(未中性化),0.07190714814814815,1,1.3565367694081565
2020-12-08,Q1(未中性化),-0.02378144,1,1.3242763716186825
2020-12-15,Q1(未中性化),-0.01380992,1,1.3059882208687381
2020-12-22,Q1(未中性化),0.0011189199999999998,1,1.3074495172088325
2020-12-29,Q1(未中性化),0.01600288,1,1.3283724749387835
2021-01-06,Q1(未中性化),0.01412842857142857,1,1.3471402905672079
2021-01-13,Q1(未中性化),0.006917714285714287,1,1.3564594222001258
2021-01-20,Q1(未中性化),-0.02192867857142857,1,1.3267140595355136
2021-01-27,Q1(未中性化),-0.014949285714285715,1,1.3068806319983575
2021-02-03,Q1(未中性化),0.01672517857142857,1,1.3287384439400716
2021-02-10,Q1(未中性化),0.01864725,1,1.353515761888833
2021-02-24,Q1(未中性化),0.021930749999999995,1,1.3831993776838762
2021-03-03,Q1(未中性化),-0.007571535714285716,1,1.372726434195765
2021-03-10,Q1(未中性化),0.03124817857142857,1,1.4156216349412345
2021-03-17,Q1(未中性化),-0.010214107142857143,1,1.401162323888198
2021-03-24,Q1(未中性化),0.021409464285714285,1,1.4311604586199709
2021-03-31,Q1(未中性化),-0.008101107142857143,1,1.4195664744060699
2021-04-08,Q1(未中性化),-0.01602092857142857,1,1.3968237013172156
2021-04-15,Q1(未中性化),0.0007655357142857143,1,1.3978930197471346
2021-04-22,Q1(未中性化),-0.00042957142857142776,1,1.3972925248456518
2021-04-29,Q1(未中性化),0.00896542857142857,1,1.4098198511705466
2021-05-11,Q1(未中性化),0.006989678571428571,1,1.419674038773848
2021-05-18,Q1(未中性化),0.005276285714285714,1,1.4271646446235726
2021-05-25,Q1(未中性化),-0.008404535714285713,1,1.415169988397668
2021-06-01,Q1(未中性化),0.05104889285714286,1,1.4874128495100247
2021-06-08,Q1(未中性化),-0.002725777777777778,1,1.483358492618449
2021-06-16,Q1(未中性化),-0.005519740740740741,1,1.4751707383136194
2021-06-23,Q1(未中性化),0.0003110740740740739,1,1.4756296256851416
2021-06-30,Q1(未中性化),-0.0040344827586206895,1,1.469676223402205
2021-07-07,Q1(未中性化),-0.017699241379310345,1,1.4436640691747762
2021-07-14,Q1(未中性化),-0.004827310344827586,1,1.4366950546791928
2021-07-21,Q1(未中性化),-0.015910310344827587,1,1.4138367904883677
2021-07-28,Q1(未中性化),0.014410275862068967,1,1.4342105686632474
2021-08-04,Q1(未中性化),0.01762827586206897,1,1.459493228211938
2021-08-11,Q1(未中性化),0.011722689655172414,1,1.476602414380092
2021-08-18,Q1(未中性化),-0.0029542068965517235,1,1.4722402253440654
2021-08-25,Q1(未中性化),0.04186368965517242,1,1.5338736332357306
2021-09-01,Q1(未中性化),0.041480758620689645,1,1.597499875170622
2021-09-08,Q1(未中性化),-0.006609206896551725,1,1.5869416679784036
2021-09-15,Q1(未中性化),-0.010463448275862068,1,1.5703367859187012
2021-09-24,Q1(未中性化),0.0002851724137931037,1,1.5707846026504098
2021-10-08,Q1(未中性化),-0.032521689655172416,1,1.5197000332878898
2021-10-15,Q1(未中性化),0.009198517241379309,1,1.5336790202458133
2021-10-22,Q1(未中性化),-0.012399172413793106,1,1.514662669646368
2021-10-29,Q1(未中性化),-0.008119344827586207,1,1.5023646011340368
2021-11-05,Q1(未中性化),0.004894655172413793,1,1.5097181577998289
2021-11-12,Q1(未中性化),-0.003395379310344828,1,1.5045920920023834
2021-11-19,Q1(未中性化),-0.007458655172413793,1,1.4933698584129969
2021-11-26,Q1(未中性化),0.018315206896551722,1,1.520721236342905
2021-12-03,Q1(未中性化),0.008629862068965518,1,1.533844850857891
2021-12-10,Q1(未中性化),-0.0003734482758620695,1,1.5332720391428982
2021-12-17,Q1(未中性化),0.0008464827586206895,1,1.534569927488308
2021-12-24,Q1(未中性化),0.0022296896551724146,1,1.5379915421807673
2021-12-31,Q1(未中性化),0.04113261290322581,1,1.6012531529337242
2022-01-10,Q1(未中性化),-0.022673935483870963,1,1.56494644225076
2022-01-17,Q1(未中性化),0.028756225806451614,1,1.6099483955191258
2022-01-24,Q1(未中性化),-0.0069817419354838706,1,1.598708151292165
2022-02-07,Q1(未中性化),0.017933612903225805,1,1.6273787644226703
2022-02-14,Q1(未中性化),0.005537612903225805,1,1.636390558066973
2022-02-21,Q1(未中性化),-0.03013477419354839,1,1.5870782981071703
2022-02-28,Q1(未中性化),-0.002898483870967743,1,1.5824781772581438
2022-03-07,Q1(未中性化),-0.040180225806451614,1,1.5188938467621296
2022-03-14,Q1(未中性化),-0.005525258064516128,1,1.5105015662861632
2022-03-21,Q1(未中性化),0.020901064516129032,1,1.542072656974824
2022-03-28,Q1(未中性化),0.045172,1,1.6117311630356908
2022-04-06,Q1(未中性化),-0.0013354516129032257,1,1.6095787740544483
2022-04-13,Q1(未中性化),-0.014451129032258066,1,1.5863185435030036
2022-04-20,Q1(未中性化),-0.021443419354838705,1,1.5523024497443116
2022-04-27,Q1(未中性化),-0.00673006451612903,1,1.5418553541089872
2022-05-09,Q1(未中性化),0.008564774193548386,1,1.5550609970560443
2022-05-16,Q1(未中性化),0.0013921612903225803,1,1.557225892780236
2022-05-23,Q1(未中性化),0.0016461935483870968,1,1.5597893879983122
2022-05-30,Q1(未中性化),0.015856935483870967,1,1.584522867692228
2022-06-07,Q1(未中性化),0.029689233333333336,1,1.631566136833145
2022-06-14,Q1(未中性化),0.00023203333333333425,1,1.6319447145624284
2022-06-21,Q1(未中性化),0.009614,1,1.6476342310482317
2022-06-28,Q1(未中性化),0.008583733333333333,1,1.6617770839184216
2022-07-05,Q1(未中性化),-0.00628434375,1,1.6513339054872056
2022-07-12,Q1(未中性化),-0.016828500000000003,1,1.623544432858714
2022-07-19,Q1(未中性化),-0.005372999999999999,1,1.6148211286209642
2022-07-26,Q1(未中性化),-0.028142,1,1.569376832419313
2022-08-02,Q1(未中性化),0.00971853125,1,1.584628870208206
2022-08-09,Q1(未中性化),0.0037701875,1,1.5906032181668042
2022-08-16,Q1(未中性化),0.0047334375,1,1.5981322390872958
2022-08-23,Q1(未中性化),0.0028309999999999997,1,1.602656551456152
2022-08-30,Q1(未中性化),0.0269,1,1.6457680126903222
2022-09-06,Q1(未中性化),0.0008049374999999999,1,1.6470927530800374
2022-09-14,Q1(未中性化),-0.015975312499999998,1,1.6207799316330986
2022-09-21,Q1(未中性化),-0.0074213125,1,1.6087516172667207
2022-09-28,Q1(未中性化),0.00341175,1,1.6142402755969303
2022-10-12,Q1(未中性化),-0.010548374999999999,1,1.5972126638298305
2022-10-19,Q1(未中性化),-0.025495499999999997,1,1.556490928359157
2022-10-26,Q1(未中性化),-0.008418322580645161,1,1.5433878856303818
2022-11-02,Q1(未中性化),0.011716656249999999,1,1.5614712309467271
2022-11-09,Q1(未中性化),0.02214303125,1,1.5960469372095565
2022-11-16,Q1(未中性化),0.022421937500000003,1,1.6318334018827358
2022-11-23,Q1(未中性化),0.030464843749999998,1,1.6815469514971242
2022-11-30,Q1(未中性化),0.0157555625,1,1.7080406695881218
2022-12-07,Q1(未中性化),-0.003907193548387097,1,1.7013670241035244
2022-12-14,Q1(未中性化),-0.027171161290322585,1,1.6551389062775714
2022-12-21,Q1(未中性化),0.004499483870967742,1,1.6625861770905785
2022-12-28,Q1(未中性化),0.010078580645161291,1,1.6793426859559164
2023-01-05,Q1(未中性化),8.824242424242462e-05,1,1.6794908752256588
2023-01-12,Q1(未中性化),0.01334678787878788,1,1.7019066836816554
2023-01-19,Q1(未中性化),0.0008046666666666669,1,1.7032761512597911
2023-02-02,Q1(未中性化),-0.009506060606060605,1,1.6870847049370579
2023-02-09,Q1(未中性化),-0.0037963333333333325,1,1.6806799690355485
2023-02-16,Q1(未中性化),0.022701454545454545,1,1.7188338489580648
2023-02-23,Q1(未中性化),0.027160333333333335,1,1.765517949240382
2023-03-02,Q1(未中性化),0.005504242424242425,1,1.7752357880373524
2023-03-09,Q1(未中性化),0.005706969696969697,1,1.7853670048846575
2023-03-16,Q1(未中性化),0.015301909090909088,1,1.812686528487311
2023-03-23,Q1(未中性化),-0.011182212121212122,1,1.7924166832165023
2023-03-30,Q1(未中性化),0.013781,1,1.817117977527909
2023-04-07,Q1(未中性化),0.022325636363636363,1,1.8576862927240234
2023-04-14,Q1(未中性化),0.008949606060606059,1,1.8743118532280911
2023-04-21,Q1(未中性化),0.025612575757575758,1,1.9223178075622178
2023-04-28,Q1(未中性化),0.03262015151515152,1,1.9850241057051714
2023-05-10,Q1(未中性化),-0.018246090909090906,1,1.948805175415738
2023-05-17,Q1(未中性化),-0.03724387878787879,1,1.8762241116813634
2023-05-24,Q1(未中性化),-0.00807760606060606,1,1.8610687124257907
2023-05-31,Q1(未中性化),0.004739757575757577,1,1.8698897269545163
2023-06-07,Q1(未中性化),0.0018198484848484847,1,1.873292642940948
2023-06-14,Q1(未中性化),-0.017058545454545455,1,1.8413369952416743
2023-06-21,Q1(未中性化),0.005814636363636363,1,1.8520437002919157
2023-06-30,Q1(未中性化),0.004925499999999999,1,1.8611659415377033
2023-07-07,Q1(未中性化),0.019008823529411766,1,1.8965445164793449
2023-07-14,Q1(未中性化),-0.005216558823529412,1,1.8866510804476881
2023-07-21,Q1(未中性化),0.05142958823529412,1,1.9836807686587856
2023-07-28,Q1(未中性化),-0.002204676470588236,1,1.9793073943429653
2023-08-04,Q1(未中性化),-0.023106294117647058,1,1.933572935540043
2023-08-11,Q1(未中性化),-0.009022411764705881,1,1.9161274443385097
2023-08-18,Q1(未中性化),-0.008450264705882352,1,1.8999356602236432
2023-08-25,Q1(未中性化),0.01022470588235294,1,1.9193619435448241
2023-09-01,Q1(未中性化),-0.005701029411764706,1,1.9084196046528532
2023-09-08,Q1(未中性化),0.014229088235294115,1,1.9355746755974235
2023-09-15,Q1(未中性化),0.013575411764705881,1,1.9618508988199952
2023-09-22,Q1(未中性化),-0.00737285294117647,1,1.9473864606504805
2023-10-09,Q1(未中性化),0.0009518529411764711,1,1.949240086180658
2023-10-16,Q1(未中性化),-0.03469817647058823,1,1.8816050096868169
2023-10-23,Q1(未中性化),-0.00266620588235294,1,1.8765882633417252
2023-10-30,Q1(未中性化),0.007575294117647059,1,1.8908039713742633
2023-11-06,Q1(未中性化),0.005933117647058823,1,1.9020223337839526
2023-11-13,Q1(未中性化),0.001561617647058824,1,1.9049925654254896
2023-11-20,Q1(未中性化),-0.00022541176470588226,1,1.9045631576895654
2023-11-27,Q1(未中性化),-0.0011522058823529415,1,1.9023687088159627
2023-12-04,Q1(未中性化),-0.010550205882352942,1,1.8822983272738083
2023-12-11,Q1(未中性化),-0.004265382352941176,1,1.874269605205684
2023-12-18,Q1(未中性化),0.006181411764705883,1,1.8858552373935331
2023-12-25,Q1(未中性化),0.010378235294117646,1,1.9054270867778476
2024-01-02,Q1(未中性化),0.010149472222222225,1,1.9247661660665691
2024-01-09,Q1(未中性化),0.009357972222222222,1,1.942778074382893
2024-01-16,Q1(未中性化),-0.02475988888888889,1,1.8946751051254032
2024-01-23,Q1(未中性化),0.06303722222222223,1,2.0141101607661054
2024-01-30,Q1(未中性化),0.01882788888888889,1,2.052031603082992
2024-02-06,Q1(未中性化),0.04265741666666667,1,2.139565970188871
2024-02-21,Q1(未中性化),-0.012587805555555557,1,2.11263352978285
2024-02-28,Q1(未中性化),0.01867311111111111,1,2.152082970421544
2024-03-06,Q1(未中性化),-0.019789138888888887,1,2.1094951016194594
2024-03-13,Q1(未中性化),0.0036671944444444443,1,2.117231030336701
2024-03-20,Q1(未中性化),0.002098861111111111,1,2.1216748042095124
2024-03-27,Q1(未中性化),0.014525249999999996,1,2.1524926611593567
2024-04-03,Q1(未中性化),-0.010952472222222221,1,2.1289175450794717
2024-04-12,Q1(未中性化),0.050625305555555555,1,2.2366946463017032
2024-04-19,Q1(未中性化),-0.016868916666666664,1,2.1989640307044604
2024-04-26,Q1(未中性化),0.008807361111111111,1,2.2183311009932187
2024-05-08,Q1(未中性化),0.018847805555555555,1,2.2601417742425807
2024-05-15,Q1(未中性化),0.027310111111111108,1,2.3218664972240095
2024-05-22,Q1(未中性化),-0.006762527777777778,1,2.3061648105402406
2024-05-29,Q1(未中性化),-0.012641972222222221,1,2.2770103390655247
2024-06-05,Q1(未中性化),-0.015272305555555553,1,2.242235141414157
2024-06-13,Q1(未中性化),0.007040555555555556,1,2.258021722495902
2024-06-20,Q1(未中性化),0.009209222222222223,1,2.278816346320972
2024-06-27,Q1(未中性化),0.020285833333333336,1,2.325044034919715
2024-07-04,Q1(未中性化),-0.005055891891891892,1,2.3132888636352726
2024-07-11,Q1(未中性化),0.02917332432432433,1,2.380775189909952
2024-07-18,Q1(未中性化),-0.013182837837837837,1,2.3493898166530216
2024-07-25,Q1(未中性化),0.0025664054054054053,1,2.355419303377884
2024-08-01,Q1(未中性化),-0.020974054054054055,1,2.306016611588874
2024-08-08,Q1(未中性化),0.01492143243243243,1,2.340425682646764
2024-08-15,Q1(未中性化),0.006596486486486488,1,2.3558642690349694
2024-08-22,Q1(未中性化),-0.03037781081081082,1,2.284298269974276
2024-08-29,Q1(未中性化),-0.031747756756756756,1,2.211776924139252
2024-09-05,Q1(未中性化),-0.026147756756756752,1,2.1539439191266516
2024-09-12,Q1(未中性化),0.023173837837837837,1,2.2038590662202897
2024-09-23,Q1(未中性化),0.21016786486486486,1,2.667039420630883
2024-09-30,Q1(未中性化),0.0059225675675675694,1,2.6828351418049357
2024-10-14,Q1(未中性化),-0.020280324324324327,1,2.6284263750204366
2024-10-21,Q1(未中性化),-0.008143621621621622,1,2.6070214651619796
2024-10-28,Q1(未中性化),0.0004738918918918917,1,2.6082569114963077
2024-11-04,Q1(未中性化),-0.0003571081081081075,1,2.6073254818051836
2024-11-11,Q1(未中性化),0.01811162162162162,1,2.6545483743760516
2024-11-18,Q1(未中性化),-0.02712683783783783,1,2.582538871091656
2024-11-25,Q1(未中性化),0.015925270270270266,1,2.6236665005972695
2024-12-02,Q1(未中性化),0.03002089189189189,1,2.7024313089720784
2024-12-09,Q1(未中性化),-0.003061083333333333,1,2.694158941532706
2024-12-16,Q1(未中性化),0.007643694444444446,1,2.7147522692665498
2024-12-23,Q1(未中性化),0.025561805555555553,1,2.7841462389050444
2024-12-30,Q1(未中性化),-0.03865366666666667,1,2.6765287782351552
2025-01-07,Q1(未中性化),-0.011975972222222223,1,2.6444747439350325
2025-01-14,Q1(未中性化),-0.0036863055555555555,1,2.6347264019949383
2025-01-21,Q1(未中性化),0.0001531111111111115,1,2.6351298078818215
2025-02-05,Q1(未中性化),0.012779500000000003,1,2.668805449261647
2025-02-12,Q1(未中性化),-4.138888888888788e-06,1,2.6687944033724262
2025-02-19,Q1(未中性化),-0.01574102777777778,1,2.626784836535763
2025-02-26,Q1(未中性化),0.007420277777777777,1,2.6462763096853132
2025-03-05,Q1(未中性化),-0.006263250000000001,1,2.6297020195886764
2025-03-12,Q1(未中性化),0.022760305555555554,1,2.6895548410745764
2025-03-19,Q1(未中性化),0.00020763888888888904,1,2.690113297253383
2025-03-26,Q1(未中性化),0.0014136666666666677,1,2.693916220751267
2025-04-02,Q1(未中性化),-0.022313638888888886,1,2.6338051470045025
2025-04-10,Q1(未中性化),0.02314838888888889,1,2.6947734928049196
2025-04-17,Q1(未中性化),0.0016416388888888887,1,2.699197337767455
2025-04-24,Q1(未中性化),-0.016948583333333336,1,2.653449766755192
2025-05-06,Q1(未中性化),0.03521925000000001,1,2.7469022774529845
2025-05-13,Q1(未中性化),0.004280805555555556,1,2.758661231982874
2025-05-20,Q1(未中性化),-0.002244361111111111,1,2.7524697999950813
2025-05-27,Q1(未中性化),0.009972722222222223,1,2.7799194167354875
2025-06-04,Q1(未中性化),0.002856777777777778,1,2.78786102874923
2025-06-11,Q1(未中性化),0.011300250000000001,1,2.8193645553393534
2025-06-18,Q1(未中性化),0.020515361111111113,1,2.8772048372960075
2025-06-25,Q1(未中性化),0.002834333333333334,1,2.8853597948731835
2025-07-02,Q1(未中性化),0.019089527777777775,1,2.9404399508262986
2025-07-09,Q1(未中性化),-0.0026202499999999997,1,2.932735263045146
2025-07-16,Q1(未中性化),0.042293833333333336,1,3.0567718794711674
2025-07-23,Q1(未中性化),-0.008036166666666667,1,3.0322071511857573
2025-07-30,Q1(未中性化),-0.006243944444444444,1,3.0132742181897063
2025-08-06,Q1(未中性化),-0.0013997777777777773,1,3.0090563039007336
2025-08-13,Q1(未中性化),-0.007424194444444445,1,2.9867164848062933
2025-08-20,Q1(未中性化),-0.002916777777777778,1,2.9780048965348875
2025-08-27,Q1(未中性化),-0.011109305555555555,1,2.944921330193341
2025-09-03,Q1(未中性化),-0.0015703611111111111,1,2.940296740261124
2025-09-10,Q1(未中性化),-0.009736055555555557,1,2.9116698478481227
2025-09-17,Q1(未中性化),-0.017114833333333333,1,2.86183710368051
2025-09-24,Q1(未中性化),-0.003796888888888889,1,2.8509710261797356
2025-10-09,Q1(未中性化),0.03163930555555556,1,2.941173769607072
2025-10-16,Q1(未中性化),0.0033852500000000002,1,2.9511303781106344
2025-10-23,Q1(未中性化),-0.008375250000000002,1,2.926413923411363
2025-10-30,Q1(未中性化),0.014590833333333334,1,2.9691127412322045
2025-11-06,Q1(未中性化),0.007344444444444443,1,2.9909192248094763
2025-11-13,Q1(未中性化),0.0029939166666666673,1,2.999873787725287
2025-11-20,Q1(未中性化),-0.015959388888888888,1,2.951997635329395
2025-11-27,Q1(未中性化),-0.0018930833333333334,1,2.946409257805913
2025-12-04,Q1(未中性化),-0.014077264705882352,1,2.904931874751917
2025-12-11,Q1(未中性化),0.009931794117647061,1,2.9337830600577437
2025-12-18,Q1(未中性化),-0.0026979714285714287,1,2.925867797184081
2025-12-25,Q1(未中性化),-0.008465676470588237,1,2.901098347017408
2026-01-05,Q1(未中性化),0.0005669999999999995,1,2.9027432697801667
2026-01-12,Q1(未中性化),-0.01527554285714286,1,2.858402290559357
2026-01-19,Q1(未中性化),0.001680342857142857,1,2.863205386431139
2026-01-26,Q1(未中性化),-0.012104085714285713,1,2.828548903016172
2026-02-02,Q1(未中性化),0.03492257142857143,1,2.927329104120962
2026-02-09,Q1(未中性化),-0.0021364000000000005,1,2.921075158222918
2026-02-24,Q1(未中性化),0.012086399999999999,1,2.9563804410152636
2026-03-03,Q1(未中性化),0.0030347941176470587,1,2.9653524469871835
2026-03-10,Q1(未中性化),0.02680538235294118,1,3.044839853139905
2026-03-17,Q1(未中性化),-0.028237085714285712,1,2.95886244922052
2026-03-24,Q1(未中性化),0.005991085714285714,1,2.976589247770582
2026-03-31,Q1(未中性化),-0.007814714285714284,1,2.9533280532533257
2026-04-08,Q1(未中性化),0.001090485714285715,1,2.956548615304998
2026-04-15,Q1(未中性化),-0.006966714285714286,1,2.9359511858303438
2026-04-22,Q1(未中性化),0.0024818235294117646,1,2.9432376985645416
2026-04-29,Q1(未中性化),-0.010003029411764706,1,2.913796405299986
2026-05-11,Q1(未中性化),-0.012126342857142857,1,2.878462711073408
2026-05-18,Q1(未中性化),-0.013030085714285714,1,2.840956095222746
2026-05-25,Q1(未中性化),0.020073228571428573,1,2.8979832562835455
2026-06-01,Q1(未中性化),-0.011347142857142858,1,2.865099426276888
2026-06-08,Q1(未中性化),0.018540764705882357,1,2.918220560598446
2026-06-15,Q1(未中性化),-0.030920735294117645,1,2.82798703511433
2026-06-23,Q1(未中性化),-0.054863264705882354,1,2.6728344338220493
2026-06-30,Q1(未中性化),0.040644,1,2.7814691165503125
2026-07-07,Q1(未中性化),0.018469235294117644,1,2.832840724127202
2026-07-14,Q1(未中性化),0.02219814705882353,1,2.8957245391156015
2026-07-21,Q1(未中性化),0.024637470588235292,1,2.967067867279693
2026-07-28,Q1(未中性化),0.004033176470588235,1,2.9790345755886443
2026-08-04,Q1(未中性化),-0.014909941176470588,1,2.9346173453039457
2026-08-11,Q1(未中性化),-0.005861294117647059,1,2.917416689920371
2026-08-18,Q1(未中性化),0.015416176470588235,1,2.9623921004504226
2020-04-03,Q2,0.01065196,2,1.01065196
2020-04-13,Q2,0.03144492,2,1.042431830030043
2020-04-20,Q2,-0.01902444,2,1.0226001482255462
2020-04-27,Q2,0.02830308,2,1.0515428820287855
2020-05-07,Q2,-0.00033699999999999995,2,1.0511885120775417
2020-05-14,Q2,0.0017212800000000004,2,1.0529979018396105
2020-05-21,Q2,-0.006413639999999999,2,1.046244352376456
2020-05-28,Q2,0.01234564,2,1.0591609085029288
2020-06-04,Q2,0.019389479999999997,2,1.0796974877551282
2020-06-11,Q2,0.0002496399999999994,2,1.0799670234359715
2020-06-18,Q2,-0.0033906,2,1.0763052872463095
2020-06-29,Q2,0.15814012,2,1.2465123345280755
2020-07-06,Q2,0.0038154230769230765,2,1.2512683064549033
2020-07-13,Q2,-0.019841961538461537,2,1.2264406888439292
2020-07-20,Q2,-0.02516669230769231,2,1.1955752333941598
2020-07-27,Q2,0.036438346153846154,2,1.2391400176015417
2020-08-03,Q2,0.018307999999999998,2,1.2618261930437906
2020-08-10,Q2,0.02250619230769231,2,1.2902250960033175
2020-08-17,Q2,-0.027413384615384617,2,1.254855659206157
2020-08-24,Q2,-0.0032813461538461547,2,1.250738043415189
2020-08-31,Q2,-0.01796853846153846,2,1.2282641087767738
2020-09-07,Q2,0.003558538461538461,2,1.2326349338487832
2020-09-14,Q2,0.015436384615384614,2,1.2516623607780322
2020-09-21,Q2,-0.03077357692307692,2,1.2131442328369093
2020-09-28,Q2,0.04409392307692307,2,1.2666365213208328
2020-10-13,Q2,-0.012681230769230771,2,1.2505740112932275
2020-10-20,Q2,-0.017967115384615387,2,1.2281048037353208
2020-10-27,Q2,0.026863153846153846,2,1.2610955720172634
2020-11-03,Q2,0.03670103846153846,2,1.307379089109545
2020-11-10,Q2,0.00819946153846154,2,1.3180988936668876
2020-11-17,Q2,0.025957269230769228,2,1.352313141522578
2020-11-24,Q2,0.025116615384615383,2,1.3862786705777614
2020-12-01,Q2,0.08481653846153847,2,1.5038580287592305
2020-12-08,Q2,-0.016952125000000002,2,1.4783644394734505
2020-12-15,Q2,-0.0142375,2,1.4573162257664471
2020-12-22,Q2,0.034443919999999996,2,1.5075119092614486
2020-12-29,Q2,0.07593096,2,1.6219787357431033
2021-01-06,Q2,0.014683222222222223,2,1.6457946099597383
2021-01-13,Q2,-0.018555962962962965,2,1.6152553061326813
2021-01-20,Q2,-0.024040148148148144,2,1.5764243292761693
2021-01-27,Q2,-0.03605492592592593,2,1.5195864668562895
2021-02-03,Q2,0.024076222222222225,2,1.556172368318203
2021-02-10,Q2,0.005601962962962969,2,1.5648899882895078
2021-02-24,Q2,-0.004214111111111111,2,1.5582953680021903
2021-03-03,Q2,-0.05448407407407409,2,1.4733930877426724
2021-03-10,Q2,0.019508666666666664,2,1.502137022360415
2021-03-17,Q2,-0.024234777777777775,2,1.4657330654317373
2021-03-24,Q2,0.01575255555555555,2,1.4888221069745655
2021-03-31,Q2,-0.0008393333333333334,2,1.4875724889527782
2021-04-08,Q2,-0.020366851851851848,2,1.4572753204513864
2021-04-15,Q2,0.011924555555555558,2,1.474652680969849
2021-04-22,Q2,0.0073409999999999994,2,1.4854781063008486
2021-04-29,Q2,-0.0020559999999999984,2,1.4824239633142942
2021-05-11,Q2,0.025433185185185184,2,1.5201267264962228
2021-05-18,Q2,0.00870037037037037,2,1.5333523920266385
2021-05-25,Q2,0.003926925925925927,2,1.5393737532884686
2021-06-01,Q2,0.046768444444444446,2,1.6113678691483764
2021-06-08,Q2,-0.00486911111111111,2,1.6035219399526186
2021-06-16,Q2,0.021496851851851854,2,1.6379926135369742
2021-06-23,Q2,0.011593037037037039,2,1.6569819225721014
2021-06-30,Q2,-0.004027793103448277,2,1.650307942211827
2021-07-07,Q2,-0.023511793103448274,2,1.6115062433175649
2021-07-14,Q2,0.007638206896551724,2,1.6238152614191093
2021-07-21,Q2,-0.036634310344827586,2,1.5643279091896143
2021-07-28,Q2,0.04910962068965517,2,1.6411514594441574
2021-08-04,Q2,0.003949793103448275,2,1.647633668160384
2021-08-11,Q2,0.0022170000000000002,2,1.6512864720026954
2021-08-18,Q2,0.009723965517241376,2,1.6673435247155368
2021-08-25,Q2,0.013666413793103448,2,1.6901301312595511
2021-09-01,Q2,0.03738686206896552,2,1.7533187933555545
2021-09-08,Q2,-0.019054793103448275,2,1.719909666503777
2021-09-15,Q2,-0.021582172413793108,2,1.682790279545143
2021-09-24,Q2,-0.014255310344827587,2,1.6588015818649677
2021-10-08,Q2,0.003306413793103448,2,1.6642862662952678
2021-10-15,Q2,-0.0023982068965517243,2,1.6602949634936022
2021-10-22,Q2,-0.009788862068965514,2,1.644042565102165
2021-10-29,Q2,-0.017065275862068966,2,1.6159865251997132
2021-11-05,Q2,0.007969103448275863,2,1.6288644889900494
2021-11-12,Q2,-0.004284620689655173,2,1.621885422499878
2021-11-19,Q2,-0.009829551724137929,2,1.6059430158487902
2021-11-26,Q2,0.010100241379310345,2,1.6221634279502806
2021-12-03,Q2,0.01381275,2,1.6445699658397008
2021-12-10,Q2,-0.0009194642857142862,2,1.6430578424907527
2021-12-17,Q2,-0.004112428571428569,2,1.636300884474784
2021-12-24,Q2,0.018099607142857143,2,1.6659172876512873
2021-12-31,Q2,0.010270266666666666,2,1.6830267024400762
2022-01-10,Q2,-0.015621666666666666,2,1.6567350203034583
2022-01-17,Q2,0.0186499,2,1.6876329627586157
2022-01-24,Q2,-0.013087066666666668,2,1.6655467976661296
2022-02-07,Q2,0.0008577999999999993,2,1.6669755037091674
2022-02-14,Q2,0.010800366666666667,2,1.6849794503735778
2022-02-21,Q2,-0.014840733333333333,2,1.6599731196784369
2022-02-28,Q2,-0.01782453333333333,2,1.6303848734742912
2022-03-07,Q2,-0.04246396666666668,2,1.5611522645532414
2022-03-14,Q2,-0.003075433333333334,2,1.5563510448404254
2022-03-21,Q2,0.003786866666666668,2,1.5622447387337635
2022-03-28,Q2,0.013163066666666666,2,1.5828086703793653
2022-04-06,Q2,-0.018992766666666668,2,1.552746754624873
2022-04-13,Q2,-3.490000000000044e-05,2,1.5526925637631366
2022-04-20,Q2,-0.05084799999999999,2,1.4737412522809086
2022-04-27,Q2,0.021770400000000002,2,1.505825188839565
2022-05-09,Q2,0.02465656666666666,2,1.5429536679965339
2022-05-16,Q2,0.028346699999999996,2,1.5866913127371312
2022-05-23,Q2,-0.0011366333333333335,2,1.5848878265013637
2022-05-30,Q2,0.05576456666666666,2,1.6732684093614874
2022-06-07,Q2,0.015609466666666667,2,1.6993872368218017
2022-06-14,Q2,0.012896666666666669,2,1.7213036675526805
2022-06-21,Q2,0.018789833333333332,2,1.7536466765820509
2022-06-28,Q2,-0.0020027333333333315,2,1.7501345899279708
2022-07-05,Q2,-0.021690709677419356,2,1.7121729286414338
2022-07-12,Q2,-0.007509064516129033,2,1.6993161116574957
2022-07-19,Q2,-0.006040032258064516,2,1.6890521875264357
2022-07-26,Q2,-0.03609616129032258,2,1.6280838873377093
2022-08-02,Q2,0.017165225806451613,2,1.6560303148957065
2022-08-09,Q2,0.0028953225806451596,2,1.660825056860657
2022-08-16,Q2,0.0035706451612903234,2,1.6667552738136862
2022-08-23,Q2,-0.0054109032258064516,2,1.6577366223259777
2022-08-30,Q2,0.006396903225806453,2,1.6683410030728723
2022-09-06,Q2,-0.0003790645161290317,2,1.6677085941978043
2022-09-14,Q2,-0.029080064516129028,2,1.6192115206844293
2022-09-21,Q2,-0.01381251612903226,2,1.5968461354386607
2022-09-28,Q2,0.004331677419354838,2,1.6037631577857245
2022-10-12,Q2,-0.004810096774193548,2,1.596048901793889
2022-10-19,Q2,-0.01308490322580645,2,1.5751647563702613
2022-10-26,Q2,0.005445645161290323,2,1.583742544704024
2022-11-02,Q2,0.007643870967741933,2,1.595848468361865
2022-11-09,Q2,0.0341138064516129,2,1.6502889341376645
2022-11-16,Q2,-0.0015849032258064529,2,1.647673385882437
2022-11-23,Q2,0.0228128064516129,2,1.6852614399300467
2022-11-30,Q2,0.033416935483870966,2,1.7415777127416445
2022-12-07,Q2,-0.011999066666666662,2,1.7206804056612768
2022-12-14,Q2,-0.030861000000000003,2,1.667578487662164
2022-12-21,Q2,0.011317500000000001,2,1.6864513071962808
2022-12-28,Q2,0.007446500000000001,2,1.6990094668553177
2023-01-05,Q2,0.01399721875,2,1.7227908740212123
2023-01-12,Q2,0.01862175,2,1.754872254979517
2023-01-19,Q2,0.0067751875,2,1.766761843545551
2023-02-02,Q2,-0.011669625,2,1.7461443953670657
2023-02-09,Q2,-0.002779718750000001,2,1.7412906050510564
2023-02-16,Q2,0.013301343749999998,2,1.764452109957486
2023-02-23,Q2,0.0120278125,2,1.7856746091012838
2023-03-02,Q2,-0.008002625,2,1.7713845248326245
2023-03-09,Q2,-0.0216970625,2,1.7329506840857982
2023-03-16,Q2,0.037985687500000004,2,1.7987780072243926
2023-03-23,Q2,-0.00506571875,2,1.7896659037461085
2023-03-30,Q2,0.03219528125,2,1.8472847008607498
2023-04-07,Q2,0.0026343437499999995,2,1.852151083766933
2023-04-14,Q2,-0.00114053125,2,1.8500386475761754
2023-04-21,Q2,0.011132250000000002,2,1.8706337403106552
2023-04-28,Q2,0.0096218125,2,1.888632627416098
2023-05-10,Q2,-0.01411175,2,1.861980715936159
2023-05-17,Q2,-0.031141593750000002,2,1.8039956689101408
2023-05-24,Q2,-0.0002932187499999992,2,1.8034667035550975
2023-05-31,Q2,-0.010934,2,1.7837475986184261
2023-06-07,Q2,0.009902375000000001,2,1.8014109362452952
2023-06-14,Q2,-0.001895187500000002,2,1.79799692475656
2023-06-21,Q2,0.006980999999999999,2,1.8105487412882852
2023-06-30,Q2,0.004677666666666667,2,1.8190178847837846
2023-07-07,Q2,0.01557015151515152,2,1.8473402688586387
2023-07-14,Q2,-0.010561575757575757,2,1.8278294446590677
2023-07-21,Q2,0.03956293939393939,2,1.9001437502005722
2023-07-28,Q2,0.010451999999999998,2,1.9200040526776685
2023-08-04,Q2,-0.024044575757575754,2,1.8738383697782077
2023-08-11,Q2,-0.008269454545454545,2,1.8583427485537982
2023-08-18,Q2,-0.027999030303030303,2,1.8063109536236237
2023-08-25,Q2,0.004820666666666667,2,1.8150185766273919
2023-09-01,Q2,-0.0015926060606060606,2,1.8121279670421424
2023-09-08,Q2,-0.006691969696969697,2,1.800001261599665
2023-09-15,Q2,0.008722787878787878,2,1.8157022907861495
2023-09-22,Q2,-0.010070393939393938,2,1.797417453441273
2023-10-09,Q2,-0.0029340303030303038,2,1.7921437761656809
2023-10-16,Q2,-0.03948430303030303,2,1.7213822282336835
2023-10-23,Q2,0.033043757575757574,2,1.7782631652786547
2023-10-30,Q2,0.011625696969696968,2,1.7989367139705585
2023-11-06,Q2,0.002447181818181818,2,1.803339039189047
2023-11-13,Q2,0.0036781515151515162,2,1.8099719934083722
2023-11-20,Q2,-0.013916121212121213,2,1.7847842037575565
2023-11-27,Q2,-0.0021606363636363637,2,1.780927934105674
2023-12-04,Q2,-0.013184060606060609,2,1.7574480722873986
2023-12-11,Q2,-0.012107000000000001,2,1.7361706484762152
2023-12-18,Q2,0.007633757575757577,2,1.7494241543168285
2023-12-25,Q2,0.011563666666666667,2,1.7696539120959638
2024-01-02,Q2,-0.025758285714285713,2,1.7240706610127925
2024-01-09,Q2,-0.0016927428571428572,2,1.7211522527161536
2024-01-16,Q2,-0.021930400000000003,2,1.6834066953531872
2024-01-23,Q2,0.030177942857142856,2,1.7342084464108876
2024-01-30,Q2,0.00707482857142857,2,1.746477673876368
2024-02-06,Q2,0.04536602857142858,2,1.8257084299288056
2024-02-21,Q2,-0.0035705142857142863,2,1.8191897118981957
2024-02-28,Q2,0.020947742857142855,2,1.857297630191399
2024-03-06,Q2,-0.004798171428571429,2,1.8483859977678612
2024-03-13,Q2,0.008497942857142856,2,1.8640934763548354
2024-03-20,Q2,-0.01629662857142857,2,1.8337150373482576
2024-03-27,Q2,0.01564654285714286,2,1.8624063382679144
2024-04-03,Q2,-0.007975742857142856,2,1.8475522642183764
2024-04-12,Q2,0.022095,2,1.8883739314962813
2024-04-19,Q2,-0.0039528571428571425,2,1.880909459112781
2024-04-26,Q2,0.006503657142857142,2,1.8931422493516075
2024-05-08,Q2,0.006535342857142858,2,1.9055145830284628
2024-05-15,Q2,0.015260457142857141,2,1.934593606657858
2024-05-22,Q2,-0.010367200000000002,2,1.9145372878189146
2024-05-29,Q2,-0.005538857142857142,2,1.9039329392870123
2024-06-05,Q2,-0.00856722857142857,2,1.8876215106114687
2024-06-13,Q2,-0.008075971428571428,2,1.8723771332238137
2024-06-20,Q2,-0.0083752,2,1.8566956002576376
2024-06-27,Q2,0.0104084,2,1.8760208307433592
2024-07-04,Q2,0.0071053783783783814,2,1.8893506685915105
2024-07-11,Q2,0.019042108108108108,2,1.9253278882769562
2024-07-18,Q2,-0.017659945945945946,2,1.8913267018417628
2024-07-25,Q2,0.011741916666666666,2,1.91353450236423
2024-08-01,Q2,-0.011888083333333334,2,1.8907862447389154
2024-08-08,Q2,0.005906297297297298,2,1.9019537904259836
2024-08-15,Q2,-0.003923081081081081,2,1.894492271493673
2024-08-22,Q2,-0.01822527027027027,2,1.8599646378207624
2024-08-29,Q2,-0.018922027027027027,2,1.8247703366746033
2024-09-05,Q2,-0.021121944444444447,2,1.786227638999492
2024-09-12,Q2,0.015489472222222224,2,1.8138953623963403
2024-09-23,Q2,0.25909072222222224,2,2.283858821875148
2024-09-30,Q2,-0.0167095,2,2.245696682891025
2024-10-14,Q2,-0.010938621621621623,2,2.2211318565999494
2024-10-21,Q2,0.014084567567567567,2,2.252415538310708
2024-10-28,Q2,-0.006560621621621623,2,2.23763829222919
2024-11-04,Q2,0.030930486486486487,2,2.30684953318863
2024-11-11,Q2,-0.01503862162162162,2,2.2721576959209915
2024-11-18,Q2,-0.024540216216216215,2,2.2163984547857507
2024-11-25,Q2,0.02069035135135136,2,2.26225651754986
2024-12-02,Q2,0.011082027027027028,2,2.287326905419416
2024-12-09,Q2,-0.008078305555555557,2,2.2688491797719945
2024-12-16,Q2,-0.004290861111111112,2,2.2591138630595347
2024-12-23,Q2,0.010079027777777777,2,2.2818835344384745
2024-12-30,Q2,-0.0490345,2,2.169992516269051
2025-01-07,Q2,3.4583333333332986e-05,2,2.170067561843572
2025-01-14,Q2,-0.00532288888888889,2,2.1585165333304968
2025-01-21,Q2,0.011849583333333333,2,2.1840940548685746
2025-02-05,Q2,0.023879138888888887,2,2.2362483401511777
2025-02-12,Q2,0.014145305555555555,2,2.26788075622072
2025-02-19,Q2,0.00526175,2,2.2798137777897645
2025-02-26,Q2,-0.016296083333333336,2,2.242661742482421
2025-03-05,Q2,0.008229027777777778,2,2.261116668257468
2025-03-12,Q2,0.012630972222222224,2,2.2896767700854315
2025-03-19,Q2,-0.01765825,2,2.2492450852600703
2025-03-26,Q2,-0.01592344444444445,2,2.2134293561029916
2025-04-02,Q2,-0.03192358333333334,2,2.1427687596009912
2025-04-10,Q2,0.010847111111111111,2,2.166011610421801
2025-04-17,Q2,-0.0028347222222222224,2,2.1598715691761465
2025-04-24,Q2,0.011996722222222221,2,2.185782948427228
2025-05-06,Q2,0.021583833333333333,2,2.232960523288923
2025-05-13,Q2,-0.0014028888888888895,2,2.2298279277814737
2025-05-20,Q2,-0.008677888888888888,2,2.2104777287828448
2025-05-27,Q2,0.0033253714285714276,2,2.217828388265633
2025-06-04,Q2,0.00811745714285714,2,2.235831515157591
2025-06-11,Q2,0.0045507428571428575,2,2.2460062094549693
2025-06-18,Q2,0.021046628571428572,2,2.2932770679144903
2025-06-25,Q2,0.007838028571428571,2,2.311251839095006
2025-07-02,Q2,0.018901457142857143,2,2.35493786667801
2025-07-09,Q2,0.0024246000000000003,2,2.360647649029558
2025-07-16,Q2,0.05071922857142857,2,2.4803778767172937
2025-07-23,Q2,-0.0023585428571428575,2,2.474527799193147
2025-07-30,Q2,-0.012411342857142857,2,2.4438155862678297
2025-08-06,Q2,0.010543428571428572,2,2.4695817813433885
2025-08-13,Q2,0.014520342857142857,2,2.5054409555222477
2025-08-20,Q2,0.013629542857142858,2,2.5395889704015793
2025-08-27,Q2,-0.006233257142857143,2,2.523759059311902
2025-09-03,Q2,0.005867800000000001,2,2.538567972720133
2025-09-10,Q2,0.022303657142857147,2,2.595187322417521
2025-09-17,Q2,-0.013518114285714285,2,2.560105283600244
2025-09-24,Q2,0.034535257142857156,2,2.6485191778821657
2025-10-09,Q2,0.010444114285714285,2,2.676180614863873
2025-10-16,Q2,-0.0030224,2,2.6680921265735087
2025-10-23,Q2,0.008820999999999999,2,2.6916273672220137
2025-10-30,Q2,0.007530085714285714,2,2.7118955520081127
2025-11-06,Q2,0.0027752571428571434,2,2.719421759509506
2025-11-13,Q2,-0.022624228571428567,2,2.6578969400402466
2025-11-20,Q2,-0.011522771428571428,2,2.6272706011194633
2025-11-27,Q2,-0.0037632,2,2.6173836563933306
2025-12-04,Q2,-0.009125205882352943,2,2.5934994916556358
2025-12-11,Q2,0.007000941176470588,2,2.6116564290379234
2025-12-18,Q2,0.00775170588235294,2,2.631901221541581
2025-12-25,Q2,0.02656970588235294,2,2.7018300629093464
2026-01-05,Q2,0.03162217647058824,2,2.787267809952206
2026-01-12,Q2,-0.014224617647058823,2,2.747619991075681
2026-01-19,Q2,0.01778120588235294,2,2.7964759878234666
2026-01-26,Q2,-0.02828094117647059,2,2.7173890149104185
2026-02-02,Q2,0.03142020588235294,2,2.802769937221348
2026-02-09,Q2,0.008008058823529412,2,2.8252146837474363
2026-02-24,Q2,0.002304882352941176,2,2.8317264712152763
2026-03-03,Q2,-0.0023514705882352943,2,2.8250677497042864
2026-03-10,Q2,-0.003449088235294118,2,2.8153238417648727
2026-03-17,Q2,-0.03612273529411764,2,2.713626643861582
2026-03-24,Q2,-0.0057837352941176486,2,2.6979317456664216
2026-03-31,Q2,0.008367470588235294,2,2.7205066101973516
2026-04-08,Q2,0.004004147058823529,2,2.731399918739083
2026-04-15,Q2,0.007875647058823529,2,2.7529114604755716
2026-04-22,Q2,0.006906088235294117,2,2.771923309925568
2026-04-29,Q2,0.015968470588235292,2,2.816186685772958
2026-05-11,Q2,-0.03262726470588234,2,2.7243022173150626
2026-05-18,Q2,-0.007282647058823532,2,2.7044620857847868
2026-05-25,Q2,0.0008922058823529433,2,2.706875022766324
2026-06-01,Q2,-0.04339784375,2,2.5894024834775333
2026-06-08,Q2,0.031466303030303025,2,2.670881406690057
2026-06-15,Q2,-0.03082909090909091,2,2.5885405609958085
2026-06-23,Q2,-0.031528969696969694,2,2.506926544088795
2026-06-30,Q2,0.017742969696969698,2,2.5514068657930915
2026-07-07,Q2,0.00759490909090909,2,2.5707845689927113
2026-07-14,Q2,0.012778181818181817,2,2.6036345216306764
2026-07-21,Q2,-0.0012369696969696965,2,2.600413904625435
2026-07-28,Q2,0.021267727272727268,2,2.655718798345217
2026-08-04,Q2,-0.0018603636363636361,2,2.650778195664368
2026-08-11,Q2,-0.0026726060606060606,2,2.6436937097933133
2026-08-18,Q2,-0.0008424242424242422,2,2.641466598122639
2020-04-03,Q3,0.011991800000000002,3,1.0119918
2020-04-13,Q3,0.026533479999999998,3,1.038843464185464
2020-04-20,Q3,-0.02264904,3,1.015314657011389
2020-04-27,Q3,0.01574612,3,1.031301923438449
2020-05-07,Q3,-0.004245799999999999,3,1.0269232217319142
2020-05-14,Q3,-0.006855240000000001,3,1.0198834165853687
2020-05-21,Q3,-0.00292392,3,1.0169013590659466
2020-05-28,Q3,0.01234196,3,1.0294519149634842
2020-06-04,Q3,0.0016593600000000012,3,1.0311601462930982
2020-06-11,Q3,0.011660840000000004,3,1.0431843397733986
2020-06-18,Q3,0.02194236,3,1.0660742661030689
2020-06-29,Q3,0.15713976000000002,3,1.2335969204206811
2020-07-06,Q3,0.018096423076923076,3,1.2559206121990032
2020-07-13,Q3,-0.0187725,3,1.2323438425064974
2020-07-20,Q3,-0.025827576923076925,3,1.2005153871184806
2020-07-27,Q3,0.02952034615384615,3,1.2359550169092368
2020-08-03,Q3,0.016226923076923076,3,1.25601076389516
2020-08-10,Q3,0.027270269230769233,3,1.2902625155833252
2020-08-17,Q3,-0.009632692307692307,3,1.277833813774562
2020-08-24,Q3,0.005312461538461539,3,1.2846222567627847
2020-08-31,Q3,-0.011636153846153848,3,1.2696741945488996
2020-09-07,Q3,-0.0038417307692307683,3,1.2647964481288028
2020-09-14,Q3,0.028541192307692306,3,1.300895246784933
2020-09-21,Q3,-0.03963353846153846,3,1.2493361649870498
2020-09-28,Q3,0.043757538461538466,3,1.3040040402778617
2020-10-13,Q3,-0.013176384615384614,3,1.286821981503145
2020-10-20,Q3,-0.018283615384615384,3,1.2632942233248727
2020-10-27,Q3,-0.0007752307692307695,3,1.2623148787723597
2020-11-03,Q3,0.019904807692307697,3,1.2874410136814622
2020-11-10,Q3,0.0011434230769230766,3,1.288913103446683
2020-11-17,Q3,0.02190723076923077,3,1.3171496202453747
2020-11-24,Q3,0.020181153846153845,3,1.3437312193699498
2020-12-01,Q3,-0.020146038461538465,3,1.3166603585425527
2020-12-08,Q3,-0.014987439999999998,3,1.2969269904185177
2020-12-15,Q3,0.004854541666666667,3,1.303222976532129
2020-12-22,Q3,-0.0006399583333333335,3,1.3023889681281058
2020-12-29,Q3,0.05559625000000001,3,1.374796910797398
2021-01-06,Q3,0.011780925925925926,3,1.3909932913666938
2021-01-13,Q3,0.004912074074074074,3,1.397825953450427
2021-01-20,Q3,-0.017667222222222223,3,1.3731302517028285
2021-01-27,Q3,-0.02309951851851852,3,1.341411604025281
2021-02-03,Q3,0.02300696296296296,3,1.3722734111171795
2021-02-10,Q3,0.0022714444444444453,3,1.3753904539331205
2021-02-24,Q3,0.019405370370370364,3,1.4020804150955644
2021-03-03,Q3,-0.06303503703703703,3,1.313700224201111
2021-03-10,Q3,0.026598777777777777,3,1.3486430445312534
2021-03-17,Q3,-0.010698,3,1.334215261240858
2021-03-24,Q3,0.009940777777777778,3,1.3474783986605732
2021-03-31,Q3,0.013153740740740742,3,1.3652027801703028
2021-04-08,Q3,-0.02366211111111111,3,1.3328992002967153
2021-04-15,Q3,0.013031037037037037,3,1.3502682591424189
2021-04-22,Q3,-0.003524740740740742,3,1.3455089135984906
2021-04-29,Q3,-0.006478851851851854,3,1.3367915606819398
2021-05-11,Q3,0.008051518518518519,3,1.3475547626881699
2021-05-18,Q3,0.020900333333333337,3,1.3757191064132734
2021-05-25,Q3,-0.013092111111111112,3,1.3577080390144325
2021-06-01,Q3,-0.006322703703703703,3,1.3491236533676076
2021-06-08,Q3,-0.028298148148148156,3,1.3109459523544402
2021-06-16,Q3,0.021113769230769235,3,1.3386249626664628
2021-06-23,Q3,0.011101923076923077,3,1.353486274030835
2021-06-30,Q3,0.010747689655172414,3,1.3680331244566541
2021-07-07,Q3,0.0004101724137931023,3,1.3685942539054614
2021-07-14,Q3,0.008183275862068965,3,1.3797938382284123
2021-07-21,Q3,-0.0752091379310345,3,1.2760207331327003
2021-07-28,Q3,0.03653157142857142,3,1.3226357756894755
2021-08-04,Q3,0.017611241379310347,3,1.3459290335920544
2021-08-11,Q3,-0.010430482758620688,3,1.3318903440128456
2021-08-18,Q3,0.001206896551724138,3,1.3334977978763094
2021-08-25,Q3,0.04551755172413792,3,1.3941953528651683
2021-09-01,Q3,0.03307786206896552,3,1.4403123544444352
2021-09-08,Q3,-0.013389241379310343,3,1.421027664669176
2021-09-15,Q3,-0.008632551724137929,3,1.4087605698524883
2021-09-24,Q3,-0.002992827586206895,3,1.4045443923566732
2021-10-08,Q3,-0.02781106896551724,3,1.3654825113957112
2021-10-15,Q3,0.00026965517241379314,3,1.3658507208177495
2021-10-22,Q3,0.0012185517241379304,3,1.367515080568517
2021-10-29,Q3,-0.018561000000000005,3,1.3421326331580847
2021-11-05,Q3,0.0020612758620689653,3,1.3448991387585087
2021-11-12,Q3,-0.005539758620689655,3,1.3374487221606133
2021-11-19,Q3,-0.0013359310344827607,3,1.3356619829056497
2021-11-26,Q3,0.03638851724137931,3,1.3842647419992669
2021-12-03,Q3,0.023282071428571433,3,1.416493292598547
2021-12-10,Q3,-0.00738325,3,1.4060349684959688
2021-12-17,Q3,0.00989906896551724,3,1.419953405617039
2021-12-24,Q3,-0.0007451379310344829,3,1.4188953444742123
2021-12-31,Q3,-0.010058966666666669,3,1.4046227235006576
2022-01-10,Q3,-0.02132623333333334,3,1.3746674115539803
2022-01-17,Q3,0.011798933333333334,3,1.3908870206984114
2022-01-24,Q3,-0.02398576666666667,3,1.3575255291602442
2022-02-07,Q3,-0.0099169,3,1.344063084240115
2022-02-14,Q3,0.019060499999999998,3,1.3696815986572735
2022-02-21,Q3,-0.0064398333333333295,3,1.360861077442187
2022-02-28,Q3,-0.010416933333333333,3,1.3466850783225435
2022-03-07,Q3,-0.0498033,3,1.2796157173613223
2022-03-14,Q3,0.007084666666666667,3,1.2886813681802547
2022-03-21,Q3,-0.019030633333333335,3,1.264156945578918
2022-03-28,Q3,0.0284643,3,1.30014028812496
2022-04-06,Q3,-0.031164700000000004,3,1.2596218060876319
2022-04-13,Q3,-0.0094803,3,1.2476802134793792
2022-04-20,Q3,-0.05787593333333333,3,1.1754695566227276
2022-04-27,Q3,-0.0131815,3,1.1599751046621052
2022-05-09,Q3,0.013264733333333334,3,1.1753618650987534
2022-05-16,Q3,0.02378323333333333,3,1.203315770587499
2022-05-23,Q3,0.005540833333333333,3,1.2099831427196959
2022-05-30,Q3,0.022286366666666665,3,1.2369492706988325
2022-06-07,Q3,0.04941923333333335,3,1.2980783553289947
2022-06-14,Q3,0.010563133333333332,3,1.311790130073449
2022-06-21,Q3,0.025325033333333333,3,1.3450112588438965
2022-06-28,Q3,-0.009726133333333333,3,1.3319295000055462
2022-07-05,Q3,-0.0232051935483871,3,1.301021818165111
2022-07-12,Q3,0.0006042258064516124,3,1.301807929122403
2022-07-19,Q3,-0.00392058064516129,3,1.296704086151768
2022-07-26,Q3,-0.03580625806451612,3,1.2502739650097052
2022-08-02,Q3,0.006902451612903226,3,1.2589039205560575
2022-08-09,Q3,0.010463870967741935,3,1.2720769287415405
2022-08-16,Q3,-0.008053774193548387,3,1.2618319084006338
2022-08-23,Q3,-0.001648806451612902,3,1.2597513918092118
2022-08-30,Q3,0.008615096774193547,3,1.2706042719610733
2022-09-06,Q3,0.0057038387096774185,3,1.2778515937921664
2022-09-14,Q3,-0.04181032258064517,3,1.2244242064455244
2022-09-21,Q3,-0.022660451612903233,3,1.1966782009616983
2022-09-28,Q3,0.006976129032258065,3,1.2050263825016976
2022-10-12,Q3,-0.006990967741935484,3,1.1966020819334469
2022-10-19,Q3,-0.015162258064516135,3,1.1784588923666346
2022-10-26,Q3,0.007039580645161293,3,1.186754748776457
2022-11-02,Q3,0.007005677419354837,3,1.1950687697222722
2022-11-09,Q3,0.03147177419354839,3,1.2326797041887332
2022-11-16,Q3,0.007579387096774192,3,1.2420226608331166
2022-11-23,Q3,0.018542806451612902,3,1.2650532466414623
2022-11-30,Q3,0.014085548387096773,3,1.2828722153592844
2022-12-07,Q3,-0.0051317419354838705,3,1.2762888462138582
2022-12-14,Q3,-0.03926696774193549,3,1.2261728532601865
2022-12-21,Q3,-0.0016980967741935477,3,1.2240906930934619
2022-12-28,Q3,0.020705838709677418,3,1.2494365175506723
2023-01-05,Q3,-0.006373093750000001,3,1.2414737414896484
2023-01-12,Q3,0.0319219375,3,1.281103988673372
2023-01-19,Q3,0.01421740625,3,1.2993179645288366
2023-02-02,Q3,-0.01247215625,3,1.283112667856801
2023-02-09,Q3,-0.005670499999999999,3,1.275836777473719
2023-02-16,Q3,0.018101125000000003,3,1.298930858462368
2023-02-23,Q3,0.01411171875,3,1.317261005412685
2023-03-02,Q3,-0.00991115625,3,1.3042054257660076
2023-03-09,Q3,0.0030428437499999987,3,1.3081739190945159
2023-03-16,Q3,0.01685603125,3,1.330224539555208
2023-03-23,Q3,-0.008848843750000002,3,1.318453590452268
2023-03-30,Q3,0.04044228125,3,1.371774861372411
2023-04-07,Q3,-0.006928374999999999,3,1.36227069071725
2023-04-14,Q3,-0.0145028125,3,1.3425139343155321
2023-04-21,Q3,0.00868621875,3,1.3541753040239202
2023-04-28,Q3,0.00041818750000000016,3,1.3547416032088717
2023-05-10,Q3,-0.013105,3,1.3369877144988194
2023-05-17,Q3,-0.02843353125,3,1.298972432537751
2023-05-24,Q3,0.0176256875,3,1.3218677147047762
2023-05-31,Q3,-0.004769749999999998,3,1.315562736172563
2023-06-07,Q3,0.0179960625,3,1.3392376853953953
2023-06-14,Q3,-0.00043706249999999995,3,1.3386523548245222
2023-06-21,Q3,-0.005743156250000001,3,1.3309642651863345
2023-06-30,Q3,0.008806909090909091,3,1.3426859464730792
2023-07-07,Q3,0.02153851515151515,3,1.3716054080749158
2023-07-14,Q3,-0.012729727272727273,3,1.3541452453043243
2023-07-21,Q3,0.045605,3,1.415901039216428
2023-07-28,Q3,0.006499727272727274,3,1.4251040098165058
2023-08-04,Q3,-0.029424333333333337,3,1.3831712743969948
2023-08-11,Q3,-0.013688090909090908,3,1.3642383002502056
2023-08-18,Q3,-0.024590090909090905,3,1.3306915564253894
2023-08-25,Q3,0.02623754545454545,3,1.3656056366230802
2023-09-01,Q3,-0.007382181818181818,3,1.3555244875215946
2023-09-08,Q3,0.008937181818181818,3,1.367639056325573
2023-09-15,Q3,0.001588848484848485,3,1.3698120275680354
2023-09-22,Q3,-0.005770818181818182,3,1.3619070914136726
2023-10-09,Q3,-0.010543424242424243,3,1.3475479271701323
2023-10-16,Q3,-0.03611418181818182,3,1.298882336319596
2023-10-23,Q3,0.03185542424242425,3,1.3402587841840479
2023-10-30,Q3,-0.0037862727272727267,3,1.3351841989020041
2023-11-06,Q3,-0.006833969696969696,3,1.326059590546835
2023-11-13,Q3,0.00494909090909091,3,1.3326223800113233
2023-11-20,Q3,-0.017550151515151515,3,1.3092346553296428
2023-11-27,Q3,-0.003952363636363636,3,1.304060083886451
2023-12-04,Q3,-0.012414909090909091,3,1.2878702964959172
2023-12-11,Q3,-0.022410030303030303,3,1.259009084125071
2023-12-18,Q3,0.010299424242424242,3,1.2719761528075408
2023-12-25,Q3,0.015590636363636364,3,1.2918070704691804
2024-01-02,Q3,-0.01170662857142857,3,1.2766843649092525
2024-01-09,Q3,0.008246657142857144,3,1.2872127431463056
2024-01-16,Q3,-0.027982771428571432,3,1.2511929631748981
2024-01-23,Q3,0.03680782857142858,3,1.2972466592732177
2024-01-30,Q3,0.007330742857142858,3,1.3067564409546375
2024-02-06,Q3,0.044264857142857134,3,1.364599828134003
2024-02-21,Q3,0.013571542857142859,3,1.3831195531843734
2024-02-28,Q3,0.021354771428571426,3,1.4126557551010135
2024-03-06,Q3,-0.009532657142857143,3,1.3991893921267515
2024-03-13,Q3,0.010653857142857144,3,1.414096156026271
2024-03-20,Q3,-0.031836,3,1.3690769908030187
2024-03-27,Q3,0.021282428571428574,3,1.3982142740685704
2024-04-03,Q3,-0.022392114285714287,3,1.3669053002477098
2024-04-12,Q3,0.026095085714285714,3,1.4025748112209853
2024-04-19,Q3,0.008787685714285714,3,1.4149001978527689
2024-04-26,Q3,0.0015975428571428573,3,1.4171605615574185
2024-05-08,Q3,0.00017554285714285685,3,1.4174093339714244
2024-05-15,Q3,0.017306199999999997,3,1.4419393033870007
2024-05-22,Q3,-0.0038626000000000003,3,1.436369668633738
2024-05-29,Q3,-0.009834628571428571,3,1.4222435064514591
2024-06-05,Q3,-0.011197428571428572,3,1.4063180363767909
2024-06-13,Q3,0.0015067428571428573,3,1.4084369960329728
2024-06-20,Q3,-0.017376714285714287,3,1.3839629887634781
2024-06-27,Q3,-0.0026835428571428573,3,1.3802490647704317
2024-07-04,Q3,0.002133999999999999,3,1.383194516274652
2024-07-11,Q3,0.027212,3,1.4208340054515178
2024-07-18,Q3,-0.02910638888888889,3,1.3794786583422882
2024-07-25,Q3,0.011751972972972974,3,1.3956902542519198
2024-08-01,Q3,-0.01678827027027027,3,1.3722590290499563
2024-08-08,Q3,-0.0011440833333333333,3,1.370689050365804
2024-08-15,Q3,-0.01646875,3,1.348115515067592
2024-08-22,Q3,-0.008646138888888889,3,1.3364595210860517
2024-08-29,Q3,-0.01680441666666667,3,1.3140010984355879
2024-09-05,Q3,-0.026667270270270264,3,1.278960276008174
2024-09-12,Q3,0.01087188888888889,3,1.2928649900222373
2024-09-23,Q3,0.2239334054054054,3,1.5823806499673423
2024-09-30,Q3,-0.012779243243243242,3,1.5621590227380084
2024-10-14,Q3,-0.017983083333333334,3,1.5340665868521923
2024-10-21,Q3,0.0011738888888888892,3,1.5358674105733137
2024-10-28,Q3,-0.0010197222222222216,3,1.534301252444365
2024-11-04,Q3,0.035954,3,1.5894655196747498
2024-11-11,Q3,-0.03160727777777778,3,1.53922684147619
2024-11-18,Q3,-0.034975000000000006,3,1.4853923826955604
2024-11-25,Q3,0.026201500000000003,3,1.524311891210758
2024-12-02,Q3,0.007459200000000001,3,1.5356820384696774
2024-12-09,Q3,-0.01404183333333333,3,1.5141182472324928
2024-12-16,Q3,0.0010793611111111114,3,1.5157525275861792
2024-12-23,Q3,0.02198444444444445,3,1.5490755048204237
2024-12-30,Q3,-0.05316330555555556,3,1.4667215304290289
2025-01-07,Q3,0.001698472222222222,3,1.4692127162061979
2025-01-14,Q3,-0.0005890000000000012,3,1.4683473499163524
2025-01-21,Q3,0.006288555555555555,3,1.4775811338011542
2025-02-05,Q3,0.014430166666666664,3,1.498902875825427
2025-02-12,Q3,-0.014828361111111113,3,1.4766766027122047
2025-02-19,Q3,0.0066581666666666655,3,1.4865085616458298
2025-02-26,Q3,-0.01098357142857143,3,1.4701813886798099
2025-03-05,Q3,0.0020059142857142853,3,1.473130446529954
2025-03-12,Q3,0.014655861111111109,3,1.4947204417528461
2025-03-19,Q3,-0.006850371428571429,3,1.4844810515449607
2025-03-26,Q3,-0.008825142857142856,3,1.4713802941963547
2025-04-02,Q3,-0.01647513888888889,3,1.4471390994910958
2025-04-10,Q3,0.011420861111111113,3,1.4636666741548419
2025-04-17,Q3,-0.0033077777777777784,3,1.4588251900559985
2025-04-24,Q3,0.0005085277777777771,3,1.459567043188064
2025-05-06,Q3,0.01772141666666667,3,1.4854326389133343
2025-05-13,Q3,0.000366833333333334,3,1.485977545119709
2025-05-20,Q3,-0.013513444444444446,3,1.465896870118042
2025-05-27,Q3,0.019156,3,1.4939775905620232
2025-06-04,Q3,0.00710745714285714,3,1.5045959722593316
2025-06-11,Q3,0.0030085277777777775,3,1.5091225910362065
2025-06-18,Q3,0.02201277777777778,3,1.5423425712721108
2025-06-25,Q3,0.004696250000000001,3,1.5495857975724476
2025-07-02,Q3,0.004170805555555555,3,1.5560488186257728
2025-07-09,Q3,0.0069724166666666676,3,1.5668982393429063
2025-07-16,Q3,0.04245708333333334,3,1.6334241684655413
2025-07-23,Q3,0.004814166666666667,3,1.6412877446498957
2025-07-30,Q3,-0.0038458888888888896,3,1.6349755343492771
2025-08-06,Q3,-0.0020149714285714287,3,1.63168110536115
2025-08-13,Q3,0.02210288571428571,3,1.6677459663551069
2025-08-20,Q3,0.027009361111111116,3,1.712790719401991
2025-08-27,Q3,-0.00782125,3,1.6993945549878682
2025-09-03,Q3,0.0011303428571428572,3,1.701315453484566
2025-09-10,Q3,0.0032936111111111113,3,1.7069189249656678
2025-09-17,Q3,-0.016544222222222224,3,1.6786792789557192
2025-09-24,Q3,0.030565444444444447,3,1.7299888571966804
2025-10-09,Q3,-0.0007219166666666686,3,1.7287399494075224
2025-10-16,Q3,0.004542361111111111,3,1.7365925105249351
2025-10-23,Q3,0.012137694444444446,3,1.7576707397921976
2025-10-30,Q3,0.0061691666666666665,3,1.7685141035310987
2025-11-06,Q3,0.00820025,3,1.7830163613085797
2025-11-13,Q3,-0.03283705555555555,3,1.7244673539958255
2025-11-20,Q3,-0.025514114285714286,3,1.6804690968439928
2025-11-27,Q3,0.0032349999999999996,3,1.6859054143722834
2025-12-04,Q3,-0.00033121212121212085,3,1.685347022063826
2025-12-11,Q3,0.014115272727272726,3,1.7091361549203536
2025-12-18,Q3,0.011190735294117645,3,1.7282626452116734
2025-12-25,Q3,0.002170294117647059,3,1.7320134834643255
2026-01-05,Q3,0.01659061764705882,3,1.7607486569280324
2026-01-12,Q3,-0.007155352941176469,3,1.74814987884701
2026-01-19,Q3,-0.0010861470588235285,3,1.7462511309977178
2026-01-26,Q3,-0.022904588235294118,3,1.7062539678867985
2026-02-02,Q3,0.017059058823529406,3,1.7353610546928597
2026-02-09,Q3,-0.004260941176470589,3,1.7279667833188754
2026-02-24,Q3,0.01420867647058824,3,1.7525189042949763
2026-03-03,Q3,-0.005860823529411764,3,1.7422477002649455
2026-03-10,Q3,-0.0019814705882352946,3,1.73879548768945
2026-03-17,Q3,-0.0473785294117647,3,1.6564139145349117
2026-03-24,Q3,-0.004473647058823528,3,1.649003703297958
2026-03-31,Q3,0.02315329411764706,3,1.687183571041505
2026-04-08,Q3,-0.004606382352941175,3,1.6794117584136872
2026-04-15,Q3,0.010542941176470588,3,1.6971176977937157
2026-04-22,Q3,-0.007940176470588237,3,1.6836422837818752
2026-04-29,Q3,0.039889852941176474,3,1.7508025268874805
2026-05-11,Q3,-0.022323264705882355,3,1.7117188986320437
2026-05-18,Q3,0.0003397941176470599,3,1.7123005306448642
2026-05-25,Q3,0.005454441176470588,3,1.7216401731657058
2026-06-01,Q3,-0.04019515151515151,3,1.6524385855507386
2026-06-08,Q3,0.034576,3,1.7095733020847408
2026-06-15,Q3,-0.010081606060606062,3,1.6923380575213929
2026-06-23,Q3,-0.002136969696969696,3,1.6887215823754411
2026-06-30,Q3,0.006937636363636365,3,1.7004373186333865
2026-07-07,Q3,0.011924393939393941,3,1.7207140030900179
2026-07-14,Q3,0.03177733333333334,3,1.7753937055375437
2026-07-21,Q3,0.010133636363636365,3,1.79338489975175
2026-07-28,Q3,5.748484848484836e-05,3,1.7934879922109874
2026-08-04,Q3,-0.00013760606060606113,3,1.7932411973936349
2026-08-11,Q3,-0.011610636363636366,3,1.7724205259384056
2026-08-18,Q3,-0.0003384848484848493,3,1.7718205884452318
2020-04-03,Q4,0.00425432,4,1.00425432
2020-04-13,Q4,0.013054240000000002,4,1.0173640969143167
2020-04-20,Q4,-0.011763759999999998,4,1.0053960698456
2020-04-27,Q4,0.019998799999999997,4,1.025502784767228
2020-05-07,Q4,-0.01197852,4,1.0132187791498382
2020-05-14,Q4,-0.00780828,4,1.005307283220978
2020-05-21,Q4,-0.0056210800000000005,4,0.9996563705574101
2020-05-28,Q4,0.02126732,4,1.020916382480093
2020-06-04,Q4,0.0012986000000000009,4,1.0222421444943817
2020-06-11,Q4,0.0014734800000000003,4,1.0237483978494513
2020-06-18,Q4,0.02728092,4,1.0516771959913103
2020-06-29,Q4,0.17911696,4,1.2400504182385979
2020-07-06,Q4,0.024594730769230768,4,1.270549124415448
2020-07-13,Q4,-0.010038038461538463,4,1.2577953034372917
2020-07-20,Q4,-0.032451615384615384,4,1.216977814017569
2020-07-27,Q4,0.03764903846153846,4,1.2627958585443555
2020-08-03,Q4,0.002673807692307693,4,1.2661723318247455
2020-08-10,Q4,0.028773769230769235,4,1.3026048823070557
2020-08-17,Q4,0.0021108846153846178,4,1.3053545309130425
2020-08-24,Q4,0.0019082307692307678,4,1.3078454485936857
2020-08-31,Q4,-0.024221384615384613,4,1.276167620965818
2020-09-07,Q4,-0.006925846153846152,4,1.2673290803564887
2020-09-14,Q4,0.027851615384615384,4,1.302626242468316
2020-09-21,Q4,-0.027394038461538463,4,1.2669420490811296
2020-09-28,Q4,0.05623096153846153,4,1.3381834187144703
2020-10-13,Q4,-0.015575538461538462,4,1.31734049140769
2020-10-20,Q4,-0.007638500000000001,4,1.3072779860640724
2020-10-27,Q4,0.012610692307692305,4,1.323763666506946
2020-11-03,Q4,0.05078880769230769,4,1.3909960447952316
2020-11-10,Q4,-0.0029111923076923073,4,1.3869465878095932
2020-11-17,Q4,0.05046461538461538,4,1.456938313922409
2020-11-24,Q4,0.02190942307692308,4,1.488858991839114
2020-12-01,Q4,0.05967707692307692,4,1.5777097444227117
2020-12-08,Q4,-0.018046333333333334,4,1.5492378684716113
2020-12-15,Q4,-0.006392999999999999,4,1.5393335907784722
2020-12-22,Q4,0.023355400000000005,4,1.5752853425245397
2020-12-29,Q4,0.041614000000000005,4,1.640839266768356
2021-01-06,Q4,0.009842592592592594,4,1.6569893791810855
2021-01-13,Q4,-0.003348555555555555,4,1.651440858189932
2021-01-20,Q4,-0.004185296296296297,4,1.6445290888825974
2021-01-27,Q4,-0.026601629629629628,4,1.6007819351449903
2021-02-03,Q4,0.023970962962962965,4,1.639154219624131
2021-02-10,Q4,0.017203703703703697,4,1.6673537431432202
2021-02-24,Q4,0.011160407407407409,4,1.6859620902089643
2021-03-03,Q4,-0.07117444444444444,4,1.5659646750839469
2021-03-10,Q4,0.03467140740740741,4,1.6202588743193909
2021-03-17,Q4,-0.032220296296296295,4,1.5680536533121165
2021-03-24,Q4,0.023149814814814818,4,1.6043538050059858
2021-03-31,Q4,0.018398296296296295,4,1.6338711816745763
2021-04-08,Q4,-0.032483222222222226,4,1.5807977809977563
2021-04-15,Q4,0.020553407407407406,4,1.6132885618193287
2021-04-22,Q4,0.009144148148148148,4,1.6280407114343176
2021-04-29,Q4,0.008594074074074073,4,1.6420322139039922
2021-05-11,Q4,0.020615703703703706,4,1.6758838634977737
2021-05-18,Q4,0.00817885185185185,4,1.689590669338231
2021-05-25,Q4,0.011901925925925927,4,1.70970005232983
2021-06-01,Q4,0.01835140740740741,4,1.7410754545346003
2021-06-08,Q4,-0.03390070370370371,4,1.6820517714246317
2021-06-16,Q4,0.021651518518518518,4,1.718470746502739
2021-06-23,Q4,0.0015395925925925922,4,1.7211164913346415
2021-06-30,Q4,0.011227206896551725,4,1.7404398222759228
2021-07-07,Q4,0.004427241379310345,4,1.748145169475302
2021-07-14,Q4,0.009743655172413794,4,1.7651784931979901
2021-07-21,Q4,-0.013920655172413797,4,1.74060605207642
2021-07-28,Q4,0.045751793103448284,4,1.8202419000456302
2021-08-04,Q4,0.01841727586206897,4,1.853765797254467
2021-08-11,Q4,0.004915068965517244,4,1.8628771839938898
2021-08-18,Q4,0.031148689655172413,4,1.9209033672638172
2021-08-25,Q4,0.029706827586206894,4,1.9779673124048878
2021-09-01,Q4,0.048150068965517254,4,2.073206574908722
2021-09-08,Q4,0.003732137931034482,4,2.0809440678058087
2021-09-15,Q4,0.017402931034482757,4,2.117158593904449
2021-09-24,Q4,-0.0002479999999999999,4,2.1166335385731605
2021-10-08,Q4,0.0040166551724137925,4,2.125135325623975
2021-10-15,Q4,0.01308362068965517,4,2.152939790138626
2021-10-22,Q4,-0.020470206896551723,4,2.1088686671986694
2021-10-29,Q4,-0.024485827586206897,4,2.057231272611689
2021-11-05,Q4,0.027089793103448275,4,2.112961242152683
2021-11-12,Q4,0.010257931034482758,4,2.1346358528532203
2021-11-19,Q4,-0.007837275862068964,4,2.1179061228093468
2021-11-26,Q4,0.013282655172413796,4,2.1460375395261675
2021-12-03,Q4,0.018935535714285717,4,2.186673910000063
2021-12-10,Q4,-0.016895678571428572,4,2.149728570476173
2021-12-17,Q4,-0.008272071428571429,4,2.1319458621891534
2021-12-24,Q4,0.01319125,4,2.160068893043756
2021-12-31,Q4,0.008617433333333334,4,2.1786831427249678
2022-01-10,Q4,-0.017463000000000003,4,2.1406367990035617
2022-01-17,Q4,0.01757886666666667,4,2.1782667678750056
2022-01-24,Q4,-0.02834333333333333,4,2.116527426784202
2022-02-07,Q4,-0.008232066666666668,4,2.0991040319050858
2022-02-14,Q4,0.016855033333333335,4,2.1344845003329804
2022-02-21,Q4,0.004186333333333335,4,2.143420163946208
2022-02-28,Q4,-0.03800033333333333,4,2.0619694832428643
2022-03-07,Q4,-0.029597833333333337,4,2.0009396541394224
2022-03-14,Q4,-0.0003561666666666662,4,2.0002269861326063
2022-03-21,Q4,-0.03175633333333333,4,1.9367071112186507
2022-03-28,Q4,0.015372900000000002,4,1.9664799159687039
2022-04-06,Q4,-0.0237425,4,1.919790766563817
2022-04-13,Q4,-0.011273233333333332,4,1.8981485173011643
2022-04-20,Q4,-0.05488143333333335,4,1.793975405992135
2022-04-27,Q4,0.013163633333333336,4,1.8175906404456332
2022-05-09,Q4,0.03048596666666666,4,1.873001648123904
2022-05-16,Q4,0.01569536666666667,4,1.9023990957584795
2022-05-23,Q4,-0.007175333333333333,4,1.8887487481133807
2022-05-30,Q4,0.022932266666666666,4,1.9320620380714497
2022-06-07,Q4,0.027924033333333334,4,1.9860130028246248
2022-06-14,Q4,-0.006908299999999998,4,1.9722930291972114
2022-06-21,Q4,0.03415406666666666,4,2.0396548568026147
2022-06-28,Q4,-0.004221666666666666,4,2.0310441138821465
2022-07-05,Q4,-0.03207825806451613,4,1.9658917566566185
2022-07-12,Q4,-0.020860838709677414,4,1.9248816058003204
2022-07-19,Q4,0.0031388387096774185,4,1.9309234986961523
2022-07-26,Q4,-0.03422522580645161,4,1.864837205938293
2022-08-02,Q4,0.029570806451612905,4,1.9199819460188607
2022-08-09,Q4,0.00961577419354839,4,1.9384440588674676
2022-08-16,Q4,0.016866774193548387,4,1.9711393570952107
2022-08-23,Q4,0.0003299032258064514,4,1.9717896423276304
2022-08-30,Q4,0.01350793548387097,4,1.9984244496039572
2022-09-06,Q4,0.004152774193548386,4,2.0067234550860285
2022-09-14,Q4,-0.03490151612903226,4,1.936685764051836
2022-09-21,Q4,-0.02719561290322581,4,1.8840164076974941
2022-09-28,Q4,-0.016893419354838707,4,1.8521889284508637
2022-10-12,Q4,0.004951225806451612,4,1.8613595340718336
2022-10-19,Q4,-0.006985806451612902,4,1.8483564366299434
2022-10-26,Q4,0.017607709677419356,4,1.880901760146513
2022-11-02,Q4,0.009017677419354839,4,1.897863125477011
2022-11-09,Q4,0.012984064516129037,4,1.9225051027409867
2022-11-16,Q4,-0.0019335483870967741,4,1.9187878461003964
2022-11-23,Q4,0.028646064516129034,4,1.9737535665325527
2022-11-30,Q4,0.013918354838709675,4,2.0012249690357216
2022-12-07,Q4,0.005767133333333333,4,2.0127663002621463
2022-12-14,Q4,-0.04073196666666667,4,1.9307823704120786
2022-12-21,Q4,0.007402433333333334,4,1.9450748581902293
2022-12-28,Q4,0.016242866666666668,4,1.976668449768499
2023-01-05,Q4,0.01747253125,4,2.011205851027968
2023-01-12,Q4,0.0369139375,4,2.0854473781124487
2023-01-19,Q4,0.027139125,4,2.1420445951879645
2023-02-02,Q4,-0.01035559375,4,2.119862451565815
2023-02-09,Q4,-0.004886187500000001,4,2.1095044061532544
2023-02-16,Q4,0.007306937500000001,4,2.124918423004991
2023-02-23,Q4,0.01164078125,4,2.149654133541287
2023-03-02,Q4,-0.01441528125,4,2.1186662646160643
2023-03-09,Q4,-0.0155066875,4,2.085812768933871
2023-03-16,Q4,0.018809812500000002,4,2.125046516027623
2023-03-23,Q4,-0.016688718749999998,4,2.0895822123909706
2023-03-30,Q4,0.028608968749999998,4,2.14936300460582
2023-04-07,Q4,0.0070356875,4,2.164485251030287
2023-04-14,Q4,-0.007393531250000001,4,2.148482061686631
2023-04-21,Q4,0.0022935937499999996,4,2.1534098067153025
2023-04-28,Q4,0.0009895625000000004,4,2.1555407403071603
2023-05-10,Q4,-0.01172221875,4,2.1302730202247426
2023-05-17,Q4,-0.03585515625,4,2.053891748229425
2023-05-24,Q4,-0.003983218749999999,4,2.0457106481074074
2023-05-31,Q4,-0.0025391875,4,2.0405162052011163
2023-06-07,Q4,0.018890187500000002,4,2.079061938914154
2023-06-14,Q4,-0.004434687500000001,4,2.0698419489219253
2023-06-21,Q4,0.00968509375,4,2.0898885622449166
2023-06-30,Q4,0.00099590909090909,4,2.091969901263043
2023-07-07,Q4,0.010152939393939393,4,2.113209544884512
2023-07-14,Q4,-0.01066769696969697,4,2.090666465826213
2023-07-21,Q4,0.05535951515151515,4,2.2064047477178836
2023-07-28,Q4,0.007998,4,2.224051572890131
2023-08-04,Q4,-0.031423909090909086,4,2.1541631784501383
2023-08-11,Q4,-0.02931509090909091,4,2.091013689040856
2023-08-18,Q4,-0.020739303030303028,4,2.047647522503326
2023-08-25,Q4,0.02776548484848485,4,2.1045014487644296
2023-09-01,Q4,-0.016682,4,2.0693941555961413
2023-09-08,Q4,-0.00044969696969697026,4,2.068463555315261
2023-09-15,Q4,-0.002952060606060606,4,2.062357325538543
2023-09-22,Q4,-0.025755000000000004,4,2.009241312619298
2023-10-09,Q4,-0.01680830303030303,4,1.9754693757757888
2023-10-16,Q4,-0.038084575757575755,4,1.900234462677285
2023-10-23,Q4,0.022629545454545454,4,1.9432359048247345
2023-10-30,Q4,0.0055246060606060615,4,1.9539715176817165
2023-11-06,Q4,-0.0025023030303030305,4,1.9490820888318956
2023-11-13,Q4,-0.0014488787878787876,4,1.9462581051375525
2023-11-20,Q4,-0.015416878787878788,4,1.9162528798407201
2023-11-27,Q4,-0.0195189696969697,4,1.878849597947378
2023-12-04,Q4,-0.015218757575757575,4,1.8502558413949075
2023-12-11,Q4,-0.03685357575757575,4,1.7820672975731633
2023-12-18,Q4,0.006427030303030303,4,1.7935206980967053
2023-12-25,Q4,0.012326878787878788,4,1.815629210345695
2024-01-02,Q4,-0.028844571428571428,4,1.763258163900078
2024-01-09,Q4,0.0016120285714285706,4,1.7661005864390895
2024-01-16,Q4,-0.036013857142857146,4,1.702496492219156
2024-01-23,Q4,0.026541628571428572,4,1.747683521759797
2024-01-30,Q4,0.014823914285714288,4,1.7735910324849196
2024-02-06,Q4,0.04465622857142858,4,1.852792919023802
2024-02-21,Q4,0.0043496571428571435,4,1.8608519329782691
2024-02-28,Q4,0.029772371428571427,4,1.9162539079004732
2024-03-06,Q4,0.004637342857142856,4,1.9251402342727477
2024-03-13,Q4,0.013921971428571432,4,1.9519419816102863
2024-03-20,Q4,-0.022416885714285715,4,1.9081855212876122
2024-03-27,Q4,0.01869377142857143,4,1.9438567052658724
2024-04-03,Q4,-0.022064942857142854,4,1.900965618141707
2024-04-12,Q4,0.017838485714285715,4,1.934875966164276
2024-04-19,Q4,0.010503914285714285,4,1.955199737466354
2024-04-26,Q4,0.009268600000000002,4,1.9733217017530345
2024-05-08,Q4,0.0019688285714285713,4,1.977206833900066
2024-05-15,Q4,0.01293577142857143,4,2.0027835295704066
2024-05-22,Q4,-0.022259828571428573,4,1.9582019115364886
2024-05-29,Q4,-0.007969342857142857,4,1.9425963291199417
2024-06-05,Q4,-0.009486885714285714,4,1.92416713975659
2024-06-13,Q4,-0.009606371428571429,4,1.9056828755214363
2024-06-20,Q4,-0.02044542857142857,4,1.8667203724101682
2024-06-27,Q4,-0.00821874285714286,4,1.8513782776831391
2024-07-04,Q4,0.026567459459459455,4,1.9005646950196096
2024-07-11,Q4,0.002318513513513514,4,1.9049711799483193
2024-07-18,Q4,-0.039887216216216215,4,1.8289871826080601
2024-07-25,Q4,0.015499222222222223,4,1.8573350613928987
2024-08-01,Q4,-0.01572933333333333,4,1.8281204191005627
2024-08-08,Q4,0.011950216216216216,4,1.8499668533780942
2024-08-15,Q4,-0.013189891891891892,4,1.8255659905784536
2024-08-22,Q4,-0.016124891891891893,4,1.7961289363388615
2024-08-29,Q4,-0.0039842162162162156,4,1.788972770304285
2024-09-05,Q4,-0.027566305555555556,4,1.7396574002875085
2024-09-12,Q4,0.033794138888888894,4,1.798447624091908
2024-09-23,Q4,0.23022225,4,2.2124902826175012
2024-09-30,Q4,-0.021344916666666672,4,2.165264861909221
2024-10-14,Q4,-0.005495972972972971,4,2.1533646247488396
2024-10-21,Q4,0.035031162162162156,4,2.2287994901126797
2024-10-28,Q4,-0.005559864864864865,4,2.2164076661367735
2024-11-04,Q4,0.0683510810810811,4,2.367901526233618
2024-11-11,Q4,-0.01573289189189189,4,2.3306475875107386
2024-11-18,Q4,-0.03447143243243243,4,2.2503068266740507
2024-11-25,Q4,0.03056505405405405,4,2.31908757646955
2024-12-02,Q4,0.003749486486486487,4,2.327782963998501
2024-12-09,Q4,-0.01887263888888889,4,2.28385155670725
2024-12-16,Q4,-0.0004692777777777783,4,2.2827797959239438
2024-12-23,Q4,0.011073944444444447,4,2.308059172562906
2024-12-30,Q4,-0.054178888888888894,4,2.1830110911036393
2025-01-07,Q4,-0.0015800277777777785,4,2.1795618729404986
2025-01-14,Q4,-0.0040010555555555554,4,2.170841324800093
2025-01-21,Q4,-0.003186194444444445,4,2.163924602231244
2025-02-05,Q4,0.04077388888888888,4,2.252156223526554
2025-02-12,Q4,-0.008121972222222223,4,2.2338642732389666
2025-02-19,Q4,0.000628472222222222,4,2.235268194882912
2025-02-26,Q4,-0.010966361111111112,4,2.2107554366776445
2025-03-05,Q4,-0.0008035555555555551,4,2.2089789718645276
2025-03-12,Q4,0.01601088888888889,4,2.2443466887409422
2025-03-19,Q4,-0.00474138888888889,4,2.2337053682881316
2025-03-26,Q4,-0.013030638888888888,4,2.2045987602497963
2025-04-02,Q4,-0.015134749999999999,4,2.171232709163106
2025-04-10,Q4,0.007662916666666666,4,2.1878706844773634
2025-04-17,Q4,0.00044347222222222195,4,2.1888409443517434
2025-04-24,Q4,0.005277138888888889,4,2.2003917620207742
2025-05-06,Q4,0.024538805555555557,4,2.2543867476150483
2025-05-13,Q4,0.0003147222222222218,4,2.255096253222006
2025-05-20,Q4,-0.005648472222222223,4,2.242358404677244
2025-05-27,Q4,0.009475323529411763,4,2.2636054760304565
2025-06-04,Q4,0.011527628571428573,4,2.289699479190387
2025-06-11,Q4,0.0008074285714285715,4,2.2915482479698706
2025-06-18,Q4,0.016231600000000002,4,2.328743742511618
2025-06-25,Q4,0.0105328,4,2.3532719346027444
2025-07-02,Q4,0.009624314285714287,4,2.375920563301112
2025-07-09,Q4,-0.0025409428571428567,4,2.369883484916653
2025-07-16,Q4,0.03249537142857143,4,2.4468937290014567
2025-07-23,Q4,0.009568199999999999,4,2.470306097579288
2025-07-30,Q4,-0.012450685714285712,4,2.439549092740245
2025-08-06,Q4,0.005365114285714285,4,2.4526375524284068
2025-08-13,Q4,0.019002914285714288,4,2.499244813611128
2025-08-20,Q4,0.007995828571428571,4,2.519228346698794
2025-08-27,Q4,0.00046505714285714284,4,2.5203999318359145
2025-09-03,Q4,-0.005813257142857142,4,2.5057481989293127
2025-09-10,Q4,0.006018542857142858,4,2.520829151853777
2025-09-17,Q4,-0.012847771428571427,4,2.4884421151002805
2025-09-24,Q4,0.031239885714285716,4,2.5661807623826287
2025-10-09,Q4,0.009528485714285714,4,2.5906325791172664
2025-10-16,Q4,-0.003243885714285714,4,2.582228863102905
2025-10-23,Q4,0.018038399999999996,4,2.6288081402271004
2025-10-30,Q4,0.0023493428571428566,4,2.6349841118541417
2025-11-06,Q4,0.01673325714285714,4,2.67907597856514
2025-11-13,Q4,-0.019100314285714286,4,2.6279047853792386
2025-11-20,Q4,-0.019312914285714286,4,2.577152285508191
2025-11-27,Q4,0.002804666666666668,4,2.5843803386182795
2025-12-04,Q4,-0.01076244117647059,4,2.556566097246273
2025-12-11,Q4,0.0060975,4,2.572154759024232
2025-12-18,Q4,0.018858411764705884,4,2.6206615125924593
2025-12-25,Q4,0.023468764705882356,4,2.6821652010052537
2026-01-05,Q4,0.02240497058823529,4,2.7422590334465644
2026-01-12,Q4,-0.02161991176470588,4,2.682971635107482
2026-01-19,Q4,0.01131229411764706,4,2.7133221993531222
2026-01-26,Q4,-0.03182238235294117,4,2.6269778228785836
2026-02-02,Q4,0.026077235294117648,4,2.6954821416782173
2026-02-09,Q4,-0.0043750588235294124,4,2.683689248750602
2026-02-24,Q4,-0.0013364117647058822,4,2.680102734865757
2026-03-03,Q4,-0.02370358823529412,4,2.6165746832102132
2026-03-10,Q4,-0.0053932058823529415,4,2.6024629572371083
2026-03-17,Q4,-0.03857479411764705,4,2.502073484462884
2026-03-24,Q4,-0.002080911764705881,4,2.4968668903129063
2026-03-31,Q4,0.02366394117647059,4,2.555952601530748
2026-04-08,Q4,-0.002795735294117647,4,2.5488068346325563
2026-04-15,Q4,0.003765411764705883,4,2.5584041418736447
2026-04-22,Q4,-0.0024765588235294124,4,2.5520681035219335
2026-04-29,Q4,0.0024845882352941186,4,2.5584089419076137
2026-05-11,Q4,-0.035274764705882346,4,2.468161668460397
2026-05-18,Q4,0.001215058823529412,4,2.4711606300735567
2026-05-25,Q4,-0.013119970588235292,4,2.4387390752881863
2026-06-01,Q4,-0.045502468750000004,4,2.3277704267254817
2026-06-08,Q4,0.042628,4,2.4269986244759356
2026-06-15,Q4,-0.02459636363636364,4,2.367303283763371
2026-06-23,Q4,-0.029959727272727277,4,2.296379523009989
2026-06-30,Q4,0.01285081818181818,4,2.3258898787366404
2026-07-07,Q4,0.010987515151515153,4,2.3514456290200147
2026-07-14,Q4,0.03190351515151515,4,2.426465010273419
2026-07-21,Q4,0.000471818181818181,4,2.4276098605828116
2026-07-28,Q4,0.015297969696969697,4,2.4647473626660723
2026-08-04,Q4,-0.002544060606060606,4,2.4584768959968217
2026-08-11,Q4,-0.005682060606060606,4,2.444507681275168
2026-08-18,Q4,0.00010563636363636373,4,2.4447659101774994
2020-04-03,Q5 最弱,0.006238680000000001,5,1.00623868
2020-04-13,Q5 最弱,0.04073704,5,1.0472298653567071
2020-04-20,Q5 最弱,-0.03275796,5,1.0129247513165467
2020-04-27,Q5 最弱,0.06384032,5,1.0775901915765154
2020-05-07,Q5 最弱,0.0005866799999999997,5,1.0782223921901095
2020-05-14,Q5 最弱,-0.00754192,5,1.0700905251660031
2020-05-21,Q5 最弱,-0.014223920000000001,5,1.0548696431432838
2020-05-28,Q5 最弱,0.03287544,5,1.0895489468042623
2020-06-04,Q5 最弱,0.015463520000000001,5,1.106397208734149
2020-06-11,Q5 最弱,0.016934400000000002,5,1.1251333816257365
2020-06-18,Q5 最弱,-0.0013556799999999997,5,1.1236080608029342
2020-06-29,Q5 最弱,0.13331476,5,1.2734015997629426
2020-07-06,Q5 最弱,0.06166276923076923,5,1.3519230687472172
2020-07-13,Q5 最弱,-0.006675500000000001,5,1.3428983063017952
2020-07-20,Q5 最弱,-0.04154684615384615,5,1.287105116969614
2020-07-27,Q5 最弱,0.05932076923076923,5,1.3634571825891109
2020-08-03,Q5 最弱,0.022811769230769233,5,1.3945600531943685
2020-08-10,Q5 最弱,0.020374076923076925,5,1.4229729269920008
2020-08-17,Q5 最弱,-0.021548192307692313,5,1.3923104327125373
2020-08-24,Q5 最弱,0.0068522692307692295,5,1.4018509186502925
2020-08-31,Q5 最弱,-0.024645269230769228,5,1.3673019253387548
2020-09-07,Q5 最弱,0.007710807692307693,5,1.3778449275423639
2020-09-14,Q5 最弱,0.007089153846153847,5,1.3876126822098545
2020-09-21,Q5 最弱,-0.03021503846153846,5,1.3456859116471651
2020-09-28,Q5 最弱,0.03718765384615385,5,1.3957288135151458
2020-10-13,Q5 最弱,-0.004291730769230769,5,1.3897387212206809
2020-10-20,Q5 最弱,-0.03561284615384615,5,1.3402461699478059
2020-10-27,Q5 最弱,0.02824434615384615,5,1.3781005467031782
2020-11-03,Q5 最弱,0.04038511538461538,5,1.4337552962933875
2020-11-10,Q5 最弱,-0.0060515000000000005,5,1.425078926117868
2020-11-17,Q5 最弱,0.03749961538461539,5,1.478518837740009
2020-11-24,Q5 最弱,0.021852115384615383,5,1.510827601980631
2020-12-01,Q5 最弱,-0.0005133076923076914,5,1.5100520825507835
2020-12-08,Q5 最弱,-0.00890976,5,1.4965978809077558
2020-12-15,Q5 最弱,-0.014711,5,1.4745814294817217
2020-12-22,Q5 最弱,0.011049680000000001,5,1.4908750824114372
2020-12-29,Q5 最弱,0.04575132,5,1.5590845853868691
2021-01-06,Q5 最弱,0.04416378571428571,5,1.627939662926341
2021-01-13,Q5 最弱,-0.007528035714285717,5,1.6156844750031292
2021-01-20,Q5 最弱,0.014683464285714291,5,1.6394083202888208
2021-01-27,Q5 最弱,-0.020879821428571428,5,1.605177767312676
2021-02-03,Q5 最弱,0.03377539285714286,5,1.659393277009213
2021-02-10,Q5 最弱,-0.009143035714285713,5,1.6442213850134721
2021-02-24,Q5 最弱,-0.01953642857142857,5,1.6120991713695412
2021-03-03,Q5 最弱,-0.07520739285714285,5,1.4908573956636777
2021-03-10,Q5 最弱,0.03615078571428572,5,1.5447530619048735
2021-03-17,Q5 最弱,-0.05250085714285714,5,1.4636522020808147
2021-03-24,Q5 最弱,0.05451889285714285,5,1.54344889966618
2021-03-31,Q5 最弱,0.03589157142857143,5,1.5988457060948986
2021-04-08,Q5 最弱,-0.03588875000000001,5,1.5414651322602853
2021-04-15,Q5 最弱,0.026664750000000004,5,1.5825679146457226
2021-04-22,Q5 最弱,0.015752285714285715,5,1.6074969765994833
2021-04-29,Q5 最弱,-0.03531810714285714,5,1.5507232261481239
2021-05-11,Q5 最弱,0.04918421428571428,5,1.6269943296008271
2021-05-18,Q5 最弱,0.0248765,5,1.667468254041142
2021-05-25,Q5 最弱,0.024397035714285715,5,1.7081495365874215
2021-06-01,Q5 最弱,-0.026462714285714284,5,1.6629472634434332
2021-06-08,Q5 最弱,-0.02259111111111111,5,1.6253794370430645
2021-06-16,Q5 最弱,0.007416777777777778,5,1.6374345151321825
2021-06-23,Q5 最弱,0.032039481481481474,5,1.6898970679568988
2021-06-30,Q5 最弱,-0.020112137931034488,5,1.6559096250368988
2021-07-07,Q5 最弱,-0.006606137931034481,5,1.6449704576525774
2021-07-14,Q5 最弱,0.02436741379310345,5,1.6850541334716285
2021-07-21,Q5 最弱,-0.06755699999999999,5,1.5712169313766857
2021-07-28,Q5 最弱,0.028596310344827583,5,1.6161479383653812
2021-08-04,Q5 最弱,0.03616013793103449,5,1.6745880707336305
2021-08-11,Q5 最弱,-0.004306482758620691,5,1.6673764860792242
2021-08-18,Q5 最弱,-0.003287620689655174,5,1.6618947846461456
2021-08-25,Q5 最弱,-0.00530744827586207,5,1.6530743640367114
2021-09-01,Q5 最弱,0.010967586206896548,5,1.6712045996306946
2021-09-08,Q5 最弱,-0.03933527586206896,5,1.6054673056822626
2021-09-15,Q5 最弱,-0.008604965517241377,5,1.5916523148778083
2021-09-24,Q5 最弱,-0.0020378965517241373,5,1.588408692113775
2021-10-08,Q5 最弱,0.015174241379310345,5,1.6125115890169042
2021-10-15,Q5 最弱,-0.005465137931034482,5,1.6036989907675352
2021-10-22,Q5 最弱,0.014842965517241378,5,1.6275026395875323
2021-10-29,Q5 最弱,-0.03287431034482759,5,1.5739996127267057
2021-11-05,Q5 最弱,0.002532655172413793,5,1.5779860109872554
2021-11-12,Q5 最弱,0.005848689655172414,5,1.5872151614457233
2021-11-19,Q5 最弱,0.003416620689655171,5,1.592638073605253
2021-11-26,Q5 最弱,0.03158117241379311,5,1.6429354512005518
2021-12-03,Q5 最弱,0.04522079310344828,5,1.7172302953216125
2021-12-10,Q5 最弱,-0.030734379310344825,5,1.6644522880619825
2021-12-17,Q5 最弱,-0.015227034482758618,5,1.6391076156767561
2021-12-24,Q5 最弱,0.008287482758620691,5,1.6526916917812013
2021-12-31,Q5 最弱,-0.040902999999999995,5,1.5850916435122748
2022-01-10,Q5 最弱,-0.011393516129032256,5,1.5670318763059234
2022-01-17,Q5 最弱,0.0038455161290322586,5,1.5730579226609656
2022-01-24,Q5 最弱,-0.029776066666666663,5,1.5262184450852845
2022-02-07,Q5 最弱,-0.019615161290322577,5,1.4962814241206712
2022-02-14,Q5 最弱,0.02500012903225806,5,1.5336886527922589
2022-02-21,Q5 最弱,0.00353667741935484,5,1.53911281481891
2022-02-28,Q5 最弱,-0.045665064516129034,5,1.4688291288326034
2022-03-07,Q5 最弱,-0.05421145161290322,5,1.389201769587272
2022-03-14,Q5 最弱,0.03978383870967741,5,1.4444695487237305
2022-03-21,Q5 最弱,-0.04438041935483871,5,1.3803633844060768
2022-03-28,Q5 最弱,0.013881096774193549,5,1.3995243421285708
2022-04-06,Q5 最弱,-0.030128451612903225,5,1.35735884070567
2022-04-13,Q5 最弱,-0.0035422903225806475,5,1.352550681619969
2022-04-20,Q5 最弱,-0.051270709677419354,5,1.283204448298636
2022-04-27,Q5 最弱,0.0161339,5,1.3039075405470415
2022-05-09,Q5 最弱,0.03623587096774194,5,1.3511557659401698
2022-05-16,Q5 最弱,0.045968064516129045,5,1.4132657813602474
2022-05-23,Q5 最弱,-0.0017232903225806433,5,1.4108303141159948
2022-05-30,Q5 最弱,0.047631967741935476,5,1.4780309381273125
2022-06-07,Q5 最弱,-0.009063700000000001,5,1.4646345091134079
2022-06-14,Q5 最弱,0.035086599999999996,5,1.5160235542808664
2022-06-21,Q5 最弱,0.025517599999999994,5,1.5547088369295838
2022-06-28,Q5 最弱,-0.016350133333333336,5,1.5292891401512736
2022-07-05,Q5 最弱,-0.029206193548387094,5,1.4846244255325691
2022-07-12,Q5 最弱,0.006312741935483871,5,1.4939964764020721
2022-07-19,Q5 最弱,0.0010439677419354836,5,1.495556160530001
2022-07-26,Q5 最弱,-0.03542745161290322,5,1.442572417018445
2022-08-02,Q5 最弱,0.03353370967741935,5,1.4909472216393946
2022-08-09,Q5 最弱,-0.002113516129032257,5,1.487796080638924
2022-08-16,Q5 最弱,-0.0007575806451612907,5,1.4866689551242853
2022-08-23,Q5 最弱,-0.00596841935483871,5,1.4777958913582836
2022-08-30,Q5 最弱,-0.001159225806451613,5,1.476082792224353
2022-09-06,Q5 最弱,0.009026548387096772,5,1.489406724971727
2022-09-14,Q5 最弱,-0.046605645161290336,5,1.4199919636468552
2022-09-21,Q5 最弱,-0.041161870967741945,5,1.3615424376639929
2022-09-28,Q5 最弱,-0.020360129032258065,5,1.3338212579502589
2022-10-12,Q5 最弱,0.017150870967741934,5,1.356697454239395
2022-10-19,Q5 最弱,0.0038029677419354844,5,1.3618569308934336
2022-10-26,Q5 最弱,0.03243809677419354,5,1.406032977810361
2022-11-02,Q5 最弱,0.018919,5,1.4326337157175553
2022-11-09,Q5 最弱,0.05459822580645162,5,1.5108529748262383
2022-11-16,Q5 最弱,-0.023524774193548384,5,1.4753104997538002
2022-11-23,Q5 最弱,0.019041580645161288,5,1.5034027436115156
2022-11-30,Q5 最弱,0.025643193548387098,5,1.541954791147122
2022-12-07,Q5 最弱,-0.00634841935483871,5,1.5321658155067173
2022-12-14,Q5 最弱,-0.034046516129032256,5,1.480000907356716
2022-12-21,Q5 最弱,0.018358,5,1.5071707640139707
2022-12-28,Q5 最弱,0.02018677419354839,5,1.5375956798982384
2023-01-05,Q5 最弱,0.00921,5,1.5517569361101011
2023-01-12,Q5 最弱,0.030193093749999997,5,1.598609278759286
2023-01-19,Q5 最弱,0.00709828125,5,1.609956657028779
2023-02-02,Q5 最弱,-0.006552874999999999,5,1.5994068122998517
2023-02-09,Q5 最弱,-0.007871125,5,1.5868176813543882
2023-02-16,Q5 最弱,0.00720446875,5,1.5982498597516532
2023-02-23,Q5 最弱,0.0007029999999999998,5,1.5993734294030584
2023-03-02,Q5 最弱,-0.014770937500000001,5,1.575749184438185
2023-03-09,Q5 最弱,-0.025937093749999997,5,1.5348788301149259
2023-03-16,Q5 最弱,0.029592124999999997,5,1.5802991563155404
2023-03-23,Q5 最弱,0.01580659375,5,1.6052783030828879
2023-03-30,Q5 最弱,0.01252384375,5,1.625382557725963
2023-04-07,Q5 最弱,0.00851425,5,1.6392214711680813
2023-04-14,Q5 最弱,-0.0136051875,5,1.6169195556988138
2023-04-21,Q5 最弱,-0.018732437499999997,5,1.586630711179158
2023-04-28,Q5 最弱,-0.009504875,5,1.571549984598239
2023-05-10,Q5 最弱,-0.0230874375,5,1.5352669225507012
2023-05-17,Q5 最弱,-0.0198701875,5,1.5047608809370707
2023-05-24,Q5 最弱,-0.01848559375,5,1.476944482601176
2023-05-31,Q5 最弱,-0.012375406249999998,5,1.4586666946202904
2023-06-07,Q5 最弱,0.0194405625,5,1.4870239956637246
2023-06-14,Q5 最弱,0.0013626250000000001,5,1.489050251735816
2023-06-21,Q5 最弱,0.0012684999999999992,5,1.4909391119801427
2023-06-30,Q5 最弱,0.006761852941176469,5,1.5010206229996006
2023-07-07,Q5 最弱,0.017827235294117644,5,1.5277796708271374
2023-07-14,Q5 最弱,-0.027392558823529412,5,1.4859298763246127
2023-07-21,Q5 最弱,0.04175538235294117,5,1.5479754464602054
2023-07-28,Q5 最弱,0.006346117647058823,5,1.5577990807582
2023-08-04,Q5 最弱,-0.031480676470588234,5,1.5087585118906714
2023-08-11,Q5 最弱,-0.03213394117647059,5,1.4602761546200773
2023-08-18,Q5 最弱,-0.025470499999999997,5,1.4230821908238267
2023-08-25,Q5 最弱,0.020328088235294115,5,1.452010731164969
2023-09-01,Q5 最弱,-0.002382147058823529,5,1.4485518280723442
2023-09-08,Q5 最弱,-0.012547029411764707,5,1.430376805681055
2023-09-15,Q5 最弱,0.007012500000000001,5,1.4404073230308936
2023-09-22,Q5 最弱,-0.009451911764705882,5,1.4267927201083694
2023-10-09,Q5 最弱,-0.02905944117647059,5,1.3853309209873637
2023-10-16,Q5 最弱,-0.050269264705882354,5,1.3156913542150062
2023-10-23,Q5 最弱,0.025334470588235295,5,1.3490236981315615
2023-10-30,Q5 最弱,0.01556314705882353,5,1.3700187523314211
2023-11-06,Q5 最弱,-0.008246647058823529,5,1.3587206912169743
2023-11-13,Q5 最弱,-0.005785058823529412,5,1.3508604120935375
2023-11-20,Q5 最弱,-0.030838470588235294,5,1.3092019430063795
2023-11-27,Q5 最弱,-0.024201029411764705,5,1.2775179082777426
2023-12-04,Q5 最弱,-0.004094941176470588,5,1.2722865475914575
2023-12-11,Q5 最弱,-0.02980779411764706,5,1.2343624921221994
2023-12-18,Q5 最弱,0.015569794117647065,5,1.2535812619910878
2023-12-25,Q5 最弱,0.015883088235294118,5,1.2734920037854034
2024-01-02,Q5 最弱,-0.031142555555555555,5,1.2338322083079607
2024-01-09,Q5 最弱,0.01612197222222222,5,1.2537240168971846
2024-01-16,Q5 最弱,-0.011578583333333333,5,1.2392076688905391
2024-01-23,Q5 最弱,-0.03351811111111111,5,1.197671768554925
2024-01-30,Q5 最弱,-0.014161111111111105,5,1.1807114055657777
2024-02-06,Q5 最弱,0.05658041666666666,5,1.247516548855775
2024-02-21,Q5 最弱,0.019227777777777774,5,1.271503519831274
2024-02-28,Q5 最弱,0.043823499999999994,5,1.3272252543326
2024-03-06,Q5 最弱,0.01450797222222222,5,1.3464806014550892
2024-03-13,Q5 最弱,-0.0018497499999999996,5,1.3439899489625478
2024-03-20,Q5 最弱,-0.03590954285714285,5,1.2957278842907078
2024-03-27,Q5 最弱,0.027864499999999997,5,1.3318326939225262
2024-04-03,Q5 最弱,-0.024051722222222224,5,1.2997998239218278
2024-04-12,Q5 最弱,-0.0031114722222222234,5,1.2957555328752457
2024-04-19,Q5 最弱,0.026166111111111112,5,1.3296604161212964
2024-04-26,Q5 最弱,0.021925444444444442,5,1.3588138117049406
2024-05-08,Q5 最弱,-0.00268325,5,1.3551677745446833
2024-05-15,Q5 最弱,0.020827666666666668,5,1.3833927572303084
2024-05-22,Q5 最弱,-0.028094833333333333,5,1.3445265682813825
2024-05-29,Q5 最弱,-0.001901305555555555,5,1.341970212447517
2024-06-05,Q5 最弱,-0.010216527777777777,5,1.3282599364950967
2024-06-13,Q5 最弱,-0.012624333333333333,5,1.3114915403034704
2024-06-20,Q5 最弱,-0.032723916666666665,5,1.2685744004295414
2024-06-27,Q5 最弱,-0.007899777777777776,5,1.2585529445715704
2024-07-04,Q5 最弱,0.014299324324324326,5,1.2765494013053327
2024-07-11,Q5 最弱,0.007802675675675675,5,1.2865099022676962
2024-07-18,Q5 最弱,-0.022971675675675672,5,1.2569566140392574
2024-07-25,Q5 最弱,0.027725216216216216,5,1.291806007937899
2024-08-01,Q5 最弱,-0.0352017027027027,5,1.2463322368969039
2024-08-08,Q5 最弱,-0.0059463513513513516,5,1.2389211075157993
2024-08-15,Q5 最弱,-0.02075983783783784,5,1.2132013062298967
2024-08-22,Q5 最弱,-0.007954270270270273,5,1.203551175147899
2024-08-29,Q5 最弱,-8.051351351351351e-05,5,1.2034542730140947
2024-09-05,Q5 最弱,-0.027153432432432435,5,1.1707763587262845
2024-09-12,Q5 最弱,0.005855621621621619,5,1.1776319820865255
2024-09-23,Q5 最弱,0.25685605405405404,5,1.480113886133125
2024-09-30,Q5 最弱,-0.025626783783783788,5,1.4421833275978153
2024-10-14,Q5 最弱,3.5297297297297645e-05,5,1.4422342327714865
2024-10-21,Q5 最弱,0.023472675675675677,5,1.4760873291656884
2024-10-28,Q5 最弱,-0.008394216216216216,5,1.4636967329706545
2024-11-04,Q5 最弱,0.0590991081081081,5,1.5501999044299717
2024-11-11,Q5 最弱,-0.05523156756756757,5,1.464579933665211
2024-11-18,Q5 最弱,-0.01576321621621622,5,1.4414934435049147
2024-11-25,Q5 最弱,0.02847391891891892,5,1.4825384109374269
2024-12-02,Q5 最弱,0.008194527777777775,5,1.4946871131274762
2024-12-09,Q5 最弱,-0.020123222222222223,5,1.46460919219732
2024-12-16,Q5 最弱,-0.006963166666666665,5,1.4544108742905182
2024-12-23,Q5 最弱,0.013998666666666668,5,1.4747706873160864
2024-12-30,Q5 最弱,-0.0574878611111111,5,1.3899892748729212
2025-01-07,Q5 最弱,0.01762525,5,1.4144881833398752
2025-01-14,Q5 最弱,-0.004857833333333333,5,1.4076168354932408
2025-01-21,Q5 最弱,-0.0009661944444444439,5,1.4062568039268808
2025-02-05,Q5 最弱,0.031814083333333326,5,1.4509955750750776
2025-02-12,Q5 最弱,0.007160000000000001,5,1.4613847033926153
2025-02-19,Q5 最弱,0.02212611111111111,5,1.4937194637159583
2025-02-26,Q5 最弱,-0.0057970277777777785,5,1.4850603304925896
2025-03-05,Q5 最弱,0.0069057222222222246,5,1.4953157446182128
2025-03-12,Q5 最弱,0.02289183333333334,5,1.5295462634247223
2025-03-19,Q5 最弱,-0.018413055555555554,5,1.5013826431014905
2025-03-26,Q5 最弱,-0.01819597222222222,5,1.474063526232689
2025-04-02,Q5 最弱,-0.033973472222222224,5,1.4239844699704318
2025-04-10,Q5 最弱,0.00010283333333333315,5,1.4241309030400937
2025-04-17,Q5 最弱,0.007673277777777777,5,1.4350586550510378
2025-04-24,Q5 最弱,0.017996694444444444,5,1.4608849671758468
2025-05-06,Q5 最弱,0.01579008333333333,5,1.4839524625479674
2025-05-13,Q5 最弱,-0.01718558333333333,5,1.4584498738401441
2025-05-20,Q5 最弱,-0.020801361111111114,5,1.428112131351941
2025-05-27,Q5 最弱,0.008468638888888892,5,1.4402062972852019
2025-06-04,Q5 最弱,0.010635514285714286,5,1.455523631934354
2025-06-11,Q5 最弱,-0.01547388888888889,5,1.43300102097865
2025-06-18,Q5 最弱,0.013563416666666666,5,1.452437410909942
2025-06-25,Q5 最弱,-0.003718527777777778,5,1.4470364820519896
2025-07-02,Q5 最弱,0.01176572222222222,5,1.4640619113452351
2025-07-09,Q5 最弱,0.005537777777777778,5,1.4721695608631737
2025-07-16,Q5 最弱,0.019373750000000002,5,1.5006910058929466
2025-07-23,Q5 最弱,0.018597694444444444,5,1.5286003986760694
2025-07-30,Q5 最弱,0.002257888888888889,5,1.5320518085317913
2025-08-06,Q5 最弱,-0.002632750000000001,5,1.5280182991328792
2025-08-13,Q5 最弱,0.024501771428571423,5,1.5654574542369073
2025-08-20,Q5 最弱,0.03502766666666667,5,1.6202917761247664
2025-08-27,Q5 最弱,0.007409916666666667,5,1.6322980031615362
2025-09-03,Q5 最弱,0.0038089166666666666,5,1.6385152902307447
2025-09-10,Q5 最弱,0.026033749999999998,5,1.6811719876677895
2025-09-17,Q5 最弱,0.0011171111111111136,5,1.6830500435749018
2025-09-24,Q5 最弱,0.04563255555555556,5,1.7598519181911136
2025-10-09,Q5 最弱,0.004710833333333335,5,1.768142287269059
2025-10-16,Q5 最弱,-0.016367194444444445,5,1.7392027586478815
2025-10-23,Q5 最弱,0.025606472222222218,5,1.7837376057760108
2025-10-30,Q5 最弱,-0.01809513888888889,5,1.7514606260581598
2025-11-06,Q5 最弱,-0.013652055555555554,5,1.7275495882878456
2025-11-13,Q5 最弱,-0.03379705555555555,5,1.6691634988775041
2025-11-20,Q5 最弱,-0.012728628571428572,5,1.6479173366753064
2025-11-27,Q5 最弱,0.01070239393939394,5,1.6655539971919624
2025-12-04,Q5 最弱,-0.010401970588235292,5,1.6482289535000538
2025-12-11,Q5 最弱,0.0005278235294117647,5,1.6490989275235688
2025-12-18,Q5 最弱,0.024860999999999998,5,1.6900971759607322
2025-12-25,Q5 最弱,0.0059802941176470585,5,1.700204454160382
2026-01-05,Q5 最弱,0.05625588235294116,5,1.795850955909575
2026-01-12,Q5 最弱,-0.024206823529411767,5,1.7523791087347464
2026-01-19,Q5 最弱,-0.00015888235294117629,5,1.7521006866187057
2026-01-26,Q5 最弱,-0.04380285294117647,5,1.675353677904612
2026-02-02,Q5 最弱,0.04696294117647059,5,1.7540332141298298
2026-02-09,Q5 最弱,-0.013476735294117647,5,1.7303945728059118
2026-02-24,Q5 最弱,-0.00025611764705882204,5,1.7299513882194415
2026-03-03,Q5 最弱,-0.0034520882352941195,5,1.7239794433845386
2026-03-10,Q5 最弱,-0.033360676470588234,5,1.6664663229318422
2026-03-17,Q5 最弱,-0.054817794117647055,5,1.575114315137372
2026-03-24,Q5 最弱,-0.02327620588235294,5,1.5384516300499933
2026-03-31,Q5 最弱,0.05355908823529412,5,1.620849696649573
2026-04-08,Q5 最弱,0.0038017352941176474,5,1.6270117381477855
2026-04-15,Q5 最弱,0.009972617647058825,5,1.6432373041196102
2026-04-22,Q5 最弱,0.013893470588235294,5,1.666067573273887
2026-04-29,Q5 最弱,0.03027973529411765,5,1.7165156583747334
2026-05-11,Q5 最弱,-0.036683558823529416,5,1.6535477552492344
2026-05-18,Q5 最弱,-0.002283647058823532,5,1.6497716357813352
2026-05-25,Q5 最弱,-0.01151941176470588,5,1.6307672369910378
2026-06-01,Q5 最弱,-0.039571705882352946,5,1.5662349955262511
2026-06-08,Q5 最弱,0.042378545454545447,5,1.63260975647666
2026-06-15,Q5 最弱,-0.0033072121212121227,5,1.627210369700831
2026-06-23,Q5 最弱,-0.03222654545454546,5,1.5747710007575595
2026-06-30,Q5 最弱,0.006176818181818182,5,1.5844980749072388
2026-07-07,Q5 最弱,-0.002065878787878788,5,1.581224693944853
2026-07-14,Q5 最弱,-0.019204636363636365,5,1.5508578486884401
2026-07-21,Q5 最弱,-0.03159469696969697,5,1.5018589649160528
2026-07-28,Q5 最弱,0.003617121212121213,5,1.507291370835665
2026-08-04,Q5 最弱,0.04008560606060606,5,1.5677120589455344
2026-08-11,Q5 最弱,0.018938757575757578,5,1.5974025775784957
2026-08-18,Q5 最弱,-0.037396181818181815,5,1.537665820350538
2020-04-03,基准 Benchmark,0.007388460317460319,0,1.0073884603174603
2020-04-13,基准 Benchmark,0.026057317460317465,0,1.0336383012338126
2020-04-20,基准 Benchmark,-0.017345357142857145,0,1.015709475742376
2020-04-27,基准 Benchmark,0.02814747619047619,0,1.0442991340272754
2020-05-07,基准 Benchmark,-0.00491661111111111,0,1.039164721301593
2020-05-14,基准 Benchmark,-0.004911206349206349,0,1.0340611689244654
2020-05-21,基准 Benchmark,-0.00931259523809524,0,1.0244313758068402
2020-05-28,基准 Benchmark,0.020185690476190486,0,1.0451102304729751
2020-06-04,基准 Benchmark,0.009961095238095234,0,1.0555206730130242
2020-06-11,基准 Benchmark,0.0069885999999999985,0,1.062897284788443
2020-06-18,基准 Benchmark,0.011867887999999998,0,1.0755116307198165
2020-06-29,基准 Benchmark,0.15562623999999997,0,1.24288946188501
2020-07-06,基准 Benchmark,0.03557418320610687,0,1.2871042393070469
2020-07-13,基准 Benchmark,-0.018854715384615386,0,1.2628362552045806
2020-07-20,基准 Benchmark,-0.028868236641221373,0,1.226380399350221
2020-07-27,基准 Benchmark,0.04484054961832061,0,1.2813719704982203
2020-08-03,基准 Benchmark,0.014112290076335878,0,1.2994550634415774
2020-08-10,基准 Benchmark,0.02129693893129771,0,1.3271294785716583
2020-08-17,基准 Benchmark,-0.01682512213740458,0,1.30480036300254
2020-08-24,基准 Benchmark,0.004348687022900762,0,1.3104745314086055
2020-08-31,基准 Benchmark,-0.022572908396946565,0,1.2808933098545876
2020-09-07,基准 Benchmark,0.0007097786259541986,0,1.2818024605480502
2020-09-14,基准 Benchmark,0.017421000000000006,0,1.3041327412132577
2020-09-21,基准 Benchmark,-0.03308352671755725,0,1.2609874308260878
2020-09-28,基准 Benchmark,0.04378751908396946,0,1.3162029420180306
2020-10-13,基准 Benchmark,-0.010037297709923664,0,1.3029918212423182
2020-10-20,基准 Benchmark,-0.01860068702290076,0,1.2787552781819904
2020-10-27,基准 Benchmark,0.01380718320610687,0,1.2964112865836253
2020-11-03,基准 Benchmark,0.03967967938931298,0,1.3478524707919504
2020-11-10,基准 Benchmark,-0.0007123282442748094,0,1.3468923574078897
2020-11-17,基准 Benchmark,0.031170068702290072,0,1.388875084722883
2020-11-24,基准 Benchmark,0.017846648854961834,0,1.4136618506633376
2020-12-01,基准 Benchmark,0.036576465648854965,0,1.465368604783222
2020-12-08,基准 Benchmark,-0.015275520325203252,0,1.442984336876941
2020-12-15,基准 Benchmark,-0.005907852459016394,0,1.4344593983140006
2020-12-22,基准 Benchmark,0.01780150806451613,0,1.4599949388613083
2020-12-29,基准 Benchmark,0.056917467741935485,0,1.543094153697336
2021-01-06,基准 Benchmark,0.026489124087591243,0,1.5839693662134613
2021-01-13,基准 Benchmark,-0.008972364963503652,0,1.5697574149687845
2021-01-20,基准 Benchmark,-0.0032145182481751818,0,1.564711401113159
2021-01-27,基准 Benchmark,-0.021616562043795622,0,1.530887720030362
2021-02-03,基准 Benchmark,0.03245343795620438,0,1.580570289670283
2021-02-10,基准 Benchmark,-0.009624481751824818,0,1.5653581197598747
2021-02-24,基准 Benchmark,0.0026778321167883214,0,1.5695498860072432
2021-03-03,基准 Benchmark,-0.0596023211678832,0,1.476001069612425
2021-03-10,基准 Benchmark,0.02778697080291971,0,1.5170146682388237
2021-03-17,基准 Benchmark,-0.02931187591240876,0,1.4725481225261032
2021-03-24,基准 Benchmark,0.026861474452554743,0,1.5121029362994958
2021-03-31,基准 Benchmark,0.016424481751824812,0,1.5369384433836277
2021-04-08,基准 Benchmark,-0.026430963503649634,0,1.496315679479199
2021-04-15,基准 Benchmark,0.018730737226277373,0,1.5243427752790824
2021-04-22,基准 Benchmark,0.004588605839416058,0,1.5313373834389996
2021-04-29,基准 Benchmark,-0.008400401459854014,0,1.5184735346476297
2021-05-11,基准 Benchmark,0.025239058394160584,0,1.5567983768585887
2021-05-18,基准 Benchmark,0.014138649635036497,0,1.5788094036613856
2021-05-25,基准 Benchmark,0.005975474452554745,0,1.5882435389184173
2021-06-01,基准 Benchmark,0.0023982043795620473,0,1.5920524715292625
2021-06-08,基准 Benchmark,-0.02140307407407407,0,1.557977654551309
2021-06-16,基准 Benchmark,0.01667552985074627,0,1.5839577574365749
2021-06-23,基准 Benchmark,0.014930089552238806,0,1.6076063886020664
2021-06-30,基准 Benchmark,-0.0018041241379310345,0,1.6047060671120972
2021-07-07,基准 Benchmark,-0.006305310344827587,0,1.5945878973467276
2021-07-14,基准 Benchmark,0.01326053103448276,0,1.6157329796467044
2021-07-21,基准 Benchmark,-0.046476186206896544,0,1.5406398728240205
2021-07-28,基准 Benchmark,0.040496694444444446,0,1.6030306950027027
2021-08-04,基准 Benchmark,0.012714986206896551,0,1.6234132081788937
2021-08-11,基准 Benchmark,-0.0023545034482758626,0,1.61959087618226
2021-08-18,基准 Benchmark,0.00973983448275862,0,1.635365423246061
2021-08-25,基准 Benchmark,0.022401427586206897,0,1.6719999433518944
2021-09-01,基准 Benchmark,0.03148682068965517,0,1.7246459057613293
2021-09-08,基准 Benchmark,-0.016991124137931034,0,1.695342233082564
2021-09-15,基准 Benchmark,-0.005205655172413794,0,1.6865168660179062
2021-09-24,基准 Benchmark,-0.004946724137931034,0,1.6781741323277475
2021-10-08,基准 Benchmark,-0.003808055172413793,0,1.6717835526429259
2021-10-15,基准 Benchmark,0.0018057793103448269,0,1.674802424793663
2021-10-22,基准 Benchmark,-0.004050537931034483,0,1.6680185740450477
2021-10-29,基准 Benchmark,-0.0199842,0,1.6346845572576167
2021-11-05,基准 Benchmark,0.00996515172413793,0,1.650974436891794
2021-11-12,基准 Benchmark,-0.00019726896551724207,0,1.650648750872533
2021-11-19,基准 Benchmark,-0.004815827586206896,0,1.642699511082943
2021-11-26,基准 Benchmark,0.023185448275862067,0,1.6807862356299403
2021-12-03,基准 Benchmark,0.02138943661971831,0,1.7167373062882418
2021-12-10,基准 Benchmark,-0.012520711267605636,0,1.6952425341538797
2021-12-17,基准 Benchmark,-0.002655874125874126,0,1.6907401833703393
2021-12-24,基准 Benchmark,0.007596720279720281,0,1.7035842636090865
2021-12-31,基准 Benchmark,-0.007899309210526317,0,1.6901271247446517
2022-01-10,基准 Benchmark,-0.016201144736842105,0,1.6627451305730008
2022-01-17,基准 Benchmark,0.00953695394736842,0,1.6786026543094865
2022-01-24,基准 Benchmark,-0.025919046357615893,0,1.635094874296422
2022-02-07,基准 Benchmark,-0.005902138157894737,0,1.6254443184470588
2022-02-14,基准 Benchmark,0.01699588157894737,0,1.6530701775965577
2022-02-21,基准 Benchmark,-0.0070227236842105275,0,1.6414611225086884
2022-02-28,基准 Benchmark,-0.027220177631578947,0,1.596780259178671
2022-03-07,基准 Benchmark,-0.04403201315789474,0,1.5264708097962492
2022-03-14,基准 Benchmark,0.010274532894736843,0,1.5421545843443565
2022-03-21,基准 Benchmark,-0.01978446710526316,0,1.5116438776991648
2022-03-28,基准 Benchmark,0.01922804605263158,0,1.5407098357947429
2022-04-06,基准 Benchmark,-0.024293407894736843,0,1.503280743306348
2022-04-13,基准 Benchmark,-0.00913746052631579,0,1.4895445748544156
2022-04-20,基准 Benchmark,-0.051934822368421056,0,1.4121853419495063
2022-04-27,基准 Benchmark,0.0104425761589404,0,1.4269321949333533
2022-05-09,基准 Benchmark,0.023661506578947368,0,1.4606955604514806
2022-05-16,基准 Benchmark,0.024478993421052635,0,1.496451917465933
2022-05-23,基准 Benchmark,0.0006849934210526313,0,1.4974769771843188
2022-05-30,基准 Benchmark,0.0335373947368421,0,1.5476984536774823
2022-06-07,基准 Benchmark,0.019401559999999998,0,1.577726218088413
2022-06-14,基准 Benchmark,0.010181433333333333,0,1.5937897323961325
2022-06-21,基准 Benchmark,0.027016440000000006,0,1.6368482570740286
2022-06-28,基准 Benchmark,-0.007822546666666666,0,1.624043935196815
2022-07-05,基准 Benchmark,-0.029162198717948718,0,1.5766832432319262
2022-07-12,基准 Benchmark,-0.004330737179487179,0,1.5698550424901874
2022-07-19,基准 Benchmark,-0.0031278846153846153,0,1.5649447170543984
2022-07-26,基准 Benchmark,-0.032488756410256406,0,1.5141016093465005
2022-08-02,基准 Benchmark,0.02449233333333333,0,1.5511854906631515
2022-08-09,基准 Benchmark,0.0043253846153846155,0,1.5578949645200737
2022-08-16,基准 Benchmark,0.00011268589743589744,0,1.5580705173122615
2022-08-23,基准 Benchmark,-0.005880716129032258,0,1.5489079468909337
2022-08-30,基准 Benchmark,0.005948967948717948,0,1.5581223506225024
2022-09-06,基准 Benchmark,0.002979846153846154,0,1.5627653155162267
2022-09-14,基准 Benchmark,-0.038148826923076924,0,1.5031476519732103
2022-09-21,基准 Benchmark,-0.025439519230769227,0,1.4649082983741522
2022-09-28,基准 Benchmark,-0.005795910256410256,0,1.4564178213429049
2022-10-12,基准 Benchmark,0.0031427051282051296,0,1.4609949130988487
2022-10-19,基准 Benchmark,-0.008541173076923076,0,1.4485163026815673
2022-10-26,基准 Benchmark,0.014528464516129031,0,1.4695610203861107
2022-11-02,基准 Benchmark,0.010205435897435895,0,1.4845585311770317
2022-11-09,基准 Benchmark,0.030706935897435894,0,1.5301447748298764
2022-11-16,基准 Benchmark,-0.0038035833333333333,0,1.5243247416667465
2022-11-23,基准 Benchmark,0.02104186538461538,0,1.5563993776833367
2022-11-30,基准 Benchmark,0.020935692307692308,0,1.5889836761623988
2022-12-07,基准 Benchmark,-0.0061605228758169935,0,1.5791947058761004
2022-12-14,基准 Benchmark,-0.03489980392156863,0,1.5240811202870452
2022-12-21,基准 Benchmark,0.007869437908496733,0,1.5360747820306562
2022-12-28,基准 Benchmark,0.017040679738562093,0,1.562250540445722
2023-01-05,基准 Benchmark,0.009046465838509318,0,1.5763833865910568
2023-01-12,基准 Benchmark,0.029143962732919255,0,1.6223254452626596
2023-01-19,基准 Benchmark,0.011818285714285713,0,1.6414985508963296
2023-02-02,基准 Benchmark,-0.006664565217391305,0,1.6305586767496276
2023-02-09,基准 Benchmark,-0.004547714285714286,0,1.623143361761678
2023-02-16,基准 Benchmark,0.013627285714285713,0,1.6452624001076503
2023-02-23,基准 Benchmark,0.014199950310559005,0,1.66862504443701
2023-03-02,基准 Benchmark,-0.010203192546583853,0,1.6515997418205672
2023-03-09,基准 Benchmark,-0.010924546583850931,0,1.6335567635031722
2023-03-16,基准 Benchmark,0.023874565217391307,0,1.6725572209897395
2023-03-23,基准 Benchmark,-0.005887937888198758,0,1.6627093079580937
2023-03-30,基准 Benchmark,0.028149763975155277,0,1.709514182536408
2023-04-07,基准 Benchmark,0.0042052795031055894,0,1.7167031674884965
2023-04-14,基准 Benchmark,-0.007916565217391305,0,1.7031127749041717
2023-04-21,基准 Benchmark,0.00016234161490683295,0,1.703389260982418
2023-04-28,基准 Benchmark,0.00023309937888198778,0,1.7037863199611472
2023-05-10,基准 Benchmark,-0.014485888198757764,0,1.6791054618156172
2023-05-17,基准 Benchmark,-0.02887416149068323,0,1.6306226995512647
2023-05-24,基准 Benchmark,-0.0008275652173913049,0,1.6292732529224272
2023-05-31,基准 Benchmark,-0.00845426708074534,0,1.615498941694706
2023-06-07,基准 Benchmark,0.01776710559006211,0,1.6442016819724294
2023-06-14,基准 Benchmark,-0.002107310559006212,0,1.640736838406873
2023-06-21,基准 Benchmark,0.002228683229813665,0,1.644393521083168
2023-06-30,基准 Benchmark,0.003334023952095809,0,1.6498759684691304
2023-07-07,基准 Benchmark,0.015053958083832336,0,1.6747131321419868
2023-07-14,基准 Benchmark,-0.01465441916167665,0,1.6501711839280138
2023-07-21,基准 Benchmark,0.042783610778443115,0,1.7207714655789927
2023-07-28,基准 Benchmark,0.007387197604790419,0,1.7334831444279095
2023-08-04,基准 Benchmark,-0.02881483832335329,0,1.6835331078849611
2023-08-11,基准 Benchmark,-0.02063973652694611,0,1.6487854281038248
2023-08-18,基准 Benchmark,-0.022689185628742514,0,1.6113758294636114
2023-08-25,基准 Benchmark,0.020369497005988023,0,1.6441987445973918
2023-09-01,基准 Benchmark,-0.009365239520958083,0,1.6288004295341785
2023-09-08,基准 Benchmark,-0.001675113772455089,0,1.626072003502085
2023-09-15,基准 Benchmark,0.003375898203592816,0,1.6315614570576202
2023-09-22,基准 Benchmark,-0.01135325149700599,0,1.6130379295028237
2023-10-09,基准 Benchmark,-0.01382110778443114,0,1.5907439584187895
2023-10-16,基准 Benchmark,-0.041127670658682634,0,1.5253203647946523
2023-10-23,基准 Benchmark,0.028756431137724553,0,1.5691831348278387
2023-10-30,基准 Benchmark,0.006437790419161676,0,1.5792852069791434
2023-11-06,基准 Benchmark,-0.006333389221556887,0,1.5692829790714975
2023-11-13,基准 Benchmark,-0.0003935988023952096,0,1.5686653111703157
2023-11-20,基准 Benchmark,-0.016975652694610776,0,1.542036193653805
2023-11-27,基准 Benchmark,-0.010317634730538922,0,1.5261260274664143
2023-12-04,基准 Benchmark,-0.010556778443113772,0,1.5100150531181822
2023-12-11,基准 Benchmark,-0.023888532934131738,0,1.4739430087907337
2023-12-18,基准 Benchmark,0.008231011976047902,0,1.4860750513481022
2023-12-25,基准 Benchmark,0.014852293413173652,0,1.5081466740447214
2024-01-02,基准 Benchmark,-0.02219567231638418,0,1.47467234466258
2024-01-09,基准 Benchmark,0.004547796610169492,0,1.481378854552747
2024-01-16,基准 Benchmark,-0.025606553672316387,0,1.4434458474046077
2024-01-23,基准 Benchmark,0.01720737288135593,0,1.4682837583349437
2024-01-30,基准 Benchmark,0.004872774011299435,0,1.4754383732737715
2024-02-06,基准 Benchmark,0.04839179096045197,0,1.546837478608265
2024-02-21,基准 Benchmark,0.0062562542372881355,0,1.5565148871382042
2024-02-28,基准 Benchmark,0.032545841807909606,0,1.6071729744266605
2024-03-06,基准 Benchmark,-0.0008651073446327677,0,1.6057825972823887
2024-03-13,基准 Benchmark,0.0072173389830508475,0,1.6173720746200595
2024-03-20,基准 Benchmark,-0.026466636363636362,0,1.5745656760563902
2024-03-27,基准 Benchmark,0.02068066101694915,0,1.607128735051836
2024-04-03,基准 Benchmark,-0.018580118644067795,0,1.5772680924782823
2024-04-12,基准 Benchmark,0.018778700564971752,0,1.6068871376976162
2024-04-19,基准 Benchmark,0.008576870056497175,0,1.6206691998731053
2024-04-26,基准 Benchmark,0.011655903954802259,0,1.6395595644093326
2024-05-08,基准 Benchmark,0.00448390395480226,0,1.6469111920243216
2024-05-15,基准 Benchmark,0.016318016949152546,0,1.6737855167695235
2024-05-22,基准 Benchmark,-0.014919847457627118,0,1.6488128921825367
2024-05-29,基准 Benchmark,-0.004682706214689266,0,1.6410919858054538
2024-06-05,基准 Benchmark,-0.009393627118644067,0,1.6256761796234023
2024-06-13,基准 Benchmark,-0.005728,0,1.6163643064665194
2024-06-20,基准 Benchmark,-0.018415926553672315,0,1.5865974601146544
2024-06-27,基准 Benchmark,-0.000651220338983051,0,1.5855642355788488
2024-07-04,基准 Benchmark,0.014705652173913045,0,1.6088809917266678
2024-07-11,基准 Benchmark,0.015239032608695654,0,1.6333987816231013
2024-07-18,基准 Benchmark,-0.026318086956521738,0,1.5904108504536678
2024-07-25,基准 Benchmark,0.016217027322404372,0,1.616202586669323
2024-08-01,基准 Benchmark,-0.020481229508196724,0,1.5831007705600073
2024-08-08,基准 Benchmark,-0.0008874347826086956,0,1.5816958718718377
2024-08-15,基准 Benchmark,-0.016614228260869564,0,1.5554172156172839
2024-08-22,基准 Benchmark,-0.01185283695652174,0,1.536981108961205
2024-08-29,基准 Benchmark,-0.008735597826086955,0,1.523554660127027
2024-09-05,基准 Benchmark,-0.024849612021857925,0,1.4856949179287766
2024-09-12,基准 Benchmark,0.015552708791208788,0,1.5088014983399018
2024-09-23,基准 Benchmark,0.2393439672131147,0,1.8699240346896657
2024-09-30,基准 Benchmark,-0.018918142076502734,0,1.8345485461291393
2024-10-14,基准 Benchmark,-0.006723967391304348,0,1.8222131015272023
2024-10-21,基准 Benchmark,0.017672722826086954,0,1.8544165686005567
2024-10-28,基准 Benchmark,-0.005983717391304349,0,1.8433202639282986
2024-11-04,基准 Benchmark,0.054099875000000006,0,1.9430436597917864
2024-11-11,基准 Benchmark,-0.035519918478260866,0,1.8740269073962805
2024-11-18,基准 Benchmark,-0.02424788043478261,0,1.82858572701417
2024-11-25,基准 Benchmark,0.02760566847826087,0,1.879065058378203
2024-12-02,基准 Benchmark,0.006949127777777777,0,1.8921229215716304
2024-12-09,基准 Benchmark,-0.014234383333333331,0,1.865189718592193
2024-12-16,基准 Benchmark,-0.0022923555555555554,0,1.8609140405786133
2024-12-23,基准 Benchmark,0.017309216666666665,0,1.8931250049050306
2024-12-30,基准 Benchmark,-0.05449312222222222,0,1.7899627126307955
2025-01-07,基准 Benchmark,0.004659083333333332,0,1.7983022980725019
2025-01-14,基准 Benchmark,-0.0038874444444444447,0,1.7913114977944282
2025-01-21,基准 Benchmark,0.0024157944444444445,0,1.7956389381590696
2025-02-05,基准 Benchmark,0.02858370555555555,0,1.8469649528514989
2025-02-12,基准 Benchmark,0.0002667444444444447,0,1.8474576204917554
2025-02-19,基准 Benchmark,0.007415077777777778,0,1.86115666243885
2025-02-26,基准 Benchmark,-0.011419486033519555,0,1.8399032099259378
2025-03-05,基准 Benchmark,0.0054847206703910615,0,1.8499945650929372
2025-03-12,基准 Benchmark,0.015010350000000002,0,1.87776363101308
2025-03-19,基准 Benchmark,-0.011349977653631287,0,1.85645105576228
2025-03-26,基准 Benchmark,-0.013063184357541899,0,1.832199893370104
2025-04-02,基准 Benchmark,-0.026153144444444443,0,1.7842821049076998
2025-04-10,基准 Benchmark,0.008937311111111111,0,1.8002287891892481
2025-04-17,基准 Benchmark,-0.0025387166666666666,0,1.79565851835832
2025-04-24,基准 Benchmark,0.008683222222222222,0,1.8112506203084515
2025-05-06,基准 Benchmark,0.01847262222222222,0,1.8447091687671753
2025-05-13,基准 Benchmark,-0.0018897722222222227,0,1.8412230886219605
2025-05-20,基准 Benchmark,-0.012208577777777778,0,1.818744373338279
2025-05-27,基准 Benchmark,0.009913960227272728,0,1.8367753327191307
2025-06-04,基准 Benchmark,0.00832790340909091,0,1.8520718202742164
2025-06-11,基准 Benchmark,-0.0019316179775280906,0,1.8484943250505015
2025-06-18,基准 Benchmark,0.017489629213483144,0,1.8808238053988626
2025-06-25,基准 Benchmark,0.0027465955056179773,0,1.8859896676096306
2025-07-02,基准 Benchmark,0.010105359550561797,0,1.9050482713094705
2025-07-09,基准 Benchmark,0.004212415730337079,0,1.9130731266145862
2025-07-16,基准 Benchmark,0.03769876404494382,0,1.9851936190155524
2025-07-23,基准 Benchmark,0.010199219101123596,0,2.005441043694044
2025-07-30,基准 Benchmark,-0.007866157303370785,0,1.9896659289817107
2025-08-06,基准 Benchmark,0.005142581920903955,0,1.9998979490167306
2025-08-13,基准 Benchmark,0.02019942613636364,0,2.040294739918159
2025-08-20,基准 Benchmark,0.02031949438202247,0,2.081752497423596
2025-08-27,基准 Benchmark,0.0005349943820224725,0,2.082866223314479
2025-09-03,基准 Benchmark,0.0017012259887005648,0,2.086409649464568
2025-09-10,基准 Benchmark,0.01351194943820225,0,2.114601111155511
2025-09-17,基准 Benchmark,-0.007470404494382025,0,2.0988041855109096
2025-09-24,基准 Benchmark,0.03699202808988764,0,2.176443208896503
2025-10-09,基准 Benchmark,1.2803370786517029e-05,0,2.176471074705902
2025-10-16,基准 Benchmark,-0.008232999999999999,0,2.1585521883478482
2025-10-23,基准 Benchmark,0.01979488202247191,0,2.201280474255542
2025-10-30,基准 Benchmark,0.0018827640449438202,0,2.2054249659853076
2025-11-06,基准 Benchmark,0.005210342696629213,0,2.216915985849793
2025-11-13,基准 Benchmark,-0.02728093258426966,0,2.156436450294835
2025-11-20,基准 Benchmark,-0.016862897727272726,0,2.1200726829781504
2025-11-27,基准 Benchmark,0.005649218934911241,0,2.1320494377222188
2025-12-04,基准 Benchmark,-0.005826597633136095,0,2.1196268435146575
2025-12-11,基准 Benchmark,0.007453171597633136,0,2.135424786102322
2025-12-18,基准 Benchmark,0.016525368421052632,0,2.1707134674281106
2025-12-25,基准 Benchmark,0.014760252941176468,0,2.202753747270168
2026-01-05,基准 Benchmark,0.030300228070175437,0,2.2694976881948876
2026-01-12,基准 Benchmark,-0.010919391812865498,0,2.244716153719095
2026-01-19,基准 Benchmark,0.006009795321637428,0,2.25820643835812
2026-01-26,基准 Benchmark,-0.03307414619883041,0,2.183518188468723
2026-02-02,基准 Benchmark,0.031518005847953216,0,2.2523383275019926
2026-02-09,基准 Benchmark,0.0007733684210526321,0,2.2540802148380092
2026-02-24,基准 Benchmark,0.004990017543859649,0,2.265328114655318
2026-03-03,基准 Benchmark,-0.0018644000000000004,0,2.2611046369183545
2026-03-10,基准 Benchmark,-0.010495535294117647,0,2.237373133397885
2026-03-17,基准 Benchmark,-0.043873608187134504,0,2.1392115011747648
2026-03-24,基准 Benchmark,-0.00915987134502924,0,2.119616599044197
2026-03-31,基准 Benchmark,0.024205912280701757,0,2.17092385250938
2026-04-08,基准 Benchmark,0.0006100526315789477,0,2.172248230318561
2026-04-15,基准 Benchmark,0.0072842046783625726,0,2.1880713310404123
2026-04-22,基准 Benchmark,0.003094947058823529,0,2.194843295970912
2026-04-29,基准 Benchmark,0.020945370588235295,0,2.2408151021881264
2026-05-11,基准 Benchmark,-0.02982975438596491,0,2.1739721380654937
2026-05-18,基准 Benchmark,0.0010728713450292404,0,2.176304530477316
2026-05-25,基准 Benchmark,-0.005690678362573099,0,2.163919881375359
2026-06-01,基准 Benchmark,-0.039430439759036144,0,2.078595568849407
2026-06-08,基准 Benchmark,0.0337780843373494,0,2.1488065452772434
2026-06-15,基准 Benchmark,-0.014195048192771086,0,2.118304132810091
2026-06-23,基准 Benchmark,-0.017679753012048195,0,2.0808530389376076
2026-06-30,基准 Benchmark,0.005580524096385542,0,2.092465289462436
2026-07-07,基准 Benchmark,0.005181277108433734,0,2.1033069319669195
2026-07-14,基准 Benchmark,0.012103102409638557,0,2.128763471163418
2026-07-21,基准 Benchmark,-0.0026991746987951814,0,2.123017566662334
2026-07-28,基准 Benchmark,0.008253620481927711,0,2.1405401479340305
2026-08-04,基准 Benchmark,0.008240668674698795,0,2.1581796300780454
2026-08-11,基准 Benchmark,4.615060240963806e-05,0,2.158279231368082
2026-08-18,基准 Benchmark,-0.01204613253012048,0,2.1322803137100155
2020-04-03,Q1-Q5 多空,-0.0022953338461538476,9,0.9977046661538461
2020-04-13,Q1-Q5 多空,-0.021930116923076923,9,0.9758248861703929
2020-04-20,Q1-Q5 多空,0.03157969076923077,9,1.0066411343205737
2020-04-27,Q1-Q5 多空,-0.05040285846153847,9,0.9559035437058513
2020-05-07,Q1-Q5 多空,-0.009053103076923077,9,0.9472496503930862
2020-05-14,Q1-Q5 多空,0.003437766153846153,9,0.95050607318045
2020-05-21,Q1-Q5 多空,-0.002846195384615384,9,0.9478007471819149
2020-05-28,Q1-Q5 多空,-0.010850901538461539,9,0.9375162545961636
2020-06-04,Q1-Q5 多空,-0.00354721230769231,9,0.9341906853991986
2020-06-11,Q1-Q5 多空,-0.012309760000000003,9,0.922691022267699
2020-06-18,Q1-Q5 多空,0.016218120000000003,9,0.9376553359897591
2020-06-29,Q1-Q5 多空,0.01710484000000001,9,0.9536937804870103
2020-07-06,Q1-Q5 多空,0.006774823361823362,9,0.9601548873910793
2020-07-13,Q1-Q5 多空,-0.03227007692307692,9,0.9291706153169009
2020-07-20,Q1-Q5 多空,0.02184580911680911,9,0.9494690992160619
2020-07-27,Q1-Q5 多空,0.0013448233618233718,9,0.9507459674420171
2020-08-03,Q1-Q5 多空,-0.01213854700854701,9,0.9392052928230357
2020-08-10,Q1-Q5 多空,-0.012304928774928777,9,0.9276484385898122
2020-08-17,Q1-Q5 多空,-0.005693400284900278,9,0.9223669647052576
2020-08-24,Q1-Q5 多空,0.0038549900284900324,9,0.925922680156805
2020-08-31,Q1-Q5 多空,-0.009310138176638179,9,0.917302212063662
2020-09-07,Q1-Q5 多空,-0.004750252136752138,9,0.9129447952707591
2020-09-14,Q1-Q5 多空,0.0014395128205128187,9,0.9142589910079719
2020-09-21,Q1-Q5 多空,-0.007026480056980061,9,0.9078349684407397
2020-09-28,Q1-Q5 多空,0.000706531339031341,9,0.9084763822966117
2020-10-13,Q1-Q5 多空,-0.00037638034188034256,9,0.9081344496452526
2020-10-20,Q1-Q5 多空,0.021922623931623926,9,0.9280431396641777
2020-10-27,Q1-Q5 多空,-0.025717531339031336,9,0.9041761611358912
2020-11-03,Q1-Q5 多空,0.00982836609686611,9,0.9130627354635937
2020-11-10,Q1-Q5 多空,0.002229277777777779,9,0.9150982059294797
2020-11-17,Q1-Q5 多空,-0.01706509686609687,9,0.8994819664033016
2020-11-24,Q1-Q5 多空,-0.0210236339031339,9,0.8805715868391676
2020-12-01,Q1-Q5 多空,0.05872908547008546,9,0.9322867508251739
2020-12-08,Q1-Q5 多空,-0.00875008,9,0.9241291671725136
2020-12-15,Q1-Q5 多空,0.0157366,9,0.9386718182246406
2020-12-22,Q1-Q5 多空,0.009011160000000002,9,0.9471303401661538
2020-12-29,Q1-Q5 多空,0.01989064,9,0.9659693687954763
2021-01-06,Q1-Q5 多空,0.0062698571428571465,9,0.9720258587421999
2021-01-13,Q1-Q5 多空,-0.01245885714285714,9,0.9599155274289679
2021-01-20,Q1-Q5 多空,-0.0008414642857142874,9,0.9591077927953339
2021-01-27,Q1-Q5 多空,0.018686249999999998,9,0.9770299207884557
2021-02-03,Q1-Q5 多空,0.022722749999999986,9,0.9992307274210517
2021-02-10,Q1-Q5 多空,-0.052986642857142864,9,0.9462848457353094
2021-02-24,Q1-Q5 多空,0.026764571428571426,9,0.9716117540807667
2021-03-03,Q1-Q5 多空,0.04074364285714285,9,1.0111987563848355
2021-03-10,Q1-Q5 多空,-0.01423778571428572,9,0.996801525176876
2021-03-17,Q1-Q5 多空,0.026337642857142858,9,1.02305492774644
2021-03-24,Q1-Q5 多空,-0.024707178571428567,9,0.9977781269582288
2021-03-31,Q1-Q5 多空,-0.021036321428571432,9,0.9767885455651375
2021-04-08,Q1-Q5 多空,0.016234178571428583,9,0.992645905240368
2021-04-15,Q1-Q5 多空,-0.005566357142857147,9,0.9871204836154054
2021-04-22,Q1-Q5 多空,-0.021550714285714284,9,0.9658473321074337
2021-04-29,Q1-Q5 多空,0.02947714285714285,9,0.9943177518941547
2021-05-11,Q1-Q5 多空,-0.02704557142857143,9,0.9674258601126048
2021-05-18,Q1-Q5 多空,-0.017004892857142857,9,0.9509748870141607
2021-05-25,Q1-Q5 多空,-0.02219592857142857,9,0.929867116348772
2021-06-01,Q1-Q5 多空,0.00796225,9,0.93727095079592
2021-06-08,Q1-Q5 多空,0.005234814814814814,9,0.9421773906546422
2021-06-16,Q1-Q5 多空,0.0044463333333333325,9,0.946366625392623
2021-06-23,Q1-Q5 多空,-0.01380485185185185,9,0.9333021743315408
2021-06-30,Q1-Q5 多空,0.013256551724137935,9,0.9456745428798172
2021-07-07,Q1-Q5 多空,0.00036010344827585965,9,0.9460150835436549
2021-07-14,Q1-Q5 多空,-0.00799731034482758,9,0.9384495073296684
2021-07-21,Q1-Q5 多空,0.028497172413793098,9,0.9651926647416811
2021-07-28,Q1-Q5 多空,0.013761137931034471,9,0.9784748141312141
2021-08-04,Q1-Q5 多空,-0.048723655172413796,9,0.9307999446925931
2021-08-11,Q1-Q5 多空,0.00013886206896551994,9,0.9309291974987061
2021-08-18,Q1-Q5 多空,0.013194862068965519,9,0.9432126798556743
2021-08-25,Q1-Q5 多空,0.03373124137931034,9,0.9750284144319121
2021-09-01,Q1-Q5 多空,0.016884137931034486,9,0.9914909286678584
2021-09-08,Q1-Q5 多空,0.022426827586206892,9,1.0137269247783807
2021-09-15,Q1-Q5 多空,0.00399344827586207,9,1.017775190818332
2021-09-24,Q1-Q5 多空,-0.003161689655172413,9,1.0145573015262306
2021-10-08,Q1-Q5 多空,-0.028900758620689658,9,0.9852358258479628
2021-10-15,Q1-Q5 多空,0.009004103448275862,9,0.9941069911448455
2021-10-22,Q1-Q5 多空,-0.02089810344827586,9,0.9733320404052462
2021-10-29,Q1-Q5 多空,0.025939724137931035,9,0.998580005027968
2021-11-05,Q1-Q5 多空,0.007640275862068967,9,1.0062094317367278
2021-11-12,Q1-Q5 多空,-0.013117275862068966,9,0.9930107050456215
2021-11-19,Q1-Q5 多空,-0.011909620689655172,9,0.9811843242077611
2021-11-26,Q1-Q5 多空,-0.007006517241379309,9,0.9743096393232283
2021-12-03,Q1-Q5 多空,-0.03980537931034483,9,0.935526874564242
2021-12-10,Q1-Q5 多空,0.024489931034482756,9,0.9584378632032255
2021-12-17,Q1-Q5 多空,0.01941624137931034,9,0.9770471241022499
2021-12-24,Q1-Q5 多空,-0.008582000000000001,9,0.9686621056832044
2021-12-31,Q1-Q5 多空,0.03452996774193548,9,1.0021099769452808
2022-01-10,Q1-Q5 多空,-0.003995129032258066,9,0.9981064182828713
2022-01-17,Q1-Q5 多空,-0.007407612903225806,9,0.9907128323000066
2022-01-24,Q1-Q5 多空,-0.004353255913978504,9,0.9864000058037422
2022-02-07,Q1-Q5 多空,0.027024193548387095,9,1.0130566704767126
2022-02-14,Q1-Q5 多空,-0.011874548387096772,9,1.0010270800242658
2022-02-21,Q1-Q5 多空,-0.024964548387096774,9,0.9760368910482058
2022-02-28,Q1-Q5 多空,0.02196841935483871,9,0.9974788787765457
2022-03-07,Q1-Q5 多空,0.01045796774193549,9,1.0079104807140526
2022-03-14,Q1-Q5 多空,-0.032724548387096764,9,0.9749270654180636
2022-03-21,Q1-Q5 多空,0.037237096774193554,9,1.0112305189008166
2022-03-28,Q1-Q5 多空,0.011355709677419352,9,1.0227137590904003
2022-04-06,Q1-Q5 多空,0.012656935483870969,9,1.0356581811576748
2022-04-13,Q1-Q5 多空,-0.017600612903225808,9,1.0174299624110597
2022-04-20,Q1-Q5 多空,0.006221032258064509,9,1.02375942702754
2022-04-27,Q1-Q5 多空,-0.0019327387096774208,9,1.0217807675535266
2022-05-09,Q1-Q5 多空,-0.022654612903225808,9,0.9986327197926406
2022-05-16,Q1-Q5 多空,-0.037547483870967756,9,0.9611365738532057
2022-05-23,Q1-Q5 多空,0.009486999999999999,9,0.9702548765293512
2022-05-30,Q1-Q5 多空,-0.028548193548387092,9,0.9425558525229248
2022-06-07,Q1-Q5 多空,0.02218246666666667,9,0.9634640663029861
2022-06-14,Q1-Q5 多空,-0.03581753333333333,9,0.92895515999271
2022-06-21,Q1-Q5 多空,0.005778066666666665,9,0.9343227248374918
2022-06-28,Q1-Q5 多空,0.00953806666666667,9,0.9432343572751735
2022-07-05,Q1-Q5 多空,-0.01009730645161291,9,0.9337102309140759
2022-07-12,Q1-Q5 多空,-0.006642554435483871,9,0.9275080098782609
2022-07-19,Q1-Q5 多空,-0.010695155241935483,9,0.9175881677244743
2022-07-26,Q1-Q5 多空,0.014176264112903222,9,0.9305961399370114
2022-08-02,Q1-Q5 多空,0.001418352822580654,9,0.9319160535987737
2022-08-09,Q1-Q5 多空,0.002990234879032258,9,0.9347027014865749
2022-08-16,Q1-Q5 多空,-0.009955825604838708,9,0.925396964398203
2022-08-23,Q1-Q5 多空,-0.010736935483870967,9,0.9154610368944894
2022-08-30,Q1-Q5 多空,0.003654757056451613,9,0.918806824578986
2022-09-06,Q1-Q5 多空,-0.012425642137096772,9,0.9073900597836453
2022-09-14,Q1-Q5 多空,0.008265238911290336,9,0.9148898554134871
2022-09-21,Q1-Q5 多空,0.018698714717741944,9,0.9319971198180201
2022-09-28,Q1-Q5 多空,0.017240004032258064,9,0.9480647539217356
2022-10-12,Q1-Q5 多空,-0.011809308467741935,9,0.9368687647952799
2022-10-19,Q1-Q5 多空,-0.014993373991935484,9,0.9228219410233417
2022-10-26,Q1-Q5 多空,-0.022326806451612898,9,0.9022182741568118
2022-11-02,Q1-Q5 多空,-0.010422906249999999,9,0.8928145376682386
2022-11-09,Q1-Q5 多空,-0.03390828830645162,9,0.8625407249207926
2022-11-16,Q1-Q5 多空,0.023837899193548385,9,0.8831018837717846
2022-11-23,Q1-Q5 多空,-0.00272314314516129,9,0.8806970709305124
2022-11-30,Q1-Q5 多空,-0.007924974798387097,9,0.8737175688383748
2022-12-07,Q1-Q5 多空,-0.006545677419354839,9,0.8679984954771358
2022-12-14,Q1-Q5 多空,0.004396096774193548,9,0.8718143008631077
2022-12-21,Q1-Q5 多空,-0.014294483870967743,9,0.8593521654009411
2022-12-28,Q1-Q5 多空,9.941935483870346e-05,9,0.8594376016388044
2023-01-05,Q1-Q5 多空,0.0016587272727272735,9,0.8608631742278501
2023-01-12,Q1-Q5 多空,-0.0020914270833333297,9,0.8590627416702257
2023-01-19,Q1-Q5 多空,-0.0029957357954545462,9,0.8564892166644629
2023-02-02,Q1-Q5 多空,0.01384417803030303,9,0.8683466058610005
2023-02-09,Q1-Q5 多空,0.006248670454545455,9,0.8737726176413491
2023-02-16,Q1-Q5 多空,0.014757622159090907,9,0.8866674237854598
2023-02-23,Q1-Q5 多空,0.03125839393939393,9,0.9143832234113733
2023-03-02,Q1-Q5 多空,0.010664452651515154,9,0.9241346200027838
2023-03-09,Q1-Q5 多空,0.03091539678030303,9,0.9527046084585845
2023-03-16,Q1-Q5 多空,-0.013228246212121209,9,0.9401019973304718
2023-03-23,Q1-Q5 多空,-0.03018429071969697,9,0.9117256853368811
2023-03-30,Q1-Q5 多空,0.014490095643939393,9,0.9249366777184487
2023-04-07,Q1-Q5 多空,0.0010875984848484881,9,0.925942637447716
2023-04-14,Q1-Q5 多空,0.010513642045454545,9,0.9356776668924653
2023-04-21,Q1-Q5 多空,0.01624725568181818,9,0.9508798611822344
2023-04-28,Q1-Q5 多空,0.009163632575757575,9,0.9595933748537958
2023-05-10,Q1-Q5 多空,0.012560679924242422,9,0.9716465200927579
2023-05-17,Q1-Q5 多空,-0.009194206439393938,9,0.9627130014009063
2023-05-24,Q1-Q5 多空,0.01942877556818182,9,0.9814173362416954
2023-05-31,Q1-Q5 多空,0.000819345643939394,9,0.9822214562610315
2023-06-07,Q1-Q5 多空,0.0030191344696969685,9,0.9851869149165052
2023-06-14,Q1-Q5 多空,-0.006403200757575758,9,0.9788785653165581
2023-06-21,Q1-Q5 多空,-0.0022172272727272713,9,0.9767081690648501
2023-06-30,Q1-Q5 多空,-0.011202352941176467,9,0.9657667394344555
2023-07-07,Q1-Q5 多空,-0.0075845294117647,9,0.9584418531943107
2023-07-14,Q1-Q5 多空,0.015766264705882355,9,0.9735529011569686
2023-07-21,Q1-Q5 多空,-0.009762029411764697,9,0.9640490491019653
2023-07-28,Q1-Q5 多空,-0.0006239705882352944,9,0.9634475108497095
2023-08-04,Q1-Q5 多空,0.003825617647058823,9,0.967133292649231
2023-08-11,Q1-Q5 多空,0.012654970588235292,9,0.9793723360226101
2023-08-18,Q1-Q5 多空,0.01066876470588235,9,0.9898210290350856
2023-08-25,Q1-Q5 多空,0.002300411764705884,9,0.9920980249752311
2023-09-01,Q1-Q5 多空,-0.016333382352941177,9,0.975893708601713
2023-09-08,Q1-Q5 多空,0.015123588235294118,9,0.9906527232120194
2023-09-15,Q1-Q5 多空,-0.004586500000000001,9,0.9861090944970073
2023-09-22,Q1-Q5 多空,0.0035121176470588227,9,0.9895724256497154
2023-10-09,Q1-Q5 多空,0.01962785294117647,9,1.0089956076950113
2023-10-16,Q1-Q5 多空,0.008868529411764713,9,1.017943914918196
2023-10-23,Q1-Q5 多空,0.005621529411764702,9,1.0236663165754356
2023-10-30,Q1-Q5 多空,-0.012476352941176471,9,1.0108946943158463
2023-11-06,Q1-Q5 多空,-0.00792835294117647,9,1.0028799643929476
2023-11-13,Q1-Q5 多空,0.002669617647058824,9,1.0055572704437727
2023-11-20,Q1-Q5 多空,0.023800764705882355,9,1.0294903024358943
2023-11-27,Q1-Q5 多空,0.02260235294117647,9,1.052759205601069
2023-12-04,Q1-Q5 多空,-0.004045323529411766,9,1.0485004540158462
2023-12-11,Q1-Q5 多空,0.011552205882352944,9,1.0606129471283778
2023-12-18,Q1-Q5 多空,-0.014354529411764712,9,1.045388347384325
2023-12-25,Q1-Q5 多空,0.002864823529411767,9,1.0483832005192846
2024-01-02,Q1-Q5 多空,0.017623944444444442,9,1.0668598478017253
2024-01-09,Q1-Q5 多空,-0.017823055555555554,9,1.0478451454643636
2024-01-16,Q1-Q5 多空,-0.019201555555555548,9,1.0277248886901105
2024-01-23,Q1-Q5 多空,0.06070972222222222,9,1.0901177812033513
2024-01-30,Q1-Q5 多空,0.023862472222222215,9,1.1161306864762668
2024-02-06,Q1-Q5 多空,-0.005791444444444432,9,1.1096666776128
2024-02-21,Q1-Q5 多空,-0.02164769444444444,9,1.0856449524406562
2024-02-28,Q1-Q5 多空,0.0022972500000000076,9,1.0881389503076504
2024-03-06,Q1-Q5 多空,-0.023845166666666667,9,1.0621920956810726
2024-03-13,Q1-Q5 多空,0.0070296944444444434,9,1.0696589815550146
2024-03-20,Q1-Q5 多空,0.010018959523809517,9,1.0803758515954938
2024-03-27,Q1-Q5 多空,-0.008126750000000002,9,1.0715959071435401
2024-04-03,Q1-Q5 多空,0.007727527777777781,9,1.0798766942825448
2024-04-12,Q1-Q5 多空,0.03435711111111111,9,1.1169781378543098
2024-04-19,Q1-Q5 多空,-0.02507527777777778,9,1.088969600775908
2024-04-26,Q1-Q5 多空,-0.0034300000000000025,9,1.0852344350452465
2024-05-08,Q1-Q5 多空,0.018973749999999998,9,1.1058254019071863
2024-05-15,Q1-Q5 多空,-0.005663555555555555,9,1.0995624983087404
2024-05-22,Q1-Q5 多空,0.018309777777777776,9,1.1196952433055518
2024-05-29,Q1-Q5 多空,0.003473722222222222,9,1.1235847535543388
2024-06-05,Q1-Q5 多空,0.002686722222222223,9,1.1266035136802635
2024-06-13,Q1-Q5 多空,0.012812277777777777,9,1.1410378708429554
2024-06-20,Q1-Q5 多空,0.019816944444444443,9,1.1636497549384575
2024-06-27,Q1-Q5 多空,0.013077888888888885,9,1.1788678371391255
2024-07-04,Q1-Q5 多空,0.008783,9,1.1892218333527185
2024-07-11,Q1-Q5 多空,0.01234078378378378,9,1.2038977628690792
2024-07-18,Q1-Q5 多空,0.0009311081081081023,9,1.2050187218374198
2024-07-25,Q1-Q5 多空,-0.013498756756756759,9,1.1887524672239986
2024-08-01,Q1-Q5 多空,0.012763621621621625,9,1.2039252539174148
2024-08-08,Q1-Q5 多空,-0.009263837837837836,9,1.1927722855962462
2024-08-15,Q1-Q5 多空,-0.007965810810810808,9,1.183270887228808
2024-08-22,Q1-Q5 多空,-0.0002726756756756734,9,1.1829482380401255
2024-08-29,Q1-Q5 多空,-0.0040243783783783784,9,1.178187606728216
2024-09-05,Q1-Q5 多空,0.005441648648648649,9,1.1845988897262232
2024-09-12,Q1-Q5 多空,0.006261594594594596,9,1.1920163677308955
2024-09-23,Q1-Q5 多空,-0.02995148648648646,9,1.1563137056011328
2024-09-30,Q1-Q5 多空,0.007490621621621622,9,1.1649752140456862
2024-10-14,Q1-Q5 多空,0.00042294594594594634,9,1.1654679355895943
2024-10-21,Q1-Q5 多空,-0.009317270270270274,9,1.154608955842372
2024-10-28,Q1-Q5 多空,0.0001442162162162159,9,1.154775469177193
2024-11-04,Q1-Q5 多空,0.016575162162162177,9,1.1739160598396918
2024-11-11,Q1-Q5 多空,-0.004651918918918911,9,1.1684550975117007
2024-11-18,Q1-Q5 多空,0.003983756756756756,9,1.1731099384013797
2024-11-25,Q1-Q5 多空,0.0035856486486486525,9,1.177316298466725
2024-12-02,Q1-Q5 多空,-0.00402304206349206,9,1.1725799054759585
2024-12-09,Q1-Q5 多空,0.010067305555555555,9,1.1843846256726893
2024-12-16,Q1-Q5 多空,0.006145333333333332,9,1.1916630639923231
2024-12-23,Q1-Q5 多空,0.015411333333333324,9,1.21002818069253
2024-12-30,Q1-Q5 多空,-0.0011131944444444652,9,1.2086811840441618
2025-01-07,Q1-Q5 多空,-0.012108111111111111,9,1.1940463379698458
2025-01-14,Q1-Q5 多空,0.0001913888888888885,9,1.1942748651717519
2025-01-21,Q1-Q5 多空,-0.0009405833333333346,9,1.1931515501381524
2025-02-05,Q1-Q5 多空,0.000207166666666668,9,1.1933987313676229
2025-02-12,Q1-Q5 多空,-0.004181250000000001,9,1.1884088329220919
2025-02-19,Q1-Q5 多空,-0.01972522222222222,9,1.164967204601852
2025-02-26,Q1-Q5 多空,-0.007245249999999999,9,1.1565267259627106
2025-03-05,Q1-Q5 多空,0.004084138888888885,9,1.161250141740254
2025-03-12,Q1-Q5 多空,-0.014029638888888894,9,1.1449582215919674
2025-03-19,Q1-Q5 多空,0.00945122222222222,9,1.1557794761793934
2025-03-26,Q1-Q5 多空,0.00897297222222222,9,1.1661502533141657
2025-04-02,Q1-Q5 多空,0.0007146944444444484,9,1.1669836944215968
2025-04-10,Q1-Q5 多空,0.01455,9,1.1839633071754312
2025-04-17,Q1-Q5 多空,-0.02234111111111111,9,1.1575122513783462
2025-04-24,Q1-Q5 多空,-0.010359666666666665,9,1.1455208102914838
2025-05-06,Q1-Q5 多空,-0.003061111111111108,9,1.1420142438110916
2025-05-13,Q1-Q5 多空,0.02564363888888889,9,1.171299644685351
2025-05-20,Q1-Q5 多空,0.008399638888888892,9,1.181138138731392
2025-05-27,Q1-Q5 多空,0.00044053253968253693,9,1.1816584685153633
2025-06-04,Q1-Q5 多空,-0.006270819841269841,9,1.1742485011453925
2025-06-11,Q1-Q5 多空,0.01317913888888889,9,1.1897240852320572
2025-06-18,Q1-Q5 多空,0.0010941666666666686,9,1.1910258416686486
2025-06-25,Q1-Q5 多空,-0.0015393333333333344,9,1.1891924558897067
2025-07-02,Q1-Q5 多空,-0.0054702499999999986,9,1.182687275857876
2025-07-09,Q1-Q5 多空,0.0028931944444444456,9,1.186109020113903
2025-07-16,Q1-Q5 多空,0.024291777777777773,9,1.2149217168507278
2025-07-23,Q1-Q5 多空,0.001410527777777778,9,1.2166353976801714
2025-07-30,Q1-Q5 多空,-0.015392250000000001,9,1.1979086414802287
2025-08-06,Q1-Q5 多空,0.017042222222222222,9,1.218323666750255
2025-08-13,Q1-Q5 多空,-0.003651160317460312,9,1.2138753717243937
2025-08-20,Q1-Q5 多空,-0.017620750000000004,9,1.1924859772680811
2025-08-27,Q1-Q5 多空,0.0012546388888888902,9,1.1939821165496165
2025-09-03,Q1-Q5 多空,-0.00040544444444444395,9,1.1934980231336954
2025-09-10,Q1-Q5 多空,-0.016087499999999998,9,1.174297623686532
2025-09-17,Q1-Q5 多空,0.003006499999999998,9,1.1778281494921454
2025-09-24,Q1-Q5 多空,-0.002873583333333339,9,1.174443562152234
2025-10-09,Q1-Q5 多空,-0.02805425,9,1.1414954288487247
2025-10-16,Q1-Q5 多空,-0.006423361111111109,9,1.1341631915025467
2025-10-23,Q1-Q5 多空,0.008410750000000008,9,1.1437023545654768
2025-10-30,Q1-Q5 多空,0.029725333333333333,9,1.1776992882890538
2025-11-06,Q1-Q5 多空,0.0258995,9,1.2082011110060962
2025-11-13,Q1-Q5 多空,0.006107638888888885,9,1.2155803670972758
2025-11-20,Q1-Q5 多空,-0.002552621428571428,9,1.2124774506040725
2025-11-27,Q1-Q5 多空,0.005281606060606058,9,1.2188812788555312
2025-12-04,Q1-Q5 多空,0.012051441176470586,9,1.2335705548887599
2025-12-11,Q1-Q5 多空,0.009192441176470589,9,1.244910079651601
2025-12-18,Q1-Q5 多空,-0.004994285714285708,9,1.2386926430252267
2025-12-25,Q1-Q5 多空,0.009631911764705885,9,1.2506236212664361
2026-01-05,Q1-Q5 多空,-0.03146631092436973,9,1.2112711095503053
2026-01-12,Q1-Q5 多空,0.03614430924369748,9,1.2550516671118481
2026-01-19,Q1-Q5 多空,0.002468225210084033,9,1.2581494172765717
2026-01-26,Q1-Q5 多空,0.005399624369747898,9,1.2649429515308823
2026-02-02,Q1-Q5 多空,-0.011022426890756304,9,1.2510002103266558
2026-02-09,Q1-Q5 多空,0.0309568781512605,9,1.2897272714049395
2026-02-24,Q1-Q5 多空,0.010141203361344534,9,1.3028066579449291
2026-03-03,Q1-Q5 多空,0.029498058823529412,9,1.3412369253766745
2026-03-10,Q1-Q5 多空,0.025067441176470584,9,1.3748583031072645
2026-03-17,Q1-Q5 多空,0.01230362268907563,9,1.391774040919639
2026-03-24,Q1-Q5 多空,0.01312063445378151,9,1.410034999352808
2026-03-31,Q1-Q5 多空,-0.04093274537815127,9,1.3523183957500178
2026-04-08,Q1-Q5 多空,-0.001213421008403361,9,1.3506774641985644
2026-04-15,Q1-Q5 多空,-0.00562193193277311,9,1.3430840474317094
2026-04-22,Q1-Q5 多空,-0.00880155882352941,9,1.3312628141832952
2026-04-29,Q1-Q5 多空,-0.014175529411764705,9,1.3123914590060513
2026-05-11,Q1-Q5 多空,0.014226787394957988,9,1.331062573272289
2026-05-18,Q1-Q5 多空,0.015307932773109245,9,1.351438389660743
2026-05-25,Q1-Q5 多空,0.0014864689075630242,9,1.3534472608074608
2026-06-01,Q1-Q5 多空,0.010178420168067227,9,1.3672232157032789
2026-06-08,Q1-Q5 多空,-0.02406825133689839,9,1.33431654371409
2026-06-15,Q1-Q5 多空,0.0007923003565062378,9,1.3353737231873668
2026-06-23,Q1-Q5 多空,0.038940780748663105,9,1.387374218559532
2026-06-30,Q1-Q5 多空,-0.021353435828877002,9,1.3577490122128826
2026-07-07,Q1-Q5 多空,-0.0002417388591800353,9,1.3574207915156176
2026-07-14,Q1-Q5 多空,0.022725812834224597,9,1.3882692823608866
2026-07-21,Q1-Q5 多空,0.039988873440285205,9,1.4437846069942515
2026-07-28,Q1-Q5 多空,-0.002376797682709449,9,1.440353023086016
2026-08-04,Q1-Q5 多空,-0.03434992959001782,9,1.390876998158242
2026-08-11,Q1-Q5 多空,-0.01771708110516934,9,1.366234717574558
2026-08-18,Q1-Q5 多空,0.01592265240641711,9,1.3879887980880772
