trade_date,n,ic_neutral,ic_style,ic_o_trdmom,ic_o_val,ic_o_lowvol,ic_o_rev,ic_neutral_ma20,ic_style_ma20
2020-04-03,126,-0.2940326869634908,-0.5647042590246457,-0.011185618576118432,-0.45608467354333043,-0.41088025628881053,-0.14073661902770837,,
2020-04-07,126,-0.22843181661793377,-0.47923797069011315,0.0008369004088664074,-0.4024951030899764,-0.3874548928747213,-0.04755334115325862,,
2020-04-08,126,-0.20803424392871664,-0.4829755259211079,-0.011641614648066406,-0.3744844363588133,-0.4343273150573252,-0.01252350970257079,,
2020-04-09,126,-0.13436540587252588,-0.41104823554337283,0.08164991623543677,-0.3403799630749431,-0.4059788616110477,0.02207427382720717,,
2020-04-10,126,-0.24894188226471695,-0.4885399325084364,0.08335658042744658,-0.42278815148106486,-0.4280674915635546,-0.05342032245969255,,
2020-04-13,126,-0.18026187520296585,-0.40293072176273415,-0.02482264186019241,-0.42818232287199093,-0.36555427250859546,0.18237967401303182,,
2020-04-14,126,-0.240068991376078,-0.3563584551931009,0.10118635170603676,-0.3221027371578553,-0.29800974878140235,-0.009727784026996625,,
2020-04-15,126,-0.1895133108361455,-0.2973678290213723,0.19280689913760782,-0.29749381327334085,-0.32700412448443944,0.08629621297337835,,
2020-04-16,126,-0.14774975290568235,-0.2805493521553244,0.05246952001433725,-0.3340417458447639,-0.31358427234271835,0.25690027281659616,,
2020-04-17,126,-0.15183202099737536,-0.2539872515935508,0.23570753655793034,-0.26992125984251975,-0.1868976377952756,-0.01592500937382827,-0.2023231986965631,-0.4017699533413759
2020-04-20,126,0.036133537508158384,-0.05920068871501028,0.08441857430616814,-0.1434632822847992,-0.10316925859667936,0.2837529565101902,-0.18064531358704297,-0.37062729292079716
2020-04-21,126,-0.05681298359658973,-0.0428737050974687,0.0004919392455037337,-0.1421524441733045,-0.12866011047650086,0.1903024976417553,-0.1703259527545052,-0.34331449393551977
2020-04-22,126,-0.1343114125407023,-0.03912116853572984,0.004433452468625112,-0.037021427853701716,-0.036838450451410695,0.017463843215382545,-0.1675556035072896,-0.3199150073663052
2020-04-23,126,-0.13653993250843643,-0.0762474690663667,0.035074615673040876,-0.08835395575553057,-0.054314210723659544,0.13217847769028873,-0.16534019843594297,-0.3025101832020239
2020-04-24,126,-0.14958319960193958,-0.12709787535512024,-0.02906354143909183,-0.1072882327022394,-0.05004904416464518,-0.04476367312370393,-0.16428973184700937,-0.2908160293455636
2020-04-27,126,-0.20219575848931073,-0.2000929897936307,-0.035177130519599836,-0.18649248584753486,-0.06322104569208545,-0.08312385638514805,-0.16665885851215323,-0.2851458393735678
2020-04-28,126,-0.22819981732281736,-0.2610397615897373,-0.0006989136841607924,-0.209377141923208,-0.06946542102058209,-0.23111845687083646,-0.17027891491278052,-0.28372783479804836
2020-04-29,126,-0.26574578177727787,-0.4489088863892014,-0.014977127859017626,-0.45720584926884145,-0.06957630296212974,-0.15476565429321337,-0.17558262973858593,-0.29290455988644576
2020-04-30,126,-0.03799647841975191,-0.15738227151252257,0.05892798757053968,-0.25055718369964924,0.04761933330019433,-0.013585383339627093,-0.16834125335338412,-0.2857718078667656
2020-05-06,126,0.16049217921604733,0.04446050912717281,0.11020638951101935,-0.08607436981542461,0.1462379396146221,0.10617788703107109,-0.15189958172491255,-0.26926019201706863
2020-05-07,126,0.08661469285310937,0.016279062791820762,0.07461612068298165,-0.10419860036843152,0.11140374295659322,0.049827070579497826,-0.13286721273408258,-0.24021102592624533
2020-05-08,126,0.08614023247094114,0.02568578927634046,0.09642294713160857,-0.1394435695538058,0.11973003374578177,0.03495463067116611,-0.11713861027963882,-0.21496483792792268
2020-05-11,125,0.11075883256528418,-0.05389247311827956,0.08819662058371734,-0.14130875576036867,0.06246390168970813,0.1065806451612903,-0.10119895645493877,-0.19351068528778123
2020-05-12,126,0.1262212223472066,-0.06545481814773155,0.021996250468691417,-0.14958830146231722,0.06423697037870266,0.07390176227971504,-0.08816962504395215,-0.17623101441799918
2020-05-13,126,0.10086554310553991,-0.11158921873161216,0.034084790528408085,-0.1456980062963863,0.03816128708108841,-0.07388387534147844,-0.07067925377543931,-0.15738347872915798
2020-05-14,126,0.0723299587551556,-0.1530018747656543,0.10873940757405325,-0.16088488938882642,-0.033400824896887886,-0.04187776527934008,-0.058049662077533225,-0.14488703637930397
2020-05-15,126,0.09067280190906624,-0.05797384023079672,0.09048382524768368,-0.12080708032571566,-0.07994012739435673,0.20302092691575427,-0.04151257241327602,-0.12996780563118876
2020-05-18,126,-0.0023217132684139625,-0.10885355658588408,0.008992889378171913,-0.1358982165704064,-0.051047695609649626,-0.021096394595291213,-0.032152992534889444,-0.12054209200941438
2020-05-19,126,-0.09167767780689398,-0.22083572678799007,0.08742420311101413,-0.14695185144651166,-0.010624687851062346,-0.2110089403960984,-0.029349388779950025,-0.11755641074104765
2020-05-20,126,0.027725534308211477,-0.200023997000375,0.12158980127484066,-0.24495238095238098,-0.03162504686914136,0.003392575928008999,-0.020371511014670683,-0.11485824801138886
2020-05-21,126,-0.1323644544431946,-0.3205249343832022,0.0241559805024372,-0.28358755155605553,-0.11382077240344958,-0.13836370453693292,-0.02879641061223833,-0.12792446029479845
2020-05-22,126,-0.04086389201349832,-0.3379347581552306,0.08638020247469066,-0.49429921259842524,-0.06711061117360331,0.11335883014623176,-0.02799895603308376,-0.14267751294768655
2020-05-25,126,-0.09687889013873269,-0.5077495313085865,-0.061891263592050993,-0.5571773528308962,-0.06332508436445444,-0.06174728158980128,-0.026127329912985282,-0.16610893108632938
2020-05-26,126,-0.05138657667791527,-0.46203524559430076,0.04469141357330334,-0.5358980127484065,0.05665991751031122,2.9996250468691414e-06,-0.021869662121459223,-0.1853983199127261
2020-05-27,126,-0.018048743907011625,-0.4050723659542557,-0.020004499437570305,-0.5522159730033747,0.04091788526434196,0.06025946756655419,-0.015292939336712824,-0.19929704444268284
2020-05-28,126,0.027443610714107683,-0.3323229581150466,-0.04739114719337493,-0.4995523052908586,0.06356215007453729,0.08962893082714365,-0.0038109708765419028,-0.20590854285875365
2020-05-29,126,-0.030737157855268094,-0.4010948631421073,-0.0883119610048744,-0.461225346831646,0.10689163854518186,-0.05564604424446945,0.006062162096835561,-0.21291129793637217
2020-06-01,126,-0.03250693663292089,-0.3494593175853019,0.10352605924259467,-0.3105961754780653,0.11191901012373455,-0.265031871016123,0.01772410435405341,-0.20793881949617718
2020-06-02,126,0.05287470791071026,-0.2297096645540524,0.06693703449409993,-0.38486920057205876,0.07901959666941853,-0.00479642922500855,0.022267663670576518,-0.21155518914825366
2020-06-03,126,-0.004760404949381328,-0.2945181852268467,-0.02666966629171354,-0.3599220097487814,0.058909636295463065,-0.0349846269216348,0.014005034462305083,-0.22850412386595464
2020-06-04,126,-0.07478365204349456,-0.10632170978627672,-0.05111661042369704,-0.10788751406074241,-0.02292613423322085,0.0016827896512935886,0.005935117217474887,-0.23463416249485952
2020-06-05,126,-0.01003374578177728,-0.1268931383577053,-0.041469816272965886,-0.19239295088113986,0.007118110236220473,0.01670491188601425,0.0011264183048389665,-0.2422631088765618
2020-06-08,126,0.011209598800149984,-0.1078695163104612,-0.12793700787401577,-0.26780952380952383,0.023538057742782153,0.1743412073490814,-0.003851043383417743,-0.24496196103617085
2020-06-09,124,-0.0040723839496459475,-0.2107631785995279,-0.16145397324940988,-0.39548701809598735,-0.03758300550747442,0.21232415420928402,-0.01036572369826037,-0.2522273790587607
2020-06-10,125,-0.10862672811059906,-0.340479262672811,-0.1289032258064516,-0.44564669738863283,-0.03802150537634408,0.08951766513056834,-0.02084033725906732,-0.26367188125582064
2020-06-11,125,-0.11298924731182794,-0.4416897081413211,-0.009130568356374809,-0.47749308755760367,-0.04178801843317972,-0.06849769585253455,-0.030106297562416496,-0.278106272924604
2020-06-12,125,-0.0624147465437788,-0.46176958525345607,-0.03250384024577572,-0.4861321044546851,-0.054193548387096765,-0.013800307219662057,-0.037760674985058744,-0.29829606017573695
2020-06-15,125,-0.0026973886328725033,-0.5243133640552994,0.15658371735791088,-0.5129339477726573,-0.04404915514592933,-0.0875453149001536,-0.037779458753281675,-0.3190690505492077
2020-06-16,125,0.015569892473118276,-0.2819600614439324,0.04146850998463901,-0.34612596006144386,0.05107834101382487,0.013062980030721963,-0.03241708023928106,-0.32212526728200486
2020-06-17,125,0.01019969278033794,-0.30996006144393234,0.006316436251920123,-0.38310291858678946,0.0014070660522273422,0.008122887864823347,-0.03329337231567474,-0.3276220705041827
2020-06-18,125,-0.034930875576036864,-0.33171121351766514,0.004417818740399385,-0.3713671274961597,-0.057118279569892474,-0.12462672811059905,-0.028421693372316852,-0.3281813844609059
2020-06-19,125,0.038390168970814126,-0.3839324116743471,0.22723195084485406,-0.2459969278033794,0.011649769585253454,-0.14438095238095236,-0.024458990323101233,-0.33048126713686166
2020-06-22,125,0.06592933947772657,-0.34014746543778795,0.2820460829493087,-0.1699539170506912,-0.031231950844854067,-0.09374500768049154,-0.016318578842278265,-0.3221011638433217
2020-06-23,125,-0.02840552995391705,-0.2913732718894009,0.2140645161290322,-0.1844301075268817,-0.03194470046082949,-0.059410138248847916,-0.015169526506078357,-0.3135680651580767
2020-06-24,125,-0.043293394777265744,-0.1860337941628264,0.04435023041474654,-0.1954101382488479,-0.01740706605222734,0.020645161290322577,-0.016431759049591065,-0.3026161365685053
2020-06-29,125,-0.06506298003072195,-0.33676190476190476,0.08341013824884791,-0.24941321044546846,-0.07980337941628263,-0.11403993855606759,-0.021057088586832542,-0.30283808390084815
2020-06-30,131,-0.06461324934607378,-0.2788768483424972,0.11005711845406503,-0.19519030587732877,-0.05651524048470614,-0.0852826562750227,-0.022750893161372826,-0.29672718316086766
2020-07-01,131,0.05157216085543595,-0.25827451325826833,0.12780671516414943,-0.25774870248875575,-0.011469080591854275,-0.09761396681528846,-0.018546938286954986,-0.292167942944516
2020-07-02,131,0.046279354987703344,-0.23746628605461556,0.15388372642372966,-0.2973846919672375,0.05648328682448689,0.02442217533522611,-0.01887670593310533,-0.2925557740195442
2020-07-03,131,-0.03662520685421449,-0.2253509848929696,0.02420327763839214,-0.3813110553568569,0.06887311162120321,0.07533230128649976,-0.020469946028346987,-0.28909741400285033
2020-07-06,131,-0.05494581754123739,-0.11273688143917153,-0.23609138952650402,-0.471056424491539,0.09198740191106604,0.21325468424705066,-0.01947805430323413,-0.28941817258549507
2020-07-07,131,-0.10511986932231836,-0.21010094539852764,-0.126008252861737,-0.3591488771143742,0.11335137645694233,0.05502084567870889,-0.024232360480261183,-0.29357856293753615
2020-07-08,131,-0.1390914429082368,-0.07702450221534192,-0.19979181124219292,-0.38375060054449367,0.18653712699514227,0.016943361981529924,-0.03174741256568052,-0.2920363122327802
2020-07-09,131,-0.13271232584209683,-0.14208615811669245,-0.07169166711151444,-0.3121123151657503,0.24170714781401803,-0.056162921048417226,-0.03817940966030307,-0.28860246120863847
2020-07-10,130,-0.06897540591842029,-0.034830463341026095,-0.0929932130713242,-0.21749580084392794,0.20971746166136362,0.11130289912466373,-0.03619684355069413,-0.2733200212420492
2020-07-13,130,-0.04724084720534214,-0.012850100370071964,-0.0077264471725682436,-0.12531374182359448,0.29829439156618276,-0.14843572901446148,-0.03290942354536984,-0.25187804085348675
2020-07-14,130,-0.03768179273238744,0.08282784142894209,-0.12472381160469212,-0.08849226399377295,0.24621120048068387,0.03805869259446394,-0.031672775854800266,-0.2246481695193668
2020-07-15,130,-0.039451583389094484,0.06535935216922258,-0.028729055428860156,0.08069207554384192,0.29496237829275285,-0.14243810512228763,-0.03351048559261137,-0.19516453370814074
2020-07-16,130,0.05013929098626687,-0.04757469820730922,0.1588135685951327,-0.10818539357539039,0.38126945980503774,-0.01635166876210806,-0.03178201566695394,-0.18344526554630958
2020-07-17,130,0.009496237829275287,-0.20432069262177552,0.2861298119597427,-0.04219912876046375,0.317363339660517,-0.0856463969192533,-0.03181718841450707,-0.17816329710520173
2020-07-20,131,0.08832007686969519,-0.02674424811829392,0.23458068648908342,-0.032867132867132866,0.26745315752949345,-0.06011316927347461,-0.02565464079222047,-0.16291494883523316
2020-07-21,131,0.06578764746703679,-0.05811669246783751,0.3207121123151658,0.004964501147707254,0.22304489403726044,0.05884802220680083,-0.024284766867409338,-0.1466241628749077
2020-07-22,131,0.1921928174091159,0.18928614326864807,0.20805541099662772,0.058064085630612834,0.31578652362983517,0.20796466083980872,-0.017971592970839872,-0.1201524824395859
2020-07-23,131,0.008428975604548123,0.22458762611434369,-0.03387070944322853,0.057225217530561034,0.23642235626968452,0.2186729301233118,-0.016129867692916612,-0.09435443753939866
2020-07-24,131,-0.06393004848408042,0.014501167059703111,0.12899979848380472,-0.06845949455444968,0.08391619590595728,0.12794550785457912,-0.017161700378257344,-0.08432768947827218
2020-07-27,131,-0.004983191404466356,0.03393214371986116,0.0954893710156338,-0.09129356122033595,0.056787563107352,0.3033874758283221,-0.014157710946944565,-0.06579298705418388
2020-07-28,131,0.04481396466129291,0.029402658410292,0.0574013772487055,-0.029461378316340152,0.14803288314738697,0.16282496129824375,-0.00868635024657623,-0.05037901171654443
2020-07-29,131,0.020802861260876528,0.2368654246516842,-0.020301072972828696,0.06917738749799818,0.32950408370255696,0.016729835050445736,-0.010224815226304201,-0.025622014821046802
2020-07-30,130,0.04254348710813094,0.19387780184534195,-0.0303679163610007,-0.020666788659384143,0.27139396356473416,0.2131325738882464,-0.010411608620282823,-0.004054810426048924
2020-07-31,130,0.02898582390288505,0.14402510484262135,0.02686097974982328,-0.02993080600694594,0.23851512176225897,0.21199280611909335,-0.0071310570824278455,0.014413994060730623
2020-08-03,131,-0.02228957226496975,0.20865345733944987,0.003165540977877396,0.05401971656935971,0.3229652524495115,-0.0019297522150129487,-0.005498244818614463,0.030483510999661696
2020-08-04,131,0.07940276437679145,0.1339803207980705,0.16912956964939213,0.0043292643053264215,0.3209500893480803,0.1115039122190608,0.0037278868663410273,0.047687574309491595
2020-08-05,131,0.1079325254897774,0.20226338546949232,0.0421235253296322,-0.016729835050445736,0.2679122404313244,0.3973309133614477,0.01607908528624174,0.061651968693733315
2020-08-06,131,0.07095776298218429,0.2621980758531079,-0.03829343710759443,0.030529053714132927,0.31844114455954337,0.25690260089517475,0.026262589727455793,0.08186618039222333
2020-08-07,131,0.09963713718732141,0.1751830662242875,-0.04131751630484155,-0.012590098476094162,0.2047138802034068,0.12180660039326545,0.03469321688274288,0.09236685687048901
2020-08-10,131,-0.0024021779746970584,0.22839908183419635,-0.13332087759568675,0.07682165163081194,0.2775636577163295,0.13169273474616985,0.03693515034427513,0.10442931598070242
2020-08-11,131,0.026279827043185818,0.10190572785992634,0.04558799978647307,0.10289862808946779,0.2920781508567768,-0.14075695297069343,0.04013323133305379,0.10538321030225165
2020-08-12,131,0.04658623818929162,0.14985853840815674,0.044963433513051834,0.10900016014519832,0.19242513211978862,0.1263652378156195,0.0444351224119731,0.10960816961419835
2020-08-13,131,0.04436021993273902,0.1283563764479795,0.19024181924945285,0.10551967116852612,0.23798644103987618,-0.09920995035498853,0.0441461688592967,0.1184047233469628
2020-08-14,131,-0.004163775156141568,0.10767095499919926,0.16925746009715475,0.052426199754444035,0.27351198419900713,0.07728607270592003,0.04346316821002587,0.13400430572801153
2020-08-17,131,0.022094699193935835,0.281060161212833,0.013735119841990074,0.0696631612662147,0.33926226445310415,0.3036139433085998,0.040151899326237896,0.14939452619456786
2020-08-18,131,0.04260929909784872,0.22780654460043773,0.09285752415523409,0.12662147013292052,0.3392302354134415,0.09204612181711418,0.03899298190777849,0.16369068804798162
2020-08-19,131,0.07786301106720168,0.2296067346786288,0.14261539857886743,0.1587901499523503,0.30124540247801496,0.08904654378253062,0.033276491590682786,0.16570671761848066
2020-08-20,131,0.15468979166430216,0.30483679180723217,0.1855791725555122,0.17634678955173655,0.2162576953208771,0.24698693080005285,0.04058953239367048,0.16971917590312507
2020-08-21,131,0.04008439663217768,0.11406890790180967,0.22617336541599897,0.14544139411932308,0.0605082748469482,-0.08990029613563781,0.04579025464948339,0.17469756294523042
2020-08-24,131,0.07263652378156196,0.20414776063631027,0.2409864944216089,0.2080606416484279,0.04930870656061495,0.06911332941867293,0.0496712404087848,0.18320834379105289
2020-08-25,131,-0.024085837826295843,0.17262584743500772,0.23447926119681844,0.20287193722308228,-0.01636150109432552,0.04258260823146319,0.04622625028440537,0.19036950324228866
2020-08-26,131,-0.011349016970305142,0.12257578912142365,0.17600051246987797,0.12481783386626284,-0.1429410288870465,0.09953611026731406,0.04461865637284628,0.18465502146577562
2020-08-27,131,-0.08267762771579565,0.17044253456467198,0.1970746810441467,0.2449527571664976,-0.08203170874926599,-0.07777184647413654,0.03835760063164996,0.18348325810174212
2020-08-28,131,-0.012923717503870174,0.2340628836812043,0.17168632893823732,0.29131479207815086,-0.01906795494581754,-0.030347515080339508,0.03626212356131219,0.18798514704367128
2020-08-31,131,-0.01382855632915918,0.31482719642797,0.1277186351875306,0.3066330895122166,-0.019575107530988886,0.20408397491607203,0.03668517435810272,0.19329383399809727
2020-09-01,131,0.027982704318582182,0.22690973148988416,0.09525436395665403,0.28606736774675706,0.016420221000373672,-0.075396359365825,0.03411417135519226,0.19794030453268796
2020-09-02,131,-0.04146159184327123,0.204799017776117,0.11549671702343459,0.32307158490364596,-0.008525062723536005,-0.17554582821758394,0.026644465488539826,0.1980670861480192
2020-09-03,131,0.04194758953558693,0.16944520069210997,0.014423821191798915,0.2451195490322067,-0.0361823316202861,-0.04926626416695491,0.025193956816209957,0.1934294423899693
2020-09-04,131,0.06861963996648394,0.029359992206282756,0.12677377725652839,0.07764650302481561,-0.09916737731202088,0.06951645427387586,0.023643081955168087,0.18613828868906906
2020-09-07,131,-0.02756098862969092,-0.10803395078204238,0.11162654139753375,-0.12702717130198046,-0.23886190145732134,0.150637911706614,0.022385141422418393,0.16931663705825714
2020-09-08,131,-0.04883634339985051,-0.22956844815112545,0.11624688550547572,-0.16173352070360944,-0.22032271969634695,-0.12368030171406642,0.018629332900266575,0.15274292825770455
2020-09-09,131,-0.08311535792451823,-0.20320824213953984,0.017824160572252175,-0.2534618053702023,-0.44512357871136493,0.2655154006299045,0.012144253094576084,0.13508958923031972
2020-09-10,131,-0.09378115328726827,-0.22286369356729074,0.0330860421262801,-0.11202171571797158,-0.3048421299876333,-0.008362259598389444,0.00523718443357572,0.1175285857295562
2020-09-11,131,-0.05813011547823929,-0.018969224055459234,-0.011543815117470267,0.10746824783579717,-0.2619525195546553,-0.04941286688317388,0.0025388674174708333,0.11119657677682329
2020-09-14,131,-0.11771096076103965,-0.05066527872760379,-0.04558326994573898,0.01966876192939165,-0.2784108046316982,0.141143185076161,-0.004451415580277941,0.09461030477980144
2020-09-15,131,-0.041632413388138584,0.09113329418672932,0.030811936155447608,0.17951742913574975,-0.21835797789996264,0.05178028078791437,-0.008663501204577307,0.08777664225911601
2020-09-16,131,-0.003624619655154006,0.02048257086425025,-0.048000854107724346,0.051710884535312016,-0.22098435915229808,0.18379330593071053,-0.01273788274069509,0.07732043406839709
2020-09-17,131,-0.04584696237521081,0.17116074729202677,-0.033806696480434315,0.1877331283473731,-0.1260584610827753,0.1963035769814071,-0.022764720442670743,0.07063663184263683
2020-09-18,131,-0.03187957081086852,0.19532909838253348,0.03194896706347088,0.23600064058079323,-0.14297763305396893,0.14407729674905245,-0.02636291881482305,0.07469964136667301
2020-09-21,131,0.021144504350611222,0.13086531788821865,0.04415736934820904,0.13628890193775692,-0.19501414615918433,0.15845833555757222,-0.028937519786370585,0.07103551922926842
2020-09-22,131,-0.04100784711471735,-0.014776063631025465,0.12745956333742592,0.015534084236374314,-0.1867026103667325,-0.03996156515240485,-0.029783620250791665,0.061665423675966766
2020-09-23,131,-0.02279933806651364,-0.038248011530454276,0.22554849730422247,0.03565899749105856,-0.10922436342283671,-0.06434100250894144,-0.030356136305602088,0.053624233643372876
2020-09-24,131,0.10656609534800414,0.11554758387292607,0.1937439194790594,0.014090127168815152,-0.08604346079581249,0.1427269293853422,-0.020893950152412098,0.05087948610878558
2020-09-25,131,0.12877025672655562,0.12993664914420522,0.1454280486683202,0.06923353071261532,-0.14939431670636896,0.2062512761589358,-0.013809251440890808,0.04567317438193562
2020-09-28,131,0.1299313109638041,-0.0037474026416019087,0.048662852536813385,0.007014369047101009,-0.146207423006887,0.11475219499315586,-0.006621258076242645,0.02974444442845703
2020-09-29,131,0.13745869566573726,0.11081573061456466,0.08163178151924093,0.0982229126310511,-0.09676024534513218,0.11709879410188785,-0.001147458508884891,0.023939744384691052
2020-09-30,130,0.14350891519618345,0.06134190189944391,0.08168086643395678,0.08283341686145301,-0.09824809603867746,0.10317511255811633,0.008101066843087843,0.0167668885908574
2020-10-09,131,0.10018203268189867,0.12058463985993549,0.057876783627492163,0.17024059275635056,0.007062440946243511,-0.024539713552442492,0.01101278900040343,0.014323860549248673
2020-10-12,131,0.12947378255813954,0.09828508895725183,0.07691876527089274,0.1633929882303758,0.027163657233738477,-0.1498044868078581,0.014055496129986212,0.01777011538679713
2020-10-13,131,0.16026797629851067,-0.035616292104841726,0.1332568195163615,0.14586024662360542,0.04773394544386911,-0.3256712752895959,0.02344694437639629,0.021390998320657162
2020-10-14,131,0.15884353197008455,0.03387089025239235,0.12510609676202789,0.20583572218155974,0.053793059270820745,-0.23450186570486103,0.03383093814489304,0.03456296524083305
2020-10-15,131,0.22727806544600437,0.10357657609566005,0.16293706293706292,0.1348582714994929,0.05430523674798484,0.008081994341536327,0.04935060931341917,0.04990220615259304
2020-10-16,131,0.22893945945695043,0.10439921208290577,-0.00619231405717496,0.015496799748257678,-0.005866683748995931,0.17438303733252966,0.06548663995063012,0.06626535143510287
2020-10-19,131,0.13693767274030338,-0.045532009731543414,-0.005599751240798293,0.003808791716215045,-0.06764542204327548,-0.0540010329379557,0.07524002936155724,0.06493721215129866
2020-10-20,131,0.12339187530027226,0.004473389206213633,0.02285805797256179,0.06547803341696472,0.015101692200928843,-0.16730368867773449,0.08729517116462283,0.06769414554798954
2020-10-21,131,0.0841600939605982,0.09852797908285565,-0.07493827655443074,0.11871721985282697,-0.07359570805796119,0.10608426419916829,0.09358479653205967,0.06806387979279585
2020-10-22,131,0.06648694816633748,0.02097902097902098,-0.05712913041157315,0.08054235840495383,-0.12563390807665617,0.07367746757059734,0.09709037492313424,0.06808870229853439
2020-10-23,131,0.032600224203277635,-0.17959750173490632,0.009112261784017509,-0.08748198366518978,-0.149821171195217,-0.1872043986547803,0.10101273425205867,0.05055078984718773
2020-10-26,131,-0.025105428922222818,-0.15969679175786045,0.07781989003363049,-0.12612502001814976,-0.13961458388939305,-0.11293973202370149,0.10135144134649095,0.03279949534016803
2020-10-27,131,-0.05411840068328619,-0.04255591736507767,0.04013238669727219,0.014343671595579992,-0.1802701115678215,0.022286873431911602,0.09758829609479609,0.024128433577503224
2020-10-28,131,-0.047184113596327334,-0.006453851492019431,0.1311268883787968,0.15317354401323868,-0.08151924411466396,-0.2505631772807345,0.09727948277071559,0.02454454418445352
2020-10-29,131,-0.012347194789942883,0.16945497250840763,0.04650082741685795,0.23691346821117815,-0.05805797256178935,0.04662894357550846,0.09780208993454412,0.03492969338639662
2020-10-30,131,0.02279933806651364,0.19904446698339828,0.0169166711151444,0.26640687556718096,-0.08153525863449529,0.06781081513905941,0.0936137520704696,0.03910453754192023
2020-11-02,131,-0.12209469919393584,0.18766348155661136,-0.11374045801526718,0.24206480542358405,-0.04754177120589334,-0.05405968077723802,0.08107050427444504,0.04199087916254054
2020-11-03,131,-0.136550472428335,0.11130625100090749,0.04225697966155982,0.27080019217423795,-0.09425078738055838,-0.2046548870976352,0.06774641510483807,0.04774356184466601
2020-11-04,131,-0.09021512838306732,0.2119041264079432,-0.02436342283670528,0.2505258100677948,0.014023381198953718,-0.06718091069236107,0.05636272390239785,0.05279798163433493
2020-11-05,131,-0.06758937114906348,0.17794023640147755,-0.08435926487925208,0.21876664010941396,0.0017215631793683981,0.007481459832200961,0.045807809585135494,0.05862789835943662
2020-11-06,131,-0.1475898147653873,0.04104521432765707,-0.13510916564351677,0.10410505525009342,-0.01452516948700155,-0.13121763732450756,0.033419217212771204,0.05465092708282269
2020-11-09,131,-0.19053300396777226,0.007935205166298058,-0.07012767592980666,0.10367013248038442,0.0026263847573620215,-0.12092846971727753,0.017418877886475607,0.05013343289327501
2020-11-10,131,-0.10720710621572821,0.05622194107772989,-0.040175306546809265,0.09476909608364402,0.0019537818490741685,-0.07365650806974146,0.004045123760763665,0.05472534455240359
2020-11-11,131,-0.12778536244254485,-0.06855291271146968,-0.039483851337049174,-0.035819190491664966,-0.02591419675734539,-0.013145269237812963,-0.010286320959867805,0.04960415440421049
2020-11-12,131,-0.08552031911650053,-0.015395312276894451,-0.04770731824500891,0.013073203802397541,0.029650923038145014,-0.0531042186305638,-0.025926240187993048,0.04365555998558276
2020-11-13,131,-0.18234957341282107,-0.03204776603825792,-0.033969510982669156,0.033102056667483525,-0.08649987522011016,-0.059552740555143716,-0.04649069183148162,0.03683321107952457
2020-11-16,131,-0.18186622537767577,-0.1712859659424545,-0.04403459136283564,-0.07928788768483425,-0.1609192334383174,-0.08514386376981796,-0.06243088673738058,0.03054551326897902
2020-11-17,131,-0.15967031397856793,-0.1514628616118116,-0.050670008367642905,-0.14424564170946721,-0.16525671976836337,0.1381734615031678,-0.07658399620132259,0.022748700728077758
2020-11-18,131,-0.1259061549137885,-0.14814498478620616,0.028548550685955264,-0.2145838893930497,-0.11908930763892596,0.03050232210537554,-0.08708730864504192,0.010415052534624668
2020-11-19,131,-0.06835806912682797,-0.11729049977389905,0.09572692004348465,-0.20139887017429742,-0.06863298541748682,0.025916865847545965,-0.0938295595097002,0.003501576496978666
2020-11-20,131,-0.006960977953344365,-0.1203010729728287,0.12528692681364437,-0.13179416003843486,-0.014663961992206266,-0.06713820530614424,-0.0958076196175313,0.006466397935082547
2020-11-23,131,0.011722628516521645,-0.1450061388992687,0.021512838306731438,-0.2523461271552875,-0.06640153739390381,0.1507660278652645,-0.09396621674559408,0.007200930578012135
2020-11-24,131,-0.016324133881385792,-0.05426786953504511,-0.07871136497090696,-0.13747931457855123,-0.031687396572892754,0.09882026370575989,-0.09207650340549905,0.0066153329695137625
2020-11-25,131,-0.023423935600212498,-0.1287996167187619,-0.03083866817739918,-0.24157401587329455,-0.14032741729502873,0.08285389800612995,-0.09088849450569332,0.0004980447081766398
2020-11-26,131,-0.08829872417658677,-0.1800245555970747,0.014583889393049698,-0.24813964661292903,-0.21811242192921582,0.09176319863342763,-0.0946860709750255,-0.016975931697097477
2020-11-27,131,-0.1094378903539209,-0.2066567020765494,0.05190305877328779,-0.34498478620616024,-0.20416377515614156,0.1837025569849997,-0.10129793239604723,-0.03726099015009486
2020-11-30,131,-0.034927667752095236,-0.15160412106976995,0.03634762184380505,-0.2705546362034912,-0.31494154700261573,0.27945337105642454,-0.09693958082395521,-0.05422437028141393
2020-12-01,131,-0.11423690813003788,-0.1810815139059414,-0.15360593604868414,-0.24967704051673517,-0.29927400843431373,0.20605882666951372,-0.09582390260904035,-0.06884375852675637
2020-12-02,123,-0.08330861203905536,-0.3011956507719493,-0.23037881621544934,-0.325250544943313,-0.29374701732210345,0.1652951722536792,-0.09547857679183976,-0.09449874738575101
2020-12-03,123,-0.11532806232345773,-0.3695360565451239,-0.10244289381021784,-0.40019476080535527,-0.27589609317563296,0.0572609665811095,-0.09786551135055946,-0.12187256203308106
2020-12-04,123,-0.18586113941520166,-0.5016896467219565,0.015432536662754254,-0.42065754343423917,-0.22903741729114804,-0.17191188040912667,-0.09977907758305019,-0.14900930508556176
2020-12-07,123,-0.13305645483741987,-0.5158581728598883,0.16080019605061202,-0.44338393674788157,-0.1908526911815919,-0.23962672995318002,-0.09690525012653256,-0.17519897398687106
2020-12-08,123,-0.10411336129007305,-0.4708704757949327,0.24202616054603263,-0.3611013031909725,-0.20550200162220159,-0.15108843910319456,-0.0967505628802498,-0.2015535948305042
2020-12-09,122,-0.03296202180284911,-0.42325879565529156,0.1962223375112765,-0.38825791997250686,-0.26454542150082117,0.0962491036643194,-0.09200939584826502,-0.2192888889776953
2020-12-10,122,-0.0773877383789896,-0.5580911971941234,0.3274976125166114,-0.318370624455517,-0.27103056979829837,-0.1581030933320277,-0.09160276681138947,-0.24642368322355673
2020-12-11,122,0.004470938897168405,-0.391529338677752,0.3421738742519521,-0.2673740421186897,-0.22957759045142276,-0.00457007279732735,-0.08226174119589,-0.26439776185553143
2020-12-14,122,-0.05251783584087026,-0.5210709104787836,0.32280971908757156,-0.26453881257414386,-0.242200640404995,0.0033077678019701215,-0.07579432171904973,-0.2818870090823479
2020-12-15,122,-0.1232597869942932,-0.4517498785609723,0.4332052303045724,-0.05908710895806966,-0.21738412073187252,-0.163263620171766,-0.07397379536983598,-0.29690135992980593
2020-12-16,123,-0.01264675818156822,-0.30892012425053506,0.36622715800954336,-0.036195782913845814,-0.2277738545822117,0.05719417385682701,-0.06831082553322497,-0.3049401169030224
2020-12-17,124,0.03386309992132179,-0.1624358772619984,0.42072698662470487,0.08484028324154208,-0.21666089693154994,0.1565759244689221,-0.06319976708081748,-0.3071973857774274
2020-12-18,124,0.038363493312352476,-0.23891109362706525,0.39823760818253345,0.012166797797010227,-0.21675531077891422,0.09078835562549173,-0.06093354351753264,-0.31312788681013914
2020-12-21,124,-0.03828796223446105,-0.1603273013375295,0.2872258064516129,0.10418882769472855,-0.18683870967741933,0.021255704169944923,-0.06343407305508178,-0.31389394493205225
2020-12-22,124,-0.06428953579858379,-0.3367049567269866,0.3228324154209284,-0.059782848151062155,-0.3473674272226593,-0.05006451612903225,-0.06583234315094168,-0.3280157992916493
2020-12-23,124,0.0377970102281668,-0.3730794649881982,0.4013973249409913,-0.06592604248623131,-0.25627694728560185,0.03233359559402045,-0.06277129585952271,-0.3402297917051211
2020-12-24,124,-0.012941194985000874,-0.4238965208474593,0.424554281001123,-0.14896851250487145,-0.1843081716698945,-0.0784559945965678,-0.05900341939994341,-0.35242338996764033
2020-12-25,124,0.1289034286444218,-0.3353081594153001,0.38203049886829177,-0.12456038483160162,-0.16600183477885974,0.20060771142072262,-0.047086353450026285,-0.3588559628345779
2020-12-28,124,0.09473815065023633,-0.2507667203255981,0.33663310249153006,-0.10647695747764163,-0.056701898822885025,0.06027074786907205,-0.04060306252990971,-0.36381409279736926
2020-12-29,124,0.05015271463848008,-0.1432417674931238,0.45010928420084706,-0.005674281155445507,-0.11338176771338619,-0.004673492798578246,-0.032383581391483805,-0.36192210547672843
2020-12-30,124,0.10532245679174357,-0.07818145196977509,0.3329367926850699,0.08261263643050464,-0.0009063786396946795,0.10408248045827237,-0.02295202794994386,-0.35077139553661973
2020-12-31,137,0.17558384826478987,0.10596542647525527,0.27636417943883357,0.16624040920716113,0.0849170198069707,0.24523493942165883,-0.008406432420531478,-0.32699632138560075
2021-01-04,137,0.14075363563387905,0.1891042992887412,0.10444396736796908,0.19928314073963443,0.142671794201654,0.2188660929303489,0.007924306331922558,-0.29245662408506584
2021-01-05,137,0.17653592696996281,0.21464241043926297,0.07255399779715123,0.287705116956335,0.0378217932682435,0.18795620437956204,0.023403925422291694,-0.2559315949201083
2021-01-06,137,0.16645509362107266,0.1160882632964325,0.19422405585528404,0.31182444415405003,0.049932794444340727,-0.005595795919129314,0.03693234816784898,-0.22658365796554003
2021-01-07,137,0.059374241603972595,0.13117217689995705,0.054371161349338205,0.1911064648010902,0.013907816379487369,0.13491982003845648,0.04154916133819006,-0.1988621093377776
2021-01-08,137,0.17679261485616146,0.2859409711202793,0.06246383034330837,0.2147777549610768,0.09780741874661639,0.19249724643903893,0.054258178999947615,-0.15666050092205747
2021-01-11,137,0.1384014411858047,0.11754438366904997,0.18888494782235327,0.2297029887804058,0.17301696940280395,-0.018551533593443723,0.060954704114379435,-0.13120681480471735
2021-01-12,137,0.13232027180913622,0.2427567345567233,0.0967293296245823,0.2028581029365094,0.13075214217708664,0.21629921406836294,0.07019660949687975,-0.093015432552942
2021-01-13,137,0.16662310751022083,0.21633188343569731,0.12522168499262604,0.07098120111262529,0.061661097317378226,0.40445610170440754,0.08469075422210545,-0.05961134445310853
2021-01-14,137,0.08513637127335859,0.1965389138835477,0.12203408815128715,0.06019564283980809,-0.057204062202475404,0.29832266134000407,0.0895799106948518,-0.03433839254640439
2021-01-15,137,0.05855524221451216,0.09130865470894857,0.29222083117987946,0.11101764031225506,0.04620387342475355,0.004744064377400201,0.0908145178095113,-0.021651165947857043
2021-01-18,137,0.08995743648141578,0.23410868631806894,0.08795527096906676,0.2534676199899191,-0.0018481527806298653,0.14060428995463625,0.09339421496796448,0.001999823049399664
2021-01-19,137,0.04005269108396313,0.20572624671715645,0.18767406667605072,0.21031863171210166,0.013046760420090764,0.04033504808822551,0.09731124763388568,0.020302500452133963
2021-01-20,137,-0.07960124703642167,0.24938861612559968,0.10329587245878992,0.3643941232475218,0.0225231952508074,-0.12507700636585958,0.09654566207199379,0.049607179094763275
2021-01-21,137,0.020721712994940914,0.3624339612074598,0.015919315996789068,0.46180484253364934,0.01836951854686654,-0.01226501390781638,0.0956918972103325,0.08638285040454616
2021-01-22,137,0.04160210577407732,0.5217111281199246,-0.11046446506244514,0.47221236955588325,0.04360893833890268,0.12083932271734463,0.09841906224828642,0.13366323285291537
2021-01-25,137,-0.05974760580207963,0.46986950921276155,-0.18695278809714935,0.4424039053895122,0.033686784774207994,0.06577743760150838,0.08898651052596133,0.17392211628431845
2021-01-26,137,-0.029691787854462633,0.3944312729852334,-0.056083969608154274,0.4779855134691134,0.027409599193533328,-0.07366942333899602,0.08276501360072638,0.20618201594986005
2021-01-27,137,-0.003845651240502548,0.518598204118207,-0.10132637631377527,0.4760020161666697,0.01292773535945638,0.10830828681837697,0.08006509530677726,0.23927401453042657
2021-01-28,137,0.01173763697799018,0.5057824780181828,-0.11785240913248828,0.5490460544738365,0.028137659379842066,0.12461963522317844,0.0753858543160896,0.2684722110298245
2021-01-29,137,-0.059411578023783294,0.5235919502678887,-0.21984150689790352,0.5864991505964493,0.02582280135157839,0.028025650120409955,0.06363608300166093,0.2893535372194561
2021-02-01,137,-0.10002426867287695,0.514509866148935,-0.26997031754625045,0.6453413482181193,0.048719360800492835,-0.04864468796087143,0.05159718778632313,0.3056238155624658
2021-02-02,137,-0.06921705527656952,0.617381036832378,-0.3192823940112382,0.6219034106819497,0.07569959116620306,0.09606194112046595,0.039309538673996516,0.3257607468821216
2021-02-03,137,-0.06481376688750151,0.5954442514101485,-0.3270814203259599,0.6239809770723359,0.08960984562545259,-0.01715143786221912,0.027746095648567802,0.34972854628780736
2021-02-04,137,-0.09300035469598819,0.5649093658409094,-0.33948606418130567,0.5988061679765526,0.07377209849347545,0.0011760972240371869,0.020127365833569767,0.371415405734855
2021-02-05,137,-0.0003686971456307055,0.5243993503462951,-0.3350990348535479,0.6251983497302444,0.047384583792260154,0.12644445274142663,0.011269300233480158,0.3833383246961558
2021-02-08,137,-0.057059383575708916,0.554520507028581,-0.3064246644389269,0.6539847294042973,0.10598876173763697,-0.12171206153041984,0.0014962589954044786,0.4051871308641323
2021-02-09,137,-0.020311012377023166,0.5859764407190995,-0.32254933074467484,0.6705947691675844,0.10356656150241751,0.02390464278380346,-0.006135305213903491,0.42234811617225115
2021-02-10,137,-0.06457333806261317,0.585309052214983,-0.38451845352549135,0.6257397278174995,0.08740922582933522,0.01906024231336457,-0.01769512749254519,0.44079697461121536
2021-02-18,137,-0.05293370918662609,0.5021468441391155,-0.22824686840778835,0.6894029906472268,0.18760617544383668,-0.21271025071405902,-0.024598631515544426,0.4560773711239938
2021-02-19,137,0.09467593699944955,0.5306188168778426,-0.04988384859600792,0.6997739977206184,0.308940566184342,-0.18183091015809202,-0.02279259677629756,0.47804287923243854
2021-02-22,137,0.19869042507513954,0.6285166240409207,0.0679382828980529,0.6447719678160061,0.3107696902943976,0.038311833778259,-0.017355947346611368,0.4977632761185811
2021-02-23,137,0.19176240941545317,0.5730283722122604,-0.013140101578524608,0.6523730239389508,0.2974479360521748,0.0025902171465392145,-0.009770461430036865,0.5161283823933364
2021-02-24,137,0.18819211010535855,0.5197679072099082,0.06565850437132781,0.609646108665858,0.30692906422009264,0.03505660557879155,0.0036192064270521448,0.5296473469475518
2021-02-25,137,0.23043571601919094,0.5315959452648085,0.01221367633057666,0.5326040285996976,0.310125637052663,0.03925457837847928,0.014104906578264648,0.5381054461504192
2021-02-26,137,0.035768290178654766,0.4022159165157652,-0.009156756958575242,0.46115612223943836,0.20910261914984968,0.0801939627009166,0.013813215798493516,0.5321306855702111
2021-03-01,137,0.09209027946310228,0.5165166987137603,-0.10556405996229021,0.5397912894132582,0.2067224223869173,0.16087329885937235,0.021405110061752615,0.5344630450452612
2021-03-02,137,0.07660966639908899,0.3955233632646965,-0.09924487090932849,0.4994166184404577,0.14656878301939627,0.11768906229581644,0.026720182774430196,0.5345176495592343
2021-03-03,137,0.11400675789198575,0.42842608322287973,-0.06193178636100584,0.5091660910635278,0.15770903728041516,0.06407863050012134,0.0326128032310546,0.530009043514468
2021-03-04,137,-0.010416861127186513,0.13458379226016015,-0.1224307876117759,0.3248315194056042,0.10942837941269812,-0.07159725203950193,0.03150507832579578,0.5114491092265668
2021-03-05,137,-0.004116345086932589,0.037215119867574226,-0.12590088802453173,0.19548905516592444,0.06366333710980436,0.005381117783711196,0.034269839972638313,0.4871302677065511
2021-03-08,137,-0.1182957791177404,-0.16978736908917802,-0.34629529374428286,0.10108835663748202,-0.04619915246327029,0.08620979334291633,0.033356264450395134,0.4529154059446454
2021-03-09,137,-0.1614146769466276,-0.27281255250434033,-0.27719958183209814,-0.03265069912446095,0.02607015513282431,-0.1418037224410551,0.028746383366892232,0.4084057264778095
2021-03-10,137,-0.03041521647566858,-0.18783741370330997,-0.20389909354081392,-0.0907182718818545,0.10610322832071309,-0.0977841975752966,0.030466310887483878,0.3692416432221366
2021-03-11,137,0.06459200627251853,-0.002053503089588739,-0.1667164485597476,0.03007915320999869,0.22816286146321424,-0.1090456811096384,0.03834592893590922,0.3408934997756117
2021-03-12,137,0.1898510276849553,0.07259133421696193,-0.16355685403326675,0.09076016950734594,0.2928482087852596,-0.09394309929620848,0.04785691517743852,0.318303098969145
2021-03-15,137,-0.003565644733012179,-0.14583673640990125,-0.44429613520064576,0.05389537352987518,0.22793057260582303,-0.12711710156158734,0.05053160211957336,0.2832852367972209
2021-03-16,137,0.06242182687102133,-0.2779229749659305,-0.4543888961487483,-0.042619523213919014,0.19475609983758654,-0.07724438553587097,0.054668244081975584,0.2400902660129694
2021-03-17,137,0.08050198816435492,-0.19841973603151192,-0.29692721264957905,-0.0489107099520227,0.11348404801463585,-0.007373942912614109,0.06192201039332399,0.20090382660064465
2021-03-18,137,0.11704967610655811,-0.0978214199040454,-0.2820253140926316,-0.0045690443743349445,0.19389736218194037,-0.029033733455298968,0.0704211796579832,0.1709054133984866
2021-03-19,137,0.036561689099632234,-0.3092715664494931,-0.32444882110254447,-0.13035077566412157,0.10577407732372543,-0.17223290458677917,0.06751546726299233,0.12891089423211982
2021-03-22,137,0.02939776354845333,-0.3502482871917411,-0.4176078555827281,-0.18163701532660034,0.02838034610861164,-0.0654227416133067,0.05905083418665802,0.07997264867048673
2021-03-23,137,0.015933317154218078,-0.3399807717437974,-0.33339089364720814,-0.220952265387272,-0.04094871842738999,0.053783112737319616,0.05025937957359626,0.03432219147268385
2021-03-24,137,-0.09810611010510202,-0.42368902495939664,-0.3699805850616984,-0.24169264659211825,-0.20126663804207812,0.0973687158138406,0.03594446856307324,-0.012850655135781394
2021-03-25,137,-0.20634905818881027,-0.4601900423768364,-0.25425168480594396,-0.2750434035880299,-0.21866540967386636,-0.06973976515391939,0.014105229852673174,-0.06243995451786364
2021-03-26,137,-0.009128754643717214,-0.30536524352679817,-0.15844643157167657,-0.21630388112083934,-0.18171635521869808,0.057624096925345814,0.011860377611554574,-0.09781901251999181
2021-03-29,137,-0.09012788905476043,-0.32289935968040023,-0.17926148561614424,-0.21970616237608973,-0.14935501334777007,0.020633038997890492,0.0027494691856614394,-0.13978981543969982
2021-03-30,137,-0.0793352250452704,-0.3367978419549349,-0.10905034816211473,-0.24462822259973485,-0.18104896671458173,0.05890286930386245,-0.00504777538655653,-0.1764058757006814
2021-03-31,137,-0.15075979614314783,-0.3534265499281274,-0.11557488752403532,-0.25895607370209267,-0.12313551253570294,-0.15405473519144247,-0.01828610308831321,-0.21549850735823176
2021-04-01,137,-0.027414298232020438,-0.25548175122031785,0.07336148347108092,-0.2442691445634521,-0.04686659564963386,-0.17865031018445868,-0.019135974943554904,-0.23500178453225568
2021-04-02,137,0.0409767685524582,-0.10744734100216048,0.09960901722267829,-0.01774882127619573,-0.09958334840410898,-0.1257632098158418,-0.016881319261585367,-0.2422349075757424
2021-04-06,137,-0.011382940989788488,-0.04543842290962719,0.05764743218772752,0.10372990833908936,-0.15674762447028953,-0.06518938898948978,-0.011535677355187771,-0.23601746026676484
2021-04-07,137,-0.002737229471072521,-0.030310207672430495,0.03773316329688206,0.12121749540011352,-0.1862062769596785,-0.08052308385191771,-0.0036018049814100167,-0.22389234302516936
2021-04-08,137,0.023598978381037004,0.04332429868706941,0.13485230511833754,0.2047531651404836,-0.1502162597965485,-0.08644324682558438,-0.0009010952385747376,-0.21233425740565037
2021-04-09,137,-0.031152575279556442,-0.037131069501745474,0.11361472548397333,0.1421584184292568,-0.17435641346351297,-0.11856646816136801,-0.005688324316178486,-0.21408813572625823
2021-04-12,137,-0.004522373849571564,-0.01345511228928258,0.04117740399873056,0.050035469598820166,-0.1408049732111188,0.08894935314652676,-0.015406994392904827,-0.21839045805157045
2021-04-13,137,-0.007019246924412417,-0.08145406686952789,-0.0874325610917169,-0.05007280601863087,-0.10807026714208372,0.12339686747437786,-0.015579674502474841,-0.21517132457455176
2021-04-14,137,-0.09841413556854033,-0.12591707581160042,-0.03898855638732802,-0.057712770922396246,-0.1673465006440532,-0.024614034760206845,-0.023621472624452924,-0.2075710296168353
2021-04-15,137,-0.1590111449213135,-0.1394095245206937,-0.03389213508316687,-0.060765023241921325,-0.18217839341385553,0.0029262419026639536,-0.035597129278736345,-0.20462051904129436
2021-04-16,137,-0.20179868202438067,-0.1877041835458398,-0.0259581458733922,-0.11474415218324713,-0.19865308865532882,0.07745906994978251,-0.05153954718528329,-0.2091146572233841
2021-04-19,137,-0.14635876565796105,-0.10153172662273414,-0.01669404670786118,-0.04977878171262157,-0.079591912931469,-0.05540257994660892,-0.06068556992316295,-0.19872766523204613
2021-04-20,137,-0.05656467601321708,-0.03945059458248548,0.08126738477047435,0.06057834114286781,-0.0459424645770717,-0.11304534508186008,-0.06498369190124646,-0.18318778060158333
2021-04-21,137,-0.0852717157951724,-0.078266470028189,0.04714189706349057,-0.011490283196744264,-0.011121586051113559,-0.058352157111654555,-0.07004394354871599,-0.17010206551580292
2021-04-22,137,-0.21285974645056951,-0.16814886205409835,0.02068928502396208,-0.10757914830697901,-0.005388174951537158,-0.14950143631233417,-0.07578162536598937,-0.15732505737053804
2021-04-23,137,-0.08793670536052589,-0.08732298724382336,0.050597908458026836,-0.03430287572443824,-0.011732983615134387,-0.0722180542802663,-0.06986100772457514,-0.13868170461388735
2021-04-26,137,-0.059420912128735966,-0.10816827524408684,0.0576334310302985,-0.10653480687736852,0.02714357720238206,-0.027778296339164035,-0.07237561559882608,-0.1288218561997518
2021-04-27,137,0.0012647712210876098,-0.04698321727929508,0.010738887748053837,-0.05233632646965481,0.1024604700655254,-0.056284652864636804,-0.06780598258503368,-0.11502604907969656
2021-04-28,137,0.011882315604756657,0.012344353799914127,-0.018574868855825415,-0.08909403177329325,0.09572591334216961,0.13506916571769934,-0.06324510555253234,-0.0975689392919541
2021-04-29,137,-0.13289898631620212,-0.2560905034816211,0.10625011667631191,-0.20105195362816655,0.023517277428267404,-0.21901077155711537,-0.06235206506118505,-0.09270213696962878
2021-04-30,137,-0.15535684283234077,-0.10867698396400768,-0.012302350327627084,-0.0848190117049676,-0.10211044112980006,0.035343588403308,-0.06874919229120106,-0.08536189860681329
2021-05-06,137,-0.1662264080497321,-0.10414994306195978,-0.046623854238617056,-0.13489181772359848,0.008139339518733548,0.022210502734892747,-0.07910935112131058,-0.08519702870980324
2021-05-07,137,-0.1626773044474669,-0.18659597629613983,-0.19145205006366062,-0.24118421927721354,-0.019130270421016646,0.15213675413132488,-0.0866740692941945,-0.09225490637912886
2021-05-10,137,-0.12583773591950265,-0.17246625721059605,-0.3615518882894319,-0.228559560923703,-0.017725465305131888,0.15243060092967683,-0.09282909461661601,-0.09936270885603715
2021-05-11,137,-0.27837567905613525,-0.37388690798439334,-0.2720938264229843,-0.20749715309798944,-0.041163402841301544,-0.18039091231541807,-0.10792782748847463,-0.12022326918961028
2021-05-12,136,-0.1917895138590716,-0.296927627498688,-0.28120795763560896,-0.26217737703353844,0.008487190496636609,0.03071418348361242,-0.11595967441745036,-0.13321309708945742
2021-05-13,137,-0.22370582634831143,-0.4668919297328579,-0.24390482946590247,-0.38575522243172095,-0.031231915171654186,-0.009716803255735807,-0.12691884704238737,-0.1558849379616362
2021-05-14,137,-0.14017958817928947,-0.27758694718763416,0.009763473780499188,-0.31940840442809937,-0.09336438478914255,0.012073664756286519,-0.1335768641051312,-0.16569158197754147
2021-05-17,137,-0.03440551085556406,-0.1907144323930778,0.06854033266750051,-0.18976235368790484,-0.027642951817350235,-0.22873224186532753,-0.1303764328694824,-0.16893144980661537
2021-05-18,137,-0.0025342094946515575,-0.07224130528123658,-0.005647133496369033,-0.08050665521683126,0.006645882726305374,-0.05842216289879963,-0.12255258609814931,-0.1655730388446425
2021-05-19,137,0.08219612821326562,-0.045704444900778456,0.008003994996919745,-0.10309985625478373,0.022336513151753872,0.042843541732783236,-0.10835284558626701,-0.15847305191238942
2021-05-20,137,0.11025911475348628,-0.004648384266432691,0.061712434894617946,-0.053311740437209466,-0.038955887019993654,0.12292082812179139,-0.09552195156569462,-0.15362888479457437
2021-05-21,137,0.028959060615677563,-0.037490432542423506,0.0856404129408031,-0.14201840685496667,-0.004727724158530438,0.10117236358205611,-0.0912457647342499,-0.15353087669257126
2021-05-24,137,0.07273134579125208,-0.01025351429051468,0.06851233035264247,-0.07919054641850393,-0.10950305225231952,0.09659865215524482,-0.08334561165492868,-0.15013022890568756
2021-05-25,137,0.14673679690854444,0.04593779752459536,-0.03383613045345082,0.024478690238393035,-0.1350178281404596,0.19667892545783783,-0.06536578448697299,-0.13942589592675286
2021-05-26,137,0.25097074691507826,0.12504433699852519,-0.09342038941885862,-0.0020021655123490206,-0.10024362013926484,0.35720686243396116,-0.04842041187319277,-0.12880752971463544
2021-05-27,137,0.1010604722363246,-0.038778584271341135,0.008638724213052406,0.004235355063935743,-0.1838050756589678,0.0009194104105733786,-0.040396342654939736,-0.12533804516599817
2021-05-28,137,0.1402264223151662,-0.05532563813270111,-0.07422255565763314,-0.07814755136977634,-0.0817061830350667,0.2352103851374474,-0.03344826010023581,-0.12575516620866847
2021-05-31,137,0.1836720645081996,-0.06146981988660899,-0.010995588463507006,-0.022863916758370472,0.005924830031588346,-0.07815688548561973,-0.024858772655063664,-0.1294458748929946
2021-06-01,137,0.31377527208915934,0.01653536692366569,0.12904400097074692,0.05388112083932271,0.02411932719771501,-0.0006673885041163402,-0.002525059734795593,-0.11581458137273026
2021-06-02,135,0.2473981165231043,0.0052555912296293455,0.13592592908742068,-0.01937374326133435,0.12646586487408787,0.015110739331222008,0.01761268823297666,-0.11011795261304842
2021-06-03,135,0.11122329528826458,-0.004019120085845284,-0.021861281826163304,-0.03593795727246122,-0.03279680031216467,0.08862062237830456,0.0314851733998765,-0.1051114114642427
2021-06-04,135,0.07526582772412449,-0.14198614769290804,-0.017461711052580237,-0.027202224173251393,-0.06889083991805679,-0.13007511462296362,0.043382330008456066,-0.10288092003408109
2021-06-07,135,0.05806262803628915,-0.02609013754755634,-0.050097551458394306,0.07097356355477516,-0.06230123890352161,-0.12547068578675252,0.052577348206245655,-0.09556211405092913
2021-06-08,135,0.1393083601599844,0.034396644229831234,-0.03157740708223589,-0.06666178909374697,-0.087791434981953,0.26407455867076346,0.07346155016705164,-0.07514793644021789
2021-06-09,135,0.08161642766559361,-0.07545117549507367,0.07723148961076969,-0.049214710759925874,-0.029021558872305144,-0.04336650082918741,0.0871318472432849,-0.06407411384003718
2021-06-10,134,0.14803925235975512,-0.06733500417710944,0.06956445840970586,0.04349929550243769,-0.0027656205189590896,-0.12973977231636305,0.10571910117868821,-0.044096267562249755
2021-06-11,134,0.08403107773305168,-0.18041643962711768,0.12267749308291821,-0.07641750697334707,-0.17523681746271988,-0.027544018683569437,0.1169296344743053,-0.03923774218422393
2021-06-15,134,0.003773114377984763,-0.23479843888327787,0.10666217783264131,-0.12668736517911697,-0.23804037456826146,0.028481651890921333,0.11883856573598273,-0.04144194250873393
2021-06-16,134,-0.08793376476015913,-0.2630581428696119,-0.03421738425666156,-0.28361700270576945,-0.24866394842828468,0.12439805982618239,0.11456858797270734,-0.050982784388152694
2021-06-17,134,-0.15483235451813615,-0.36020149877180513,-0.06845222509008841,-0.24244940709983917,-0.2982156884749187,-0.10467212808139754,0.10271716383613724,-0.06670763708170403
2021-06-18,134,-0.13986458684023495,-0.25538223668624305,-0.09009838027905585,-0.16139602738188755,-0.281746655195202,0.030566465916033868,0.0902109787564512,-0.07924432970269454
2021-06-21,134,-0.141964363645432,-0.21704260651629073,-0.11471215351812368,-0.168338757341114,-0.23886831506627265,0.050666467162932216,0.08166480754339572,-0.08822193840138791
2021-06-22,134,-0.08272671729073929,-0.22828464195314158,-0.016875522138680037,-0.17804960161598027,-0.17236374518385517,0.044606541228693626,0.07389190438929615,-0.09912349478451925
2021-06-23,134,-0.07410316836868291,-0.31989176922405516,0.0810708362947169,-0.1842691305377873,-0.2543797304205788,-0.07551465728999116,0.06284990612543477,-0.11741497312195177
2021-06-24,134,-0.17452836070275193,-0.37525405553685215,0.09457225152433323,-0.20464344941956886,-0.3143256150326064,-0.1733463010760733,0.041574950744543274,-0.14242989274872064
2021-06-25,135,-0.06713491366695933,-0.23853282606574974,0.0880206809091796,-0.08233830845771145,-0.25183884499073267,-0.058399180567749495,0.03316518144937908,-0.15241760483844108
2021-06-28,135,-0.06805441914747419,-0.15616056501885212,0.09061322140922427,-0.01165009712479786,-0.20775315548883297,-0.037242753442074124,0.022751139376247058,-0.15745935118274862
2021-06-29,135,0.02752902155887231,-0.022695346795434595,0.08315774070822361,-0.008326016973953762,-0.12978246024778073,0.030479953175299977,0.014943987228780695,-0.1555206275281899
2021-06-30,145,0.10788458510470791,-0.013155408597071325,0.07217367343725398,0.05597937332703511,-0.06683199496142339,0.08485277908990708,0.004649452879558123,-0.15700516630422676
2021-07-01,145,0.05086994174145804,0.0005825854196189576,0.07357502755471579,-0.04698079042670445,-0.23365611714690596,0.26817823964729964,-0.00517695585952419,-0.15723881659472727
2021-07-02,145,-0.06672964887419304,-0.1406117146905999,0.10561722563375846,-0.0701857975122028,-0.11696583215241692,-0.06456463549047393,-0.014074603067647073,-0.164068446324965
2021-07-05,145,-0.07337820815619588,-0.24118249094630767,0.1490080302314596,-0.07122500393638796,-0.1131947724767753,-0.08015273185325145,-0.02150680486166309,-0.169028263487635
2021-07-06,145,-0.07730672335065343,-0.11744607148480553,0.09528814359943315,-0.12385844748858446,-0.11051802865690441,0.07422059518186112,-0.028275272431010218,-0.17359606018449744
2021-07-07,145,-0.11953235710911667,-0.2363131790269249,0.15223980475515664,-0.07782239017477562,-0.16203747441347816,-0.021642261061250195,-0.04121730829446527,-0.18713155134733525
2021-07-08,145,-0.08995245822754534,-0.13622868074786232,0.1043891753161182,-4.9204898052395556e-05,-0.10475919614947221,-0.09601843805944468,-0.04979575258912222,-0.19017042660997469
2021-07-09,145,-0.10763276219573212,-0.15677074158677642,0.1909268136188273,0.07495086890933099,-0.0538439358407754,-0.19807530120787933,-0.06257935331689658,-0.19464221348045802
2021-07-12,145,-0.04190678633286096,-0.008908045977011494,0.13310895921902063,0.17708628562431114,-0.02747598803338057,-0.171165958116832,-0.06887624652019222,-0.1860667937979527
2021-07-13,145,-0.04910250354274917,-0.010537710596756414,0.19187923161706816,0.1396591088017635,-0.02914108014485908,-0.10111399779562272,-0.0715200274162289,-0.17485375738362666
2021-07-14,145,-0.08421114785073217,0.10297197291765076,0.09149740198393953,0.21108093213667137,-0.14051330499133996,-0.030629034797669655,-0.07133389657075757,-0.1565522515942635
2021-07-15,145,-0.04443001102188631,0.04760273972602739,0.1042867264997638,0.17340576287198864,-0.17558652180758935,0.10940403086128168,-0.06581377939594507,-0.13616203966937188
2021-07-16,145,-0.06115965989607935,0.09169028499448904,0.12536608408124703,0.23462053219965354,-0.19709100928987558,0.026413163281373008,-0.06187853304873729,-0.1188084135853353
2021-07-19,145,-0.008105030807190595,0.1871301636851045,-0.015531034021258132,0.19631376585760357,-0.20555641390776552,0.24224949048339794,-0.055185566406825225,-0.09859977507526552
2021-07-20,145,0.05531412376003778,0.19687844433947407,0.0021925680995118877,0.2661509998425445,-0.16648165643205792,0.11035270036214767,-0.04828352435428637,-0.07734162076063475
2021-07-21,145,-0.04831724169153033,0.20210813465225366,-0.08100700776161984,0.34635130919489016,-0.10395617221325712,-0.12452578779508057,-0.04699422802042874,-0.051241625566819306
2021-07-22,145,0.05325932923948984,0.14631160447173672,-0.005227523224689025,0.37543693906471415,0.07700362147693277,-0.258656117146906,-0.03560484352331665,-0.025163342566389864
2021-07-23,145,0.09161549362305148,0.22411037631868996,0.011112423240434575,0.3636474570933711,0.11421036057313808,-0.16637537395685717,-0.027667323158816114,-0.0020311824471678772
2021-07-26,145,0.024393796252558653,0.1586836718626988,0.08495118878916705,0.31588332546055736,0.016233663989922844,-0.1280821917808219,-0.023044912388814467,0.013711029396909668
2021-07-27,144,-0.054268145647455995,0.21940760389036254,0.04815529298287919,0.26292902499799053,-0.18713125954505266,0.16765131420303836,-0.02713477074913089,0.02581617693119953
2021-07-28,144,-0.002929828791897757,0.2101961257133671,0.07719234788200305,0.22495378185033357,-0.14707017120810223,0.2909412426653806,-0.03267549144396117,0.03698375364672145
2021-07-29,144,-0.04514111118593146,0.2452397769872801,0.010127813407100008,0.3460376437161578,-0.05387233127598097,0.059418514808440494,-0.037476044090330646,0.049216613225104504
2021-07-30,144,-0.12357125632987702,0.24559922835784903,-0.008689012137287998,0.3193392814082469,-0.15046620046620046,0.10519652761032072,-0.04031812446311484,0.06852716037752696
2021-08-02,144,0.0341692789968652,0.26161884092918575,0.07081022425850013,0.30980628566835466,-0.09017763845350052,0.10981432360742706,-0.034940750105461785,0.09366722697130161
2021-08-03,144,-0.00632183908045977,0.2640784502853469,0.0164938509766096,0.28433003777831367,-0.11330278916485814,0.3388795112933044,-0.03139150589195211,0.11274345305980923
2021-08-04,145,-0.08871437568886788,0.2859313493937962,-0.10078727759407966,0.39613053062509834,0.001413163281373012,-0.16550149582742876,-0.02985060682093967,0.1388556794808453
2021-08-05,145,-0.01239962210675484,0.30372775940796726,-0.03734451267516926,0.4089316643048338,0.011250196819398518,0.09529995276334435,-0.02597296501490014,0.16085350148863678
2021-08-06,145,0.03963549047394112,0.29346953235710904,-0.10384191465910879,0.43277830262950717,0.1168123130215714,-0.10894347346874508,-0.01860955238141648,0.18336551518583105
2021-08-09,145,0.058872618485277896,0.2902731853251456,-0.04303652968036529,0.43618327822390174,0.14771295858919856,-0.027826326562746025,-0.013570582140509536,0.1983245767509389
2021-08-10,145,0.06428515194457565,0.32947567312234294,0.008337269721303732,0.4499291450165328,0.1045544008817509,-0.03850968351440718,-0.007901199366143296,0.21532524593689387
2021-08-11,145,0.05555817981420249,0.29395370807746807,0.08924972445284206,0.4530349551251771,0.19619744922059518,-0.10462525586521806,-0.0009127329828965619,0.22487433269488472
2021-08-12,145,0.1076523382144544,0.33249881908360884,0.1590969925995906,0.4368957644465438,0.2391513147535821,-0.14015903007400407,0.006691384478920473,0.2391191366627638
2021-08-13,145,0.1881162298420745,0.36142572176222204,0.24269823915363578,0.43994099348646865,0.21651336060607299,0.035275975511723415,0.019155178965828166,0.25260590850115044
2021-08-16,145,0.17346480869154463,0.39477641316328127,0.31833569516611554,0.4115965989607936,0.19635884112738153,-0.0032002834199338684,0.028233670940764927,0.2629882209750593
2021-08-17,145,0.17498819083608877,0.2599944890568414,0.42501968193985196,0.29914186742245313,0.19992914501653283,-0.19462683042040618,0.034217374294567476,0.26614402321092767
2021-08-18,145,0.2045032278381357,0.3658636435207054,0.4067942056369075,0.2335655802235868,0.13927334278066444,0.1656353330184223,0.046858397771050775,0.2743317986543502
2021-08-19,145,0.19674067076051013,0.4285899858290033,0.31828058573453,0.37472445284207206,0.11446228940324359,0.23063297118564005,0.054032464847101794,0.2884457177222136
2021-08-20,145,0.1463627775153519,0.32191780821917804,0.26603684459140287,0.26875688867894815,0.12282317745236969,0.1461698945048024,0.05676982904171681,0.293336089317238
2021-08-23,145,0.24875044161408044,0.3939639367463102,0.273368636207655,0.33628398705337004,0.18308945745704175,0.222018404600175,0.0679876613097929,0.30510010256141856
2021-08-24,145,0.21661943001102188,0.45122028027082345,0.30551094315855765,0.41670996693434104,0.23578570303889151,0.05473941111635962,0.08153204009271679,0.3166907363804416
2021-08-25,145,0.2561250196819398,0.432124862226421,0.35458195559754363,0.42223665564478025,0.27840891198236495,0.047358683671862696,0.09448478251640867,0.3277871732060943
2021-08-26,145,0.2535506219492993,0.4252401196661943,0.17260273972602738,0.32527948354589825,0.3056880806172256,0.19454022988505743,0.10941936917317022,0.33678719034004
2021-08-27,145,0.1908557707447646,0.4661982364981892,0.08465595969138717,0.3302117776728074,0.32764131632813726,0.2374193040466068,0.12514072052690228,0.34781714074705705
2021-08-30,145,0.11517871201385606,0.4241103763186899,-0.053015273185325146,0.3285112580695953,0.26956778460085024,0.2333097150055109,0.12919119217775182,0.3559417175165322
2021-08-31,145,0.05383606305708702,0.273039947488665,-0.11722574912002716,0.2630021482859763,0.2659485375813538,-0.005684149823012734,0.13219908728462917,0.3563897923766981
2021-09-01,145,0.09253660840812471,0.20679026924893718,-0.13084159974807116,0.2148165643205794,0.36263186899700833,-0.006211620217288615,0.14126163648947881,0.3524327383694552
2021-09-02,145,-0.0069910250354274905,0.2138324673279798,-0.31905605416469845,0.18897417729491414,0.3662572823177452,-0.11354117461817036,0.14153206634304516,0.3479379737654558
2021-09-03,145,0.05919152416110975,0.06076214450694222,-0.23639607581108496,0.22747030730438045,0.3996835140959206,-0.18426250222661084,0.1425098680274036,0.33630260437294746
2021-09-06,145,0.058297905841599745,0.16675326720201541,-0.29678003464021413,0.1644347346874508,0.3632498819083608,0.02129585891985514,0.1424811323952197,0.330126608466791
2021-09-07,145,-0.006617068178239646,0.13274681152574397,-0.34290662887734213,0.10855377105967563,0.37240198393953705,-0.044701621791843796,0.13893602138907893,0.32029016538696103
2021-09-08,145,0.025381854611347725,0.015458210772140586,-0.41388207947791994,0.020573551973667628,0.20711719327398753,0.09938602128215063,0.1374272051289362,0.30636539052169465
2021-09-09,145,-0.06664698472681467,-0.005479452054794521,-0.3628995433789954,0.022118564005668393,0.18589198551409222,0.04914186742245315,0.12871223898187273,0.28946647696477446
2021-09-10,145,0.026129743347504328,0.02071327350023618,-0.3054597701149425,0.0603251456463549,0.22403164855928198,0.03934419776413163,0.12061291465714423,0.27243085455167515
2021-09-13,145,-0.04780349551251771,0.027472051645410174,-0.4671036057313809,0.010037789324515824,0.125948669500866,0.07984569359156038,0.10954949944694112,0.25406563647578156
2021-09-14,145,-0.033101086443079825,0.002436624153676586,-0.3212053219965359,0.08111714690599905,0.1946976854038734,-0.1593489214296961,0.09914503558298268,0.24118774323062336
2021-09-15,145,-0.14813415210203115,0.01727680680207841,-0.5237364194615021,0.05482994803967878,0.15627853881278536,0.023224689025350336,0.08151316658597434,0.22375840139469205
2021-09-16,145,-0.20302708234923633,-0.19603212092583844,-0.41860730593607304,-0.045666036844591404,0.01915052747598803,-0.0838568729333963,0.06152477893048702,0.1925272960569499
2021-09-17,145,-0.2018264840182648,-0.22700362147693273,-0.40993937962525584,-0.09728389230042511,0.019658321524169423,-0.17559439458353016,0.04411531585380618,0.16508122457214439
2021-09-22,145,-0.22623624846122636,-0.1003405963043671,-0.5147048837832006,-0.07708045689703867,0.002712173980648043,-0.08707889218128545,0.020365981350040842,0.14036599791961052
2021-09-23,145,-0.19110591944773803,-0.07749960636120297,-0.5441977641316328,-0.06070697527948354,0.05623130215714061,-0.05273578963942686,-2.0286122897154867e-05,0.11393000358800923
2021-09-24,145,-0.2584382227158555,-0.26724007283683476,-0.4518840722553118,-0.16441863898842715,0.11977168725669773,-0.3862284111784722,-0.02574844824278692,0.07896175683484644
2021-09-27,145,-0.16087230357424026,-0.1802511415525114,-0.3060659738623839,-0.11564714218233348,0.1739804755156668,-0.3294048181388758,-0.046469594518963896,0.04868719377391113
2021-09-28,145,-0.08845851047079199,-0.05130688080617226,-0.3312509840969926,-0.2160683356951661,0.21829239489844118,-0.07069752794835459,-0.060435308579741734,0.022811937908693063
2021-09-29,145,-0.09172177609825224,-0.2975436939064714,-0.31132892457880645,-0.2294756731223429,0.2167414580381042,-0.2186506062037474,-0.07078033298534715,-0.013270765602565002
2021-09-30,145,-0.04053692331916234,-0.14514643363249882,-0.2506219492993229,-0.269130845536136,0.27803101873720676,-0.1913005825854196,-0.0754989823041596,-0.03418008465862319
2021-10-08,145,0.005514879546528105,-0.23589985829003304,-0.21978822232719258,-0.265395213352228,0.2654621319477247,-0.08938356164383561,-0.07985006874723943,-0.0563145910355717
2021-10-11,145,0.025503857660210988,-0.18055030703826166,-0.11517871201385606,-0.2962250039363879,0.23604156825696737,-0.10170051960321208,-0.07822532461245751,-0.07603372975388378
2021-10-12,145,0.09249724452842072,-0.2203471894189891,-0.15757361045504642,-0.3297157927885372,0.22528341993386866,-0.01804440245630609,-0.07656003859409197,-0.09008919645018035
2021-10-13,145,0.08416784758305779,-0.15555030703826167,0.02416154936230515,-0.2736537553141237,0.1555030703826169,-0.07646039993701778,-0.07526654150701907,-0.1062043751621942
2021-10-14,145,0.05137188176262304,0.005971506427638724,0.036870214208621035,-0.15517059830211252,0.1712861865122331,0.016904834774881014,-0.07236709400997593,-0.11254314041709948
2021-10-15,145,0.1247441347819241,0.011494252873563216,0.09239096205321995,-0.16355692017005194,0.128774996063612,0.03061722563375846,-0.0673989800014471,-0.11274133831202833
2021-10-18,145,0.16906786332860965,0.19613446701306878,0.06414344197764131,-0.24302865690442446,0.3073531727287041,0.14612659423712798,-0.05561323759867589,-0.10266064235863517
2021-10-19,145,0.20481621808795752,0.11481572603026083,0.07433745018319914,-0.2598474634776223,0.31032032673844356,0.11993701717846925,-0.04667891386165324,-0.09795551973213393
2021-10-20,145,0.20337742087860178,0.14935049598488423,0.07899149740198393,-0.26497401983939534,0.3136356479294599,0.16695402298850573,-0.034119868042097254,-0.09186159751516022
2021-10-21,145,0.14023382144544164,0.06671390332231143,-0.016961895764446542,-0.36301369863013694,0.26133679735474724,0.11861124232404345,-0.02545312264767119,-0.08864773355672848
2021-10-22,145,0.1913753739568572,-0.011817036687135884,0.0733073531727287,-0.23945441662730277,0.17414580381042355,-0.0011572980632971184,-0.008477646344726772,-0.0901024257311892
2021-10-25,145,0.15098409699259957,0.008955282632656275,0.08319949614233978,-0.3388482128798614,0.26963863958431744,-0.028601794992914497,0.009222912622365024,-0.07985305555326447
2021-10-26,145,0.12534640214139503,-0.03445126751692646,0.022213037316957958,-0.32836954810266095,0.2554361517871201,0.00026373799401669025,0.025581556930348016,-0.07022543785526415
2021-10-27,145,-0.008054008307502131,-0.060491664546131606,-0.21077016950566307,-0.34166551859709066,0.23562501234709438,-0.01323439683764524,0.036490668938034224,-0.06823299126735237
2021-10-28,145,-0.03693906471421823,-0.22259486695008657,-0.26863879703983623,-0.32820028341993385,0.15501495827428752,-0.16663911195087386,0.044199011674710215,-0.07548775429679655
2021-10-29,145,-0.015678648715415317,-0.03304994592383304,-0.21597407492341875,-0.249870345093753,0.15895150266845856,0.02546451884007574,0.05633699037473222,-0.06377824795114648
2021-11-01,145,-0.013458510470792,-0.1559439458353015,-0.18741536765863642,-0.2292906628877342,0.12433868682097306,0.02362226421036057,0.06370768002990464,-0.06256288816528596
2021-11-02,145,-0.10828620324186793,-0.08009376485376739,-0.27687202494898555,-0.18076304987712447,0.1343018169401305,-0.031123082116101233,0.06271629539135085,-0.06400223236766572
2021-11-03,145,-0.12133641687346396,-0.14125670423357828,-0.2395295970199145,-0.16751857502164327,0.12621168135236951,-0.07052502091568194,0.06123556335259025,-0.05618788288402108
2021-11-04,145,-0.17768675965088873,-0.007831451574019275,-0.31357100611238425,-0.043355419771926765,0.03346720345931736,-0.12250838697493235,0.054378071536003936,-0.049322133781097094
2021-11-05,145,-0.21081543341160558,-0.06448203479970332,-0.35282273738674125,-0.028257416661582158,-0.14836851319534936,0.030497195812874762,0.04356155588809725,-0.04075124260658061
2021-11-08,145,-0.21841463786681753,-0.0673654418255737,-0.4051255758205156,0.03619118661549797,-0.14573309885566305,0.025003960994305324,0.031365631111745826,-0.035091999345946215
2021-11-09,145,-0.25088962368131,-0.026798929302472053,-0.47325224374114305,0.14378837978271136,-0.16217131160447174,0.0015470004723665564,0.014196287701259292,-0.02541458634012036
2021-11-10,145,-0.18617540544796093,-0.07372854668556131,-0.4202330341678476,0.018926153361675323,-0.17830656589513463,0.09630766808376633,0.0006791250497083526,-0.02132349832248534
2021-11-11,145,-0.2580076287519153,-0.2264061817297565,-0.4462228240580315,-0.058282389712267464,-0.20410645609690525,0.051263782333031145,-0.014789850476018565,-0.0329423827303551
2021-11-12,145,-0.3122657849157613,-0.20877814517398832,-0.48078649031648557,-0.06069910250354275,-0.21120296016375373,0.04698866320264525,-0.036640346460902834,-0.04395600263273268
2021-11-15,145,-0.2738906657614298,-0.29645426365653404,-0.4868946514037867,-0.03659892732549413,-0.1728465285720661,-0.04414308911299717,-0.0587882729154048,-0.06858543916621282
2021-11-16,145,-0.23734151055730474,-0.23521585268585907,-0.4208527037219809,-0.04354055873344525,-0.18760898917240762,-0.09948866119058812,-0.08089615934766792,-0.08608701810201883
2021-11-17,145,-0.19239088718148567,-0.20097426562012397,-0.3875569551927076,0.036900063968720836,-0.21854056980834852,-0.06345519854659483,-0.1006845747506723,-0.10360325618226922
2021-11-18,145,-0.27039549045828476,-0.23574726715372052,-0.4230885808904645,0.06105755415554374,-0.2650380453415485,-0.2603025519723835,-0.12121604034585862,-0.11872631470607083
2021-11-19,145,-0.1656195874665407,-0.15005117304361515,-0.3280428279011179,0.17723980475515666,-0.1237482286254133,-0.31893402613761607,-0.13906578841702852,-0.12563802152389478
2021-11-22,145,-0.004089951375480869,0.16998294542446094,-0.3086063166114162,0.28722362568589926,-0.02021160282714776,-0.09685390627335806,-0.14681949083543253,-0.11758663838430454
2021-11-23,145,-0.007703511258069594,0.056687923161706816,-0.17677531097464966,0.32712564950401507,-0.046579278853723816,-0.31088804912612183,-0.15347198650540575,-0.11302967885037289
2021-11-24,145,0.0235534005997207,0.09220997895018927,-0.12973953879271238,0.30145085562411816,-0.025887680963326342,-0.22947196255715188,-0.15189161606004462,-0.10539459667555684
2021-11-25,145,0.015651093972505976,0.09427855286431197,-0.13271741922284339,0.31116980708742736,-0.09991152959335022,-0.2003111717753802,-0.14926210812570842,-0.08955092568483691
2021-11-26,145,0.09913005825854194,0.22809400094473312,-0.16114391434419775,0.2833805699889781,-0.05269642575972287,0.15613682884585103,-0.14352167277701056,-0.0764937283414086
2021-11-29,144,0.04216300940438871,0.1315448918897195,-0.15481070653484447,0.24832408970340006,-0.06654609758058035,-0.04172896069447794,-0.14074059678325151,-0.06211928645515756
2021-11-30,144,0.013449495066214354,0.14295689952271856,-0.12801234628688468,0.20783318044498517,-0.06328074841329094,0.05967773860397937,-0.1346538118678474,-0.05096675323633326
2021-12-01,144,0.02672614741580259,0.09969455831524797,-0.09560726629692147,0.2877943895185275,-0.04957398922916164,-0.1075114540631782,-0.12725068365338407,-0.03891919010889195
2021-12-02,142,0.019855781018502026,0.0952972709041034,-0.05403496713056198,0.19101575679340138,0.01912232208905868,-0.0064858725332204515,-0.11737355661991453,-0.033762753984985815
2021-12-03,142,-0.04359051197528872,0.05064848247347499,-0.15640906890532305,0.18972906027146366,-0.050493408299821255,-0.167251687479437,-0.1090123105480987,-0.028006228121326904
2021-12-06,142,0.03526275752405817,0.06995341468536197,-0.007118772645701884,0.2261556741688259,0.059433473948999456,-0.24957616374444097,-0.0963284407785549,-0.02114028529578012
2021-12-07,142,0.1587980494183671,0.24625988335907426,0.023233883287823952,0.23089077539182426,0.21923506520449884,-0.15285912768681725,-0.07584405712357105,-0.007487344662702802
2021-12-08,142,0.20507302107541847,0.4869769128084981,-7.334589294433467e-05,0.4556309737610308,0.13870546594550193,0.10797563239876695,-0.056281635797402085,0.02054792831200017
2021-12-09,142,0.23327580913714985,0.5791376819114205,-0.04190779154239445,0.6137444060603905,0.13049505386220844,-0.03198512962854118,-0.031717463902948814,0.06082512149405901
2021-12-10,142,0.14955646690738092,0.5154602664341952,-0.17918401646300958,0.5475019436661631,0.05429482115127905,0.1254529108889313,-0.008626351311791708,0.0970370420744682
2021-12-13,143,0.05197155599697817,0.5326776698573729,-0.2065278391936139,0.5766528126468249,0.10176805477045676,-0.08972111046935685,0.0076667597761286895,0.13849363875016354
2021-12-14,143,0.08698578416888275,0.6125939787911618,-0.26277947404707963,0.5555582914737844,0.02109392954463377,0.20977789815817982,0.023883124512438063,0.18088413032401457
2021-12-15,143,0.10878558061656653,0.5443013559210742,-0.23793460061065694,0.6094791358875866,0.10771446862996158,-0.025472766669949763,0.03894194790234067,0.21814791140107448
2021-12-16,143,0.1257345940444532,0.4955103581864145,-0.2370399553498145,0.5398609606356085,0.1834351094914475,-0.05084293640631669,0.05874845212747757,0.2547107926680813
2021-12-17,143,0.08443727633868478,0.35457536624596603,-0.19546767786204403,0.42270347023868143,0.20519386716569812,-0.1438778357792442,0.07125129531773884,0.2799421196325603
2021-12-20,143,0.09691756507831817,0.31055398467867434,-0.054052390313623334,0.42892670855735865,0.10579428820096393,-0.20879382446178837,0.0763016711404288,0.28697067159527095
2021-12-21,143,0.0765660395942086,0.35280623132735806,0.027984339604057912,0.45959732755507393,0.16138908040316488,-0.1852900620506254,0.0805151486830427,0.30177658700355353
2021-12-22,143,0.08544272628779671,0.4575659082701336,0.08638661807675892,0.5090695689287238,0.18012738435273648,-0.132202304737516,0.08360961496744651,0.3200443834695507
2021-12-23,143,0.14255228339735382,0.4911520404478151,-0.025698479923832035,0.4793369775764142,0.23122065727699528,-0.021422239732098884,0.0899546744386889,0.3398880578487259
2021-12-24,143,0.030028070521028266,0.4731852654387866,-0.07388210381168127,0.48173364194490953,0.12901359204176105,-0.019600118191667487,0.08649957505181322,0.3521426210734286
2021-12-27,143,0.007947166628880939,0.4183373739469334,-0.030557502049391935,0.4670278766416701,0.1705388499078037,-0.07143831814729923,0.08478878291303783,0.3664822451762893
2021-12-28,143,0.20564550465955275,0.5141794237537423,-0.005622317728668674,0.4861334972152592,0.11683135201357968,0.1869605319452254,0.09439858339270475,0.3850433713878404
2021-12-29,143,0.07535129190058767,0.45910896615121966,0.2056288781640894,0.48903854361600835,0.10938885058603368,-0.05675662365803211,0.09682984061694401,0.40301409177963904
2021-12-30,143,0.16539856856758264,0.600897928362717,0.12491381857579041,0.5458238944154437,0.2060269542663909,0.010719327620736071,0.10410697999439804,0.42829412465256966
2021-12-31,152,0.1432042318495889,0.6105837246017263,0.03664937567916675,0.6075868479144882,0.18527327278070518,-0.013409058290447582,0.11344671718564192,0.4562908867589822
2022-01-04,152,0.16438740013258699,0.5767911207703716,0.18365694134049576,0.6088819633813789,0.11667657652116266,-0.025341889980111942,0.11990294931606835,0.48163277206323285
2022-01-05,152,0.08363233756381604,0.43407213007196604,0.2711233674369016,0.5084472966600373,0.023971596306699743,-0.1364621136011044,0.1161446637233408,0.4910233843988774
2022-01-06,152,0.11842276122718169,0.48746915984937017,0.3848440735652922,0.44575892399483313,0.06240816298635174,0.025669940335841548,0.11181215073092896,0.49104799675092103
2022-01-07,152,0.14818307943602677,0.4728811705930193,0.37192709080843905,0.40617759826133315,0.022252749130324833,0.029449353809143035,0.10755751424587282,0.48573517118500087
2022-01-10,152,0.03231979442177708,0.40549074282902425,0.3263827664213123,0.3917604685652581,0.015216752438165925,-0.06714438999719789,0.10169568062159262,0.4802366950047424
2022-01-11,152,0.053742166089161346,0.24750715901557555,0.17872935162214065,0.3181883419104833,-0.035395266506742115,0.04288233243802923,0.10178421112620177,0.46597816946265247
2022-01-12,152,0.02374264449593012,0.3471148654651822,0.3351991197315454,0.31080720890656716,-0.05563870720822313,-0.06456782782823829,0.09862205414255415,0.45270421379635356
2022-01-13,152,0.015854072142099555,0.2396802873177695,0.2651042116064257,0.2464668348496608,-0.11950782153024607,0.07582924622680463,0.0939754787188308,0.4374731603661883
2022-01-14,152,0.12019669419863299,0.45569425602633495,0.21422103151811292,0.3874287940371927,-0.059404654914113716,0.2549677586922899,0.0936985837265398,0.4354823552581843
2022-01-17,152,0.043350487633185025,0.4648131821567944,0.1298054251327579,0.46864727068938405,-0.03239838981950396,0.2550420656237399,0.0916442442912648,0.4409942460537256
2022-01-18,152,0.05583348710693757,0.3203240864139312,0.15853033440633138,0.3851755411122274,-0.002275849342874131,-0.03309891401663488,0.08959004039269577,0.4414827511404885
2022-01-19,151,0.030052309212549935,0.21341601029636045,0.09616250972686617,0.2852878052352122,-0.03132453060695735,-0.0255001964972182,0.08726435387361284,0.4345132400889387
2022-01-20,151,0.010425235273614499,0.16680724991286158,-0.014388288602300453,0.24865806901359355,-0.09532938306029974,0.19509933774834434,0.08351347932290373,0.41997530717107506
2022-01-21,151,-0.16449285465318925,-0.07761240850470547,-0.10965493203206692,0.18847682119205295,-0.24888811432554891,-0.16977692575810385,0.06816122242037656,0.39153708472344906
2022-01-24,151,0.016434297664691528,-0.04690135935866155,-0.0302195887068665,0.13661205995120249,-0.17253398396653882,-0.13479261066573717,0.06748153377755975,0.3655327534835766
2022-01-25,151,0.005932380620425235,-0.0035866155454862317,-0.046465667479958166,0.14266294876263505,-0.2723178807947019,-0.020243987452073894,0.06738079447713695,0.3444365540089557
2022-01-26,151,0.016915360457964233,0.020801745562153414,0.040313838668208174,0.15334664812448717,-0.22080941376716132,0.029543497886195095,0.057944287267057526,0.31976767009937623
2022-01-27,152,0.037985497440523784,0.034134322951906444,0.10518456249700996,0.16681360588850389,-0.18299058905541998,-0.12537332813920268,0.05607599754405433,0.29851893793941053
2022-01-28,152,-0.007035996692158913,0.02144970919702841,0.057299462134104244,0.16541597468544753,-0.27550420656237395,-0.005272726030112288,0.04745426928106725,0.26954652698112613
2022-02-07,152,0.04470544213794965,-0.02269187758586315,0.14605087689478066,0.16852234545959296,-0.19301337575217353,-0.15020276775643623,0.042529329795485286,0.23788274687174665
2022-02-08,152,0.03373109438965548,-0.08272336470314859,0.04113956492321571,0.05271359153630081,-0.2245402169232977,0.004449182949582761,0.03599651450833871,0.20490702259807064
2022-02-09,152,0.05249489129914775,-0.02027419542233066,0.12307355845788995,0.049272479992345485,-0.23940158147608992,0.004944675674382683,0.0344396421951053,0.1821897063233558
2022-02-10,152,-0.007107757707474763,-0.17537708704952876,-0.1022491952514711,0.027993630355592915,-0.30281781586806905,0.04875990131151798,0.028163116248372477,0.14904739397841088
2022-02-11,152,-0.028526712183653522,-0.2865280653913709,-0.22456413726173632,-0.020913210177762282,-0.23845501951216175,0.06519317381884786,0.019327626667388458,0.11107693217919135
2022-02-14,152,0.020154593730137574,-0.10199632310226286,-0.1776119300979367,0.11895926024644783,-0.15302182218303842,-0.12423540346776563,0.018719366632806485,0.08570257888262699
2022-02-15,152,-0.013426144246475166,0.021490715491494613,-0.0894313110395779,0.15503113061188226,-0.1046412290953328,-0.22056944074248727,0.01536095111602466,0.07440175670642293
2022-02-16,152,-0.0012916982756853177,0.02142920604979531,-0.13798276368755935,0.07258114120517499,-0.1030043945078903,0.1793478632303392,0.014109233977443889,0.0581174737356536
2022-02-17,152,-0.1058509147820857,-0.12625496347022602,-0.14552108748692924,-0.02276532781115234,-0.09454001189182538,-0.19803306474210458,0.008023984631234627,0.039820711196253834
2022-02-18,152,-0.053837847442915816,-0.06214503926352695,-0.10278911146194272,0.05078971288759491,-0.09477579808500604,-0.017294404691120084,-0.0006777424508428147,0.013928746431760735
2022-02-21,152,-0.10287112405087513,-0.11257936426574812,-0.06701453673138827,0.00610310349305285,-0.15429643450269614,-0.12228418728941559,-0.007988823035045823,-0.014940880889366393
2022-02-22,152,-0.11311244609380873,-0.06181015452538632,0.0396736237891531,0.04454992174632139,-0.12937485904086277,-0.3135170415325419,-0.01643611969508314,-0.03404759293633226
2022-02-23,152,-0.003916101121522153,0.10601152276874498,0.13778798378884494,0.11822456413726172,-0.10586458354690777,-0.157436833220566,-0.018134540211786742,-0.039417817312713044
2022-02-24,152,-0.013593586615545487,0.12652492157546183,0.1505409413678333,0.18746027515223587,-0.02977056978246161,-0.2200636964440708,-0.019335481306244743,-0.04143193372958302
2022-02-25,152,0.22079497536205137,0.41655560795248736,0.13591878019942727,0.3612210307615552,0.05574464013559414,0.018890232984096388,-7.108980548271165e-05,-0.016723532906723387
2022-02-28,152,0.18447706722981974,0.453898673446374,0.13923345566877848,0.4737935606448923,0.09588296803559347,-0.004848994320628216,0.008331048672773698,0.008316468733528393
2022-03-01,152,0.2054005289811986,0.4729700175643627,0.15201716796861647,0.4500816708698118,0.1262344603229929,0.01284863893274284,0.018304456090812365,0.032144300389020844
2022-03-02,152,0.09891059944368126,0.35272589342464067,0.11348150274400454,0.38968623350350945,0.09979906915711559,-0.06652587838899937,0.022404218040098216,0.048740507782145205
2022-03-03,152,0.14308804734860134,0.3763591878019943,0.03613679699833924,0.36814084295272653,0.09100663618532111,0.13001045660508886,0.027659345535502096,0.0658517510246496
2022-03-04,152,-0.006793376116567226,0.32882264094205127,0.09042229648917774,0.3847928156972095,0.10717678496982619,-0.0723590237768164,0.027671476564281677,0.08122039761190072
2022-03-07,152,0.03123996200083379,0.42824581906656,0.09617684647926789,0.4302585446866094,0.09572236004893418,0.0020639834881320948,0.026998202557425882,0.1037672824445219
2022-03-08,152,-0.010935011857653483,0.4415933679153083,0.06189216711431871,0.4572680239750134,0.05987602430306385,0.04288574962923475,0.024764897245060435,0.12998311907544474
2022-03-09,152,-0.0046097909362420465,0.4818786350371448,-0.02639096768020558,0.5551705520130672,0.001110587141792932,0.049105037623275165,0.02190966313329095,0.1550907605984185
2022-03-10,152,0.0872238055208141,0.562780636827753,0.004028868431304205,0.6119950245696048,0.031390318413876524,0.11039919627662846,0.026626241294705387,0.1919986467922826
2022-03-11,152,0.08638154168424692,0.42502889664797316,0.049844902101678,0.5974177972597992,0.011160556011660123,-0.1840005262479624,0.032371653988100414,0.2275764948942498
2022-03-14,152,0.07668518784300056,0.5093938586239655,0.07283743054558874,0.561253152358887,-0.019447235150595616,0.06646095175609457,0.035198183693743564,0.2581460039805612
2022-03-15,152,0.046839439854017596,0.4328795303412407,-0.08449005255640073,0.5287761671416562,-0.18720056862061657,0.19846021364279415,0.0382114628987682,0.27871544472304854
2022-03-16,152,0.04934424100766134,0.41017571197178765,-0.08067304997983855,0.5646840123292258,-0.14154005973250225,0.13776064625920076,0.04074325986293553,0.29815277001914814
2022-03-17,152,0.0855254614916723,0.4045578496299182,-0.062192879940404185,0.588864057299462,-0.07747455901147492,0.0038819292094669864,0.05031207867662344,0.32469341067415536
2022-03-18,152,0.18428912171351636,0.4287686493210041,0.05841688365830821,0.5965698234679023,-0.06298908549128958,0.10152816790710707,0.062218427134445045,0.34923909510338186
2022-03-21,152,0.19855435602556815,0.4966276565482514,-0.03121948552434993,0.563848990774636,0.03609411294340479,0.060084524296699304,0.0772897011382672,0.37969944614408185
2022-03-22,152,0.10270376942144671,0.30259595694688163,0.10918106088504187,0.538021837579251,0.12325477488811051,-0.13048384905916594,0.08808051191402998,0.3979197517176953
2022-03-23,152,0.05270675715388979,0.46104060306590394,0.13160628489806517,0.6127912301204901,0.05249489129914775,-0.06165638092113805,0.09091165482780057,0.41567120573255323
2022-03-24,152,0.18310677355640756,0.5022997696813126,0.17312515804509324,0.5778812047649314,0.07857489457965129,0.11011898659777608,0.10074667283639824,0.4344599481378458
2022-03-25,152,0.07376348936228377,0.45330066498540855,0.24584982128089994,0.4802178801112637,-0.0002597065316192702,0.10235171098763658,0.09339509853640984,0.4362972009894919
2022-03-28,152,0.05668095052590572,0.26665026414888016,0.1776358504363753,0.3788229826611718,-0.05429916825566057,-0.006369644407083154,0.08700529270121414,0.4269347805246172
2022-03-29,152,0.05975300541966525,0.2885783801146809,0.11811179682747967,0.40275015548219983,-0.06776290160539643,0.017185054572543552,0.07972291652313748,0.4177151986521331
2022-03-30,152,0.03753101101019006,0.24729871035203904,0.14837102495233018,0.3688755390619126,-0.0635255845105557,-0.14147513309959747,0.07665393710146293,0.412443839498503
2022-03-31,152,0.03281870433778251,0.11102454226723801,0.12477531967823728,0.2731326758657454,-0.04782017373000088,-0.2855131596033324,0.07114046995092198,0.3991771072217652
2022-04-01,152,0.16497857421114137,0.22360732372419165,0.1632255551227113,0.2270108461648863,0.05608977644735133,-0.060518456249700994,0.07972906746730742,0.3939163413608721
2022-04-06,152,0.17676104948776303,0.13850901113320896,0.043032688851071976,0.13910701959417435,0.03666646163519433,0.000560419357704741,0.08700512184165386,0.3794295009642046
2022-04-07,152,0.11293133495991635,0.0133714691871869,0.020892707030529187,0.0748535733568436,0.02075601938230852,-0.27776296994922056,0.09319843918253236,0.35801840602779855
2022-04-08,151,0.08328337399790867,-0.10724991286162425,-0.208794004879749,0.01750784245381666,-0.04976646915301498,0.12018821889159985,0.0975930974292399,0.3285619786328601
2022-04-11,152,0.07629221085436613,-0.2656558615080748,-0.3844408450030413,-0.035634469891128284,0.018517759142695073,0.0004852411511833733,0.0970465176959175,0.28714015371606866
2022-04-12,152,-0.004285157771717958,-0.19087404916654702,-0.2930343974466747,-0.014567486109117749,-0.08842323963395046,0.07588214790970413,0.09251318272311926,0.2563450064253427
2022-04-13,152,0.018989331529056377,-0.23313445280517225,-0.3309207963422385,-0.02244411183783377,-0.1120018589520158,-6.150944169930083e-05,0.08962838990742204,0.2192185908538858
2022-04-14,152,0.0014113047905849612,-0.20556525661605066,-0.3377597501360972,0.027012988788315054,-0.10674316644915845,0.06554195129157278,0.08735698315425042,0.18729635150602125
2022-04-15,152,0.11255886111851501,-0.25919395293844266,-0.37922962841462826,0.029852582371394005,-0.1142332848092182,-0.012332643060709818,0.0905177141597931,0.1538278682605097
2022-04-18,152,0.013260421801361636,-0.19402144801899526,-0.15767787990447862,-0.013450076075289114,-0.11899695100858557,-0.29155841992371506,0.08690446217527756,0.12389890337806406
2022-04-19,152,-0.034455656666993136,-0.37672611460834987,-0.2954206064185484,-0.12309106504034113,-0.1543618886205905,-0.23241080246310986,0.07596722325625209,0.08362416518159635
2022-04-20,152,-0.049245142462701355,-0.30623158988238025,-0.35185450966723386,-0.04715382144492513,-0.1693320758069697,-0.04186742664999077,0.06357724833183862,0.04348120286006477
2022-04-21,151,-0.011857790170791215,-0.2471802021610317,-0.325542000697107,0.0011049146043917739,-0.20092715231788075,0.08250958522133146,0.05784917035222672,0.0159923949046691
2022-04-22,151,-0.005813872429417915,-0.3834158243290344,-0.3944545137678633,-0.03751132798884629,-0.19544092018124778,-0.057657720460090614,0.05492313887306133,-0.026230426465077818
2022-04-25,151,-0.07110142906936213,-0.3704078075984663,-0.4865841756709654,-0.07535726734053677,-0.2016103171836877,0.03625304984315092,0.04221272874177285,-0.06986580532906676
2022-04-26,151,-0.11206353438792542,-0.4180693778926106,-0.556886159712794,-0.1509185699883546,-0.15592728819044624,-0.011930996802894736,0.03292137755426239,-0.11343430747296772
2022-04-27,151,-0.17779714186127568,-0.49478215406064824,-0.4119728128267689,-0.26907284768211914,-0.17705472289996513,-0.18498431509236665,0.02119747293490332,-0.15150592838344415
2022-04-28,151,-0.2001082259570522,-0.5565166926777058,-0.47044133011636025,-0.3926284355425293,-0.13994958169191585,-0.22376631558592983,0.008204411366067445,-0.19376068202306346
2022-04-29,152,-0.21844053062145039,-0.49757379424408305,-0.23556407575229463,-0.3604931690347802,-0.15241697933966195,-0.25973045195770883,-0.004594165715514577,-0.23100430725286958
2022-05-05,152,-0.25727883706058935,-0.5360261962103565,-0.24028683927492495,-0.37192228275415506,-0.18158115280759027,-0.2890877885714706,-0.019099042785433167,-0.2633568441767493
2022-05-06,152,-0.29143173477128737,-0.631062951496388,-0.2494857127235697,-0.47470253350555974,-0.2817234945564144,-0.2982148593142381,-0.04191955823455461,-0.3060903579377783
2022-05-09,152,-0.2734511021489878,-0.5614514997931946,-0.19643037157862817,-0.5163180817279983,-0.2959022401696304,-0.03427130338036901,-0.06443016581639215,-0.3410883834840985
2022-05-10,152,-0.33641797068126394,-0.5608253342034425,-0.2073382018051846,-0.46411717072177455,-0.3231351215133048,-0.03801690172203379,-0.08689763109845117,-0.36979822365362996
2022-05-11,152,-0.2012930651521675,-0.4004025451240098,-0.06722298539492477,-0.28670234214285223,-0.2291807625803894,-0.1113901817262283,-0.10112645305595498,-0.3844558552667492
2022-05-12,152,-0.15257075294391023,-0.3346831238595124,-0.10684531742289106,-0.2836507903963258,-0.20355866292142513,0.019621511902076966,-0.11256960124586882,-0.38790721838432113
2022-05-13,152,-0.15727676267959526,-0.3898823457070231,-0.11657104194001158,-0.29573840628664616,-0.20423596469465224,-0.10294323684351563,-0.12021918149126265,-0.39785763321134493
2022-05-16,152,-0.15770679132580182,-0.2811425720514765,-0.11005747715607678,-0.19695323232116127,-0.11036160717336777,-0.15725913927787913,-0.12905398763400558,-0.40025803917366015
2022-05-17,152,-0.10281303180038136,-0.21097738502860186,-0.1829051592752821,-0.11746253049843151,-0.036755308606537765,-0.1599723890950594,-0.1342652044635539,-0.4005286455942877
2022-05-18,152,-0.06145476664001257,-0.23711548055959922,-0.15128247185943042,-0.23482937964310852,-0.06444822613604521,-0.03709361053588392,-0.14296588585148026,-0.3994247219753455
2022-05-19,152,-0.1038860298389136,-0.2153411381980467,-0.19874042332164651,-0.24821451759511748,-0.06904776549867071,0.04579377934512947,-0.14882320843349403,-0.4004907064842981
2022-05-20,152,-0.10294126441312167,-0.2757536615203767,-0.06680608806785174,-0.3041744407766592,0.006639602512318974,-0.12816859054531535,-0.15224748882080047,-0.3954420838298994
2022-05-23,152,0.0019717193255831436,-0.15871486273142926,-0.10875552730677492,-0.2477907858856334,0.04702738537032101,-0.015756668648637565,-0.1496866457313862,-0.38806624747235186
2022-05-24,152,-0.07819216916463344,-0.2844640819032388,-0.129528632645111,-0.31243379192039306,0.027453714145121277,-0.12348020421134644,-0.15300336468107834,-0.3899304414594622
2022-05-25,152,-0.08700852247486657,-0.16012616269930768,-0.1855090589738858,-0.27768095736028814,-0.0026073168898092525,0.017878744387263446,-0.15706309718335076,-0.37876595837797594
2022-05-26,152,-0.0929065944955884,-0.30901318352367085,-0.17437243283510684,-0.37275063388896856,-0.02304553749000472,-0.04652847545431556,-0.15815335545466208,-0.3756962271742361
2022-05-27,152,-0.17204190843294445,-0.34088532589752524,-0.18633260205441535,-0.4213635959786494,-0.030846985012199367,-0.040585979947922,-0.16115227415691302,-0.37183702457448187
2022-05-30,152,-0.15533184343796774,-0.33659333374339623,-0.0741359632036851,-0.37818396790574016,-0.03932161920188081,0.031052016484530372,-0.16002900923574764,-0.3639275835586192
2022-05-31,152,-0.21140111673808598,-0.26974623938107833,-0.04885899985647796,-0.2613194458682741,-0.03629398779379302,-0.16223456967311148,-0.16059365377479934,-0.3495890608937879
2022-06-01,152,-0.13793834020188764,-0.24134938046323445,-0.1158051927637559,-0.34605211900026656,-6.150944169930083e-05,-0.03560713236148415,-0.1565685442538212,-0.33677784020474544
2022-06-02,150,-0.2299533312591671,-0.18165962931685853,-0.1857558113693942,-0.25059069291968533,0.012500111116049602,-0.03855282456998089,-0.15520226896375006,-0.31905951186007053
2022-06-06,150,-0.18409884883772612,-0.09862304991332949,-0.2147739899551091,-0.23594115294013068,0.05178007911462732,0.015497577670118673,-0.149835624667072,-0.2924375167809176
2022-06-07,150,-0.13394195297568784,-0.12674163296146496,-0.10954975776701187,-0.15839815102893462,0.044796657629227965,-0.17940886261611627,-0.14286016720840702,-0.27070202343933114
2022-06-08,150,-0.07667369809656623,-0.06736660950854656,-0.10606169701919566,-0.18281184302584497,0.045155824841855124,-0.0035681617566677122,-0.1298729535791721,-0.24602908720458636
2022-06-09,150,-0.08596115382905907,-0.13141739632872573,-0.05536423841059603,-0.2613751722298769,-0.04445530912485,0.10236366060713811,-0.1241063580130167,-0.23257982976482214
2022-06-10,150,-0.1514965109560425,-0.18315658473709942,-0.16718431930308014,-0.2236774967776346,-0.031988977287879465,-0.13665496244277522,-0.12405264591362333,-0.22500350280870146
2022-06-13,150,-0.07513045024223299,-0.008471487621672075,-0.3644908662607227,-0.1460171563180586,0.07113382817014091,-0.05958842615227344,-0.1199453302917552,-0.20593295990443394
2022-06-14,150,-0.0701204497977688,-8.000355571358727e-05,-0.4182923685497133,-0.07097382105871373,0.05812347215431797,-0.1303115694030846,-0.11556601321535354,-0.19187983147964577
2022-06-15,150,-0.022758344815325127,-0.09677052313436153,-0.40992221876527846,-0.117358104804658,0.04849104404640206,-0.012685008222587672,-0.11156327886610073,-0.18616948838493377
2022-06-16,150,-0.05774301080048002,-0.19058447042090762,-0.25062269434197076,-0.16962709453753502,0.062141428507933694,-0.20456553624605536,-0.11137769107412412,-0.18384293787799919
2022-06-17,150,-0.06911418285257123,-0.11944886439397306,-0.21910129339081738,-0.15093115249566647,0.09764167296324282,-0.21498377705675809,-0.109639098724807,-0.1790483241877955
2022-06-20,150,0.001114716209609316,-0.003916618516378506,-0.09836703853504601,0.02824481088048358,0.10025867816347393,-0.1539108404817992,-0.10443629969367045,-0.1654564720375956
2022-06-21,150,0.0506458515008436,-0.033421959573291644,-0.08743507483453816,0.021952995202457855,0.12906540652070214,-0.1867960236420345,-0.10200259308490742,-0.15919182687968872
2022-06-22,150,0.021037379439086182,-0.06906084714876216,-0.06551580070225343,-0.057138539490644034,0.17926307835903818,-0.23545046446508736,-0.09704111565472144,-0.1484216651419649
2022-06-23,150,-0.0303426818969732,0.020777812347215433,-0.18976310058224813,-0.1701355615805147,0.25599182185874925,0.01892528556824748,-0.09420782362582678,-0.13937646638963871
2022-06-24,150,0.04623320701651413,0.13522390792832398,-0.18809741597182061,-0.005013560614749849,0.23046911459995292,-0.04321618135579409,-0.08725083355022165,-0.117164611817039
2022-06-27,150,-0.005107782568114138,0.2308600382239211,-0.27420063113916177,0.10115116227387884,0.29669407529223524,-0.08411218276367839,-0.07890412725698014,-0.08857734361096667
2022-06-28,150,0.027071425396684296,0.341126272278768,-0.3197030979154629,0.1059833770389795,0.20710787146095383,0.10892395217565225,-0.06978396381524753,-0.05469136330985845
2022-06-29,150,0.010971154273523269,0.19204231299168853,-0.25405395795368685,0.08605004666874085,0.14658962620560917,0.16492644117516334,-0.05866535026466706,-0.031601935691220114
2022-06-30,156,-0.06348564113100787,0.2652747704319514,-0.4660239288141486,0.043681939593178544,0.09526007175483239,0.22021779330182858,-0.05494271531112307,-0.006270728146460819
2022-07-01,156,-0.08414913625515638,0.11717532518847497,-0.446432014667067,0.05904758894280159,0.06095999747119533,0.17115582178249117,-0.04765250556092254,0.008671019578805856
2022-07-04,156,-0.1189802595185788,0.06128242006606501,-0.3765421757203142,0.04669753915695974,0.04927375891008518,-0.04432678478291792,-0.044396576094965175,0.016666293077775583
2022-07-05,156,-0.03987608857138341,0.17367830443647167,-0.39084888811619856,-0.00572458156185298,0.12977825544088126,0.20553808221776168,-0.039693282874749956,0.03168728994767241
2022-07-06,156,-0.103061434148346,-0.025796968595407057,-0.3426783202415008,-0.09660033822762401,0.1247238071154241,-0.10237549588278988,-0.04101266967733895,0.033765771993329384
2022-07-07,156,-0.1417647895560367,0.0017764852776153371,-0.32532755922934675,-0.15190213525943955,0.2125460321474293,-0.12699973131450423,-0.04380285146368783,0.040425466073646436
2022-07-08,156,-0.0931738815365004,-0.144900621849409,-0.332639228587631,-0.2206510254706838,0.2372763487825722,-0.1530813114075737,-0.04088671999271072,0.04233826421803096
2022-07-11,156,-0.11164988699404149,-0.2268432615258175,-0.42005025999272966,-0.24004362188048234,0.1189802595185788,0.027851622386243297,-0.042712691830301144,0.03141967552282369
2022-07-12,156,-0.05791910986075769,-0.31019582431129583,-0.45918983420524406,-0.26030566926395976,0.09108754405651878,0.0855052077571083,-0.04210262483345059,0.015913884485044584
2022-07-13,156,-0.08679805914241912,-0.2135670370311833,-0.49244045455263863,-0.1723253939403518,0.094501430355139,-0.02885682224083703,-0.045304610549805294,0.010074058790203492
2022-07-14,156,-0.19554614278263344,-0.25913925811193117,-0.515816092680691,-0.2150621927897457,0.06749379652605458,-0.2610801156928134,-0.052194767148912954,0.006646319405652315
2022-07-15,156,-0.1468097548639977,-0.11284790820439061,-0.49383445812457516,-0.1466959586540437,0.10079183196092995,-0.12822304057150982,-0.05607954574948428,0.006976367215131438
2022-07-18,156,-0.1385801856934776,-0.23086582388923446,-0.3766388840377368,-0.11989546545456278,0.1332728527073267,-0.2861834696650778,-0.06306429084463863,-0.00437109305351136
2022-07-19,156,-0.11014875740522988,-0.23048862982723242,-0.22497581823007,-0.09816534641621458,0.1296996402770472,-0.33284548322615193,-0.0711040212899423,-0.014224426566208398
2022-07-20,156,-0.03295042895001194,-0.05496374314877281,-0.23266340871418642,0.0006985844971174827,0.11204852791549053,-0.21563185545414568,-0.07380341170939721,-0.013519571366208932
2022-07-21,156,0.0008882454465611432,0.030522768797133087,-0.1360311549726414,0.039572757101419755,0.13674870556470325,-0.1723733539018708,-0.07224186534222049,-0.013032323543713049
2022-07-22,156,0.014777702264860675,0.09812710404450696,-0.14673389072402837,0.1335493353985238,0.1683362045802974,-0.031493101104771534,-0.07381464057980316,-0.0148871637379039
2022-07-25,156,-0.0030551145509915747,0.0010146836739454686,-0.15236534302081778,0.059482274250681796,-0.00652748220154951,0.15633398897919326,-0.07371200717894703,-0.02637943146540268
2022-07-26,156,0.08064358078740654,0.045376238719160425,-0.08690869434654107,0.06929873085615842,0.0723080084082755,0.18155236996412255,-0.07103339940941092,-0.04116693314338306
2022-07-27,156,0.12088318502947637,0.19794218520333168,-0.07270629514311454,0.20325583600701744,0.2149894896556084,0.004479145264023012,-0.06553779787161326,-0.040871939532800904
2022-07-28,156,0.11641036177711747,0.15507262410899147,0.000777607434685717,0.27673973858481765,0.15228461696511827,-0.14061102242733636,-0.056542997726207,-0.0463820468489489
2022-07-29,156,0.040012138300964235,0.14327620324138923,-0.04686205959170443,0.17671975065995468,0.17236070983857457,-0.06222143548081688,-0.05033493399840098,-0.045077002946303193
2022-08-01,156,0.08319299773437325,0.23318284299515982,-0.12695241655139536,0.20442715021671143,0.19231258579180174,0.11006314904394787,-0.040226271135753375,-0.03648198179984845
2022-08-02,156,0.09559197736719824,0.27799149689431174,-0.2574354759684531,0.23965797916897155,0.10812220448546726,0.20457713644481673,-0.03345286783882429,-0.03126632217695645
2022-08-03,156,0.060255093170646895,0.40622718148914977,-0.3524047351867364,0.28739548924467767,0.1724170631094814,0.22495298003824812,-0.025287041472874645,-0.009665114672728606
2022-08-04,156,0.04567969527903779,0.39784103301670587,-0.3022933097311564,0.36199838788702565,0.20767808316606343,0.07900617976640166,-0.01591481723112092,0.010138112714225923
2022-08-05,156,0.03875080111806075,0.4869833628230589,-0.32905464514135635,0.34176189862815004,0.2248251369705124,0.24899578716622586,-0.009318583098392862,0.041732311947849314
2022-08-08,156,0.04632454046877716,0.3551484882489608,-0.28371291745033267,0.3691770321316243,0.20710594111046132,-0.05189739375069147,-0.0014198617252519298,0.07083189943658823
2022-08-09,156,-0.02015773419101958,0.33055586287556693,-0.33574307344597043,0.3200613235131418,0.16359469583221378,-0.07788086169018982,0.00046820705823497587,0.10286948379593137
2022-08-10,156,-0.01517915000553176,0.2564176320905312,-0.2777038453635946,0.33458614531143804,0.1356924973526576,-0.12809976134405965,0.004049152515079344,0.1263687172520171
2022-08-11,156,-0.012305795704193071,0.3290733511403328,-0.28309968231891386,0.3578954023170172,0.17193659022300894,-0.05925621532771727,0.01321116986900136,0.15577934771463028
2022-08-12,156,-0.04556119356514957,0.09763880580269348,-0.1036763317130855,0.41319594537474413,0.1604622658582362,-0.3785718406315612,0.01827359793394377,0.1663036834149845
2022-08-15,156,-0.052872605832551024,0.2431589852847919,-0.08691192403467494,0.3497513471823469,0.18775915329236734,-0.150806965914104,0.022558976926990094,0.1900049238736858
2022-08-16,156,-0.001627923149391419,0.2931810566658344,-0.10170568413916294,0.3149130404562538,0.18354122280827834,-0.030725073809872994,0.027985018639782016,0.21618840819833918
2022-08-17,155,-0.03744964712706648,0.2594566723598981,-0.10581354129741226,0.38722245496439045,0.21336083271567144,-0.17784151332538428,0.027760057730929294,0.2319094289737727
2022-08-18,155,-0.05574747832812349,0.3660371886178338,-0.25633076600818533,0.31354129741226516,0.1671038638780574,0.04964390448261416,0.02492827154219506,0.24868514996480773
2022-08-19,155,-0.07896941767909509,0.20005800650961938,-0.032963810383165225,0.3289226902130128,0.1919435403306371,-0.2562147529889465,0.020240915544997275,0.25378169508806336
2022-08-22,155,-0.036576444769758326,0.28342716453746647,-0.03483946646747641,0.3006422630361492,0.17173849292246351,-0.06934700572691008,0.018564849034058934,0.2679023191312394
2022-08-23,155,-0.06614675646933711,0.33372111759208534,-0.07292707292707293,0.366224098482163,0.1868099642293191,-0.18925912796880537,0.011225332171221753,0.2823195630748857
2022-08-24,155,-0.08991331249395766,0.2520157262092746,0.1390641616448068,0.3196094228352293,0.1919080919080919,-0.28947826367181206,0.0006855072950500516,0.28502324012518276
2022-08-25,156,0.04833494017796462,0.32722100172274815,0.20028132951905292,0.3249229504828436,0.23550441750565027,-0.16680311675175039,-0.002718263784907591,0.2936306590058706
2022-08-26,156,-0.008210777534810402,0.31592922452998096,0.26094309355095235,0.25362056567438324,0.15805154061232726,-0.23743766843108702,-0.005129409576696323,0.3022633100703002
2022-08-29,156,-0.02729528535980149,0.3060422626479745,0.18181789445401522,0.20663179023565295,0.2328586556242196,-0.15226565093012595,-0.01065382373140506,0.305906281052941
2022-08-30,156,-0.005278883911180475,0.2867034555353707,0.2871776067848779,0.1848115130245974,0.20046640677916105,-0.24408516072549602,-0.015697366795323995,0.3063418789849939
2022-08-31,156,0.060773546153506476,0.2691772448494185,0.36352860198886194,0.10391972935449922,0.13681792354947575,-0.03203365841670834,-0.01567144414618102,0.29948938215300736
2022-09-01,156,0.12118664158935372,0.40475415277141186,0.3320288915933049,0.1363657915948855,0.20495329613883134,0.10749000331905612,-0.011896096830665219,0.29983503814074264
2022-09-02,156,0.2387539315010036,0.5139005231464651,0.4204896398033854,0.24109939782838893,0.158957500276588,0.2537908362440928,-0.0018959403115180768,0.30118089615691296
2022-09-05,156,0.24872690490113952,0.41747087923377213,0.37531570545747656,0.14987276951525974,0.19099113337864104,0.26679521423717023,0.00822417791010004,0.30429701570615353
2022-09-06,156,0.2062714355707986,0.4856411310078867,0.3635219926980765,0.23125462791383042,0.20348975043858952,0.17198400531048977,0.01954563639819095,0.31205127911276953
2022-09-07,156,0.30338069573738363,0.5109291776643327,0.240081553950467,0.19990516982503828,0.2826634635140901,0.3130913056534589,0.035473628685336725,0.3247768563914596
2022-09-08,156,0.13849358629958494,0.24568679390931775,0.1897146867126695,0.1271455394912059,0.20038311511887538,-0.07635433723019364,0.04301359778552562,0.3206075285299088
2022-09-09,156,0.1919743579004866,0.2606725519374239,0.1573376091239836,0.07032769383107712,0.21323213892006068,0.1716064007258211,0.05489037535880743,0.32875921583664536
2022-09-13,156,0.1275813563876025,0.24010051998545934,0.21759415846122235,0.0827835817357083,0.13895781637717122,0.05052551721957927,0.0639130734698151,0.3286062925716787
2022-09-14,156,0.13430165478655307,0.25198906291982104,0.23986660555388722,0.14815950435428552,0.15906497447487788,-0.026373873001757066,0.07070955236661233,0.32654669288437804
2022-09-15,156,0.11985585813405825,0.08905501730650692,0.13479477169635376,-0.009018349638855082,0.07953090673452291,0.11418185266551815,0.07857482762966857,0.3180266101317085
2022-09-16,156,0.07914374606358153,0.16967041720601417,0.1144458870935597,0.06226554208528922,-5.373714161081921e-05,0.18620709820231368,0.08531938884925382,0.3082082715611175
2022-09-19,156,0.005803606707654375,0.10056423954102195,0.007456812757819537,0.028309968231891386,0.05777054258665106,0.1283052267231433,0.08955804006859128,0.3032335832126877
2022-09-20,156,0.1171437151301544,0.1677166474372145,0.07522245578543092,0.06016974601318139,0.04215201277046356,0.13754168576441023,0.09724404806358691,0.2974480573576751
2022-09-21,156,-0.02187891915642854,-0.13169867055896273,-0.09600298399189354,-0.10604866846478668,0.04625503489359515,-0.06660560652244539,0.09945743992923237,0.27417706795012264
2022-09-22,156,0.00015488928577073223,-0.09275339413001217,-0.11251600259202478,-0.08266978552575428,0.08663368683915221,-0.1109196946468366,0.10396085001821875,0.2569386119331583
2022-09-23,156,0.04082755132683219,-0.054656951842076154,-0.1145927834236854,-0.1076986297039718,0.06400404608746502,0.07662594237486368,0.10358548057566215,0.23784471425491707
2022-09-26,156,0.06546132150696793,-0.029620228556716553,-0.3007983916790556,-0.06240936796430641,0.0367799124242757,0.27724887962019656,0.10726908552775108,0.22056724160058225
2022-09-27,156,-0.07436898421077585,-0.2353874602898642,-0.30248297008107977,-0.14016848161084855,0.02120402712143004,-0.1690948459799908,0.10491540058520235,0.19349575545369027
2022-09-28,156,-0.05610785351898974,-0.26523367735613473,-0.41188222092269755,-0.22171611006622302,0.00019282135575540138,0.12189786790156625,0.10237395210481189,0.16589889880911501
2022-09-29,156,-0.07601586824927692,-0.3139163281756255,-0.36758704619810023,-0.26353621722432075,-0.005996428063409776,0.09816503611449161,0.09553448138467271,0.1367442201578628
2022-09-30,156,-0.12251110303298508,-0.434018744764584,-0.4459736688214189,-0.3300153308782854,-0.03225806451612903,-0.007361982582857865,0.08334959415355578,0.09480557528106301
2022-10-10,156,-0.1721388945962605,-0.565766306838836,-0.5757519242623002,-0.2807447329740323,-0.018134690458503896,-0.11198179260640735,0.06280495284869257,0.04082223378179796
2022-10-11,156,-0.11405857343806797,-0.4566136144521187,-0.5777560019598236,-0.23097469614831437,-0.009972973400135922,0.026934930694947127,0.0446656789317322,-0.002881990902496584
2022-10-12,156,-0.148696875345735,-0.5399472112026046,-0.4929778255440881,-0.24622971029381546,-0.03378483033301196,-0.23396816867127115,0.026917263385905516,-0.05416140801302114
2022-10-13,156,-0.1363943484332493,-0.46221844306129634,-0.3895500225618186,-0.27826040228581195,0.00020388503728810818,-0.24947467992822817,0.004928511177373869,-0.1028187890493026
2022-10-14,156,-0.1740829131829748,-0.34673705172986047,-0.3054827646157007,-0.21947811793712754,-0.011436519100377738,-0.12107600638523176,-0.010700313796754119,-0.1324399813312615
2022-10-17,156,-0.12395923554055241,-0.31289947337632695,-0.16406304330041444,-0.16060173097306762,0.002788015956821809,-0.41934668125158137,-0.026496993468806067,-0.16111858259694906
2022-10-18,156,-0.16004172527698313,-0.3114697096616143,-0.2606723459404782,-0.20301243855794912,-0.011243697744622338,-0.25627222582225656,-0.04087814755203535,-0.18869709407930274
2022-10-19,156,-0.11576272150876223,-0.34848618952360577,-0.27267870803097466,-0.24795008123934545,0.03153745487665668,-0.27209075908769936,-0.05338136636680111,-0.2187208567014741
2022-10-20,156,-0.11484882489608192,-0.38895860662862913,-0.07120165636705598,-0.2561521076006385,0.028496467575982676,-0.46281866890044404,-0.06511660051830812,-0.24262153789823088
2022-10-21,156,-0.008558430053605471,-0.19520332790963085,-0.1770923306826197,-0.25875381988108465,0.09951012273408201,-0.02413429859991792,-0.06950170932416747,-0.26086522515401317
2022-10-24,156,-0.08986739580534524,-0.2760348342842692,-0.24163992982567048,-0.2824232270708539,0.06321695563528315,-0.08412384820849994,-0.07428525944981745,-0.27969517884527767
2022-10-25,156,-0.07027548165826365,-0.06698171358126155,-0.25423969907224475,-0.10949408101657947,0.07205512794171104,0.040704272099382016,-0.08365621928923836,-0.2914300968962015
2022-10-26,155,-0.17988463149753472,-0.005001450162740485,-0.22786890528826012,0.036321742773355675,0.01683800070896845,-0.2815893783635719,-0.09155650490629366,-0.2850952358763904
2022-10-27,156,-0.17433277041048764,0.040467228641276914,-0.3194594043554951,0.02731743398827645,-0.02631855535598122,-0.030358324001782806,-0.10028088789110659,-0.27843420473782593
2022-10-28,156,-0.20821861516334494,0.10103522940999825,-0.42250952253006907,0.11945124938755512,0.0048015678588927,0.04243018128368446,-0.11273319621561546,-0.27064959567522223
2022-10-31,156,-0.26756333865435983,0.10322580645161289,-0.4390921591250335,0.10882394778018364,-0.04117210096252627,0.013699799276129665,-0.12938442922368182,-0.26400729392480576
2022-11-01,156,-0.1949171026220543,0.1265034533988715,-0.42221238798185584,0.23837144979532485,0.02144742457049833,-0.12298209290196138,-0.13541183514424576,-0.24591274824036896
2022-11-02,156,-0.16525422389404307,0.2697001785968295,-0.37167106573311626,0.3075279353890407,0.03178707464715272,-0.05608572647816534,-0.14086915366299843,-0.21916605544272075
2022-11-03,156,-0.1573485483080716,0.23170804950135132,-0.4481674068688656,0.22736166648227463,0.028562848698455847,0.027712538129632844,-0.14493578766593815,-0.19188483655887192
2022-11-04,156,-0.053762387191604366,0.28539141154715425,-0.41860251932164816,0.25941110461348804,0.11568649144157671,0.0237075437404182,-0.1414983518738691,-0.15591432874328498
2022-11-07,156,-0.08579602029365743,0.18997012849488706,-0.3070158524442477,0.2858750454394588,0.11829432125302271,-0.14793507294020955,-0.13718120815873897,-0.11812750697659884
2022-11-08,156,-0.10465458108770208,0.18147334481832117,-0.2690679774304183,0.23199254002623634,0.09314219784735502,-0.16159694014635456,-0.13671100854122067,-0.08622315901307684
2022-11-09,156,-0.08358963822288251,0.02204169366692481,-0.19492342463371842,0.23486273332174298,0.06497447487790615,-0.34732815982045484,-0.13345564668507803,-0.05812371376960037
2022-11-10,156,-0.08411436519100376,0.06053642268969986,-0.09135306854641145,0.26168070680090405,0.021267247238071153,-0.2940480583902377,-0.1308416475229658,-0.03198597048205056
2022-11-11,156,-0.0648132635804713,0.05165083529579112,0.07839294463498285,0.27537102305953753,-0.04357130438905659,-0.3703149942311643,-0.1253781650428406,-0.01206657613076798
2022-11-14,156,-0.002819617202193738,0.07156201103191034,0.09220337911523446,0.1484471558850026,-0.09623050054527349,-0.13290132920295236,-0.11932118412592266,0.007156498089643884
2022-11-15,156,0.12884259771459275,0.2931042657773703,-0.031538960613055805,0.29606612824200657,-0.045695500308198064,0.10689257321679757,-0.10487696797634387,0.03738519686159312
2022-11-16,156,0.05751450111425455,0.23878870256515622,0.05013039149057229,0.30617502489292087,-0.022933097311564534,-0.11591724486731676,-0.09621310684519303,0.0667489414660312
2022-11-17,156,0.038880402459592726,0.2743834255690079,-0.0738948917315365,0.25482626703099975,-0.05782590588573654,0.13055596604765027,-0.0885266454774093,0.09991604307591308
2022-11-18,156,0.035886899211329044,0.3005610785351899,0.012220448546727568,0.33469994152139204,-0.06820818384409919,0.05077523668031167,-0.08630437901416257,0.1247042633981541
2022-11-21,156,0.12578590507499487,0.43438858244693457,-0.024029966335287884,0.306921022269286,-0.052516950893774395,0.45834268464225314,-0.07552171397014557,0.1602254342347143
2022-11-22,156,0.04683662341357019,0.21117731662214914,0.08287208989900585,0.17702264860678668,-0.10308356118917039,0.11957136760917321,-0.06966610871655388,0.17413338574488485
2022-11-23,156,0.0450712372739921,0.280556874837592,0.06208536461047648,0.13294726884933175,-0.09069090949324755,0.39668915987523246,-0.05841831527797753,0.18841130199490147
2022-11-24,156,0.07359453778192221,0.2383840938186531,0.13130502125776422,0.10914637037505333,-0.03228335256278548,0.27825386037837235,-0.04602194986835704,0.19830714525377027
2022-11-25,156,0.1043481284446443,0.13354322445248215,-0.0020894281573387626,-0.0037347342933369866,-0.002408690250971463,0.2121781103163819,-0.030393612687957577,0.19993254500589447
2022-11-28,156,-0.023416805224643945,-0.06174728310720773,-0.08108953893463702,-0.11886683904799013,-0.13769384929609751,0.12664926000682833,-0.01818628601647178,0.19168389052795343
2022-11-29,156,-0.03176810861216039,-0.13938455216449874,0.025224826539804963,-0.2086074188806878,0.010703165747340803,-0.1745191319877985,-0.010028836315977086,0.17838949024978493
2022-11-30,156,0.020132446144363138,0.03192299789793112,0.07911997597635566,-0.12631695405478022,0.04246495234783708,0.004488628281519179,-0.0007595028140567759,0.16650063121484
2022-12-01,156,0.005411659090792445,-0.008364047870465427,0.13056575861283992,-0.12496443857260382,0.055355709110956365,-0.12665558203847646,0.007378507555886427,0.15449702634624915
2022-12-02,153,0.027470101951162545,0.045829853569311615,0.22139424546856631,-0.10737581535377576,0.03890913690405257,-0.08402028133528719,0.011440132013024773,0.14251894844735702
2022-12-05,153,-0.01746009408548108,-0.010065270127189632,-0.13031241204615815,-0.15581735086379045,0.08283073995148296,0.17899695763472853,0.014856928323433587,0.1325171785162532
2022-12-06,153,-0.024292033804467705,0.07699066934607708,0.042428968836686135,-0.03381451105581904,0.016433142040553354,0.08259794087321869,0.01887505568759531,0.12729304474264097
2022-12-07,153,-0.08728036669213139,0.0092041601329527,0.06338037607387452,-0.06754855052068673,-0.06530028279254285,0.08798734804926754,0.018690519264132864,0.1266511680659424
2022-12-08,153,-0.11632701098255305,-0.04674624960317671,-0.012998751054404475,-0.10228956606892306,0.007048040428647974,-0.013603538930501913,0.017079886974555404,0.12128703445129854
2022-12-09,153,-0.05712811440365619,-0.03873319662793347,0.05161634031603071,-0.16539343009931243,0.10701888410866738,-0.007468537654296168,0.017464144433396157,0.11676783285511232
2022-12-12,153,-0.035841609371021134,0.009184056397678688,0.010939782611609238,-0.12263278517148485,0.11324769142106603,0.14566161392786778,0.015813044824954787,0.11364893512340073
2022-12-13,153,0.02571602803800946,0.06890890327422836,-0.01636444051304732,0.0014642220524573465,0.046590406497527236,0.008889201613659817,0.010656716341125621,0.10243916699824365
2022-12-14,153,-0.05154932786511734,-0.02551164006272365,-0.07075174567434628,0.012135954860413063,0.03139198263037272,-0.09380402878854892,0.005203524892157027,0.08922414986684965
2022-12-15,153,-0.0035215101951287728,0.12279382077172146,0.04220116166284195,-0.009105332022133624,0.0094035379282863,0.17333637123644074,0.003083429259420952,0.08164466962698533
2022-12-16,153,-0.06273475693381923,-0.11410066110491623,-0.022767861633568427,-0.27841459291485915,0.057551257015183425,0.09096087413781931,-0.0018476535478364618,0.06091158264498002
2022-12-19,153,-0.11434334499349978,-0.1983468028359669,0.013546566952139707,-0.31280071837347373,0.050591049817056,0.040974763110986016,-0.013854116051261195,0.02927481338083494
2022-12-20,153,-0.015195085972863589,-0.06552147876501599,0.02426522880164898,-0.2885575306562291,-0.0032735609692365443,0.12840266475238776,-0.016955701520582882,0.01543987361147669
2022-12-21,153,-0.05446273978961659,-0.19080806193972719,-0.09287430882884662,-0.33429859265370365,-0.006813496653984149,0.12471195092678485,-0.021932400373763317,-0.008128373227389268
2022-12-22,153,-0.11410545079275727,-0.21492903381448272,-0.327536756329326,-0.2651180089260584,-0.10233136316727647,0.11076488011472531,-0.031317399802497294,-0.030794029609046057
2022-12-23,153,-0.0806796402771635,-0.2569290874244434,-0.31814496133381576,-0.3167410504871805,-0.04687856003645477,0.056525002345435775,-0.040568788238587686,-0.050317645202892336
2022-12-26,153,-0.04042861163604197,-0.2107474568774878,-0.1776064492782759,-0.2147346977068339,-0.0671196708348411,-0.016227064988674895,-0.04141937855915758,-0.05776765389140635
2022-12-27,153,-0.0706110195274282,-0.26652191977269374,-0.22671652393014619,-0.2555084234650798,-0.03499725248951255,-0.14187205982871617,-0.04336152410492097,-0.06412452227181609
2022-12-28,153,-0.09913855205767809,-0.29364954381286024,-0.29021849482992584,-0.2957235861179739,-0.08079048152003293,0.06404736455936584,-0.049325074015023035,-0.08040314935735567
2022-12-29,153,-0.08651489437994526,-0.36490518560018237,-0.2749257417038116,-0.2868590038921571,-0.03677816998747001,-0.05936810503557484,-0.053921401688559925,-0.09823020624384152
2022-12-30,161,0.014012547455538657,-0.2354727398205659,-0.35341039797561546,-0.23029675638371291,0.007749597423510468,0.00197837589141937,-0.05459427941334112,-0.11229533591333538
2023-01-03,161,-0.008863878007736078,-0.25136318967339544,-0.3106239293075979,-0.18425939172091238,0.053309792176940526,-0.17738251767208812,-0.05416446860945386,-0.12436023189064568
2023-01-04,161,0.04647892690285226,-0.1625317478518276,-0.41550668241519423,-0.21230892879356822,0.01874713793071707,0.13313214079551175,-0.050625920574087865,-0.1363363527505409
2023-01-05,161,-0.022771451575799406,-0.2749884978145848,-0.3670404876926617,-0.2460892569588222,-0.004198297676558546,-0.009650333563377043,-0.04740047481827127,-0.1505459856479178
2023-01-06,161,-0.06253738210259951,-0.19973544973544974,-0.28615999539912584,-0.20283816425120774,0.08378191856452727,-0.13378479411088107,-0.044710993374273596,-0.15819544565453142
2023-01-09,161,-0.16413665785856296,-0.2335007864651547,-0.23636771442389656,-0.2651117584315033,0.05358883594695479,-0.2142805793676313,-0.05006142054701893,-0.1679338251463925
2023-01-10,161,-0.11683428826423556,-0.18065174727108219,-0.12636823073876358,-0.2101047425343466,0.05762348763295634,-0.13206041566662607,-0.054111054491679654,-0.17742561532983053
2023-01-11,161,-0.07788617068129344,-0.15926615529911275,-0.17803354349395725,-0.2717353328179604,0.07773232784540526,-0.032857666621985915,-0.059291164427644795,-0.1888343682584976
2023-01-12,161,-0.10108983206809294,-0.12839602024384636,-0.2212761674718197,-0.2465263400046009,0.06719576719576721,0.007899125833908444,-0.06176818963779358,-0.19397858726755374
2023-01-13,161,-0.07365999539912585,-0.11468829077524731,-0.2745772946859904,-0.15946342305037958,0.09806475730388775,-0.043274097078444915,-0.06527511389799343,-0.20585269284490218
2023-01-16,161,-0.02820343973855616,0.05750246578832662,-0.12151518724224165,0.00807743293491071,0.09995427868191394,-0.010176587809415808,-0.06354854803823026,-0.19727253650024001
2023-01-17,161,0.05261674718196459,0.16633597883597884,-0.17733494363929148,0.04891591902461469,0.12923280423280425,0.09189958592132505,-0.05520054342945706,-0.17903839741664274
2023-01-18,161,-0.0028352907431071447,0.03308606013203936,-0.10198420029922717,0.04371840041869115,0.15212945143885592,-0.1518117033383353,-0.054582553667969234,-0.17410802047178997
2023-01-19,161,0.06425412946727094,0.19782479139698536,-0.19209382339393005,0.0785441673454362,0.11026434197750001,0.05468574209638958,-0.04864671020512486,-0.15467637780495436
2023-01-20,161,0.04045321518664433,0.09412245091621001,-0.09751128473035987,0.07335092689710812,0.1917688864223569,-0.18634416432613823,-0.04091877690615478,-0.1392238035684197
2023-01-30,161,0.018570331752813588,0.10309150877518115,-0.1350389206323752,0.1043768816914877,0.10320940651470815,-0.09628794653808655,-0.03595627830465592,-0.12122277375843846
2023-01-31,161,-0.03634978145847712,-0.04461985277202669,-0.10734702093397748,0.008957326892109502,0.07647515527950312,-0.11710087416609156,-0.035752336795777676,-0.11291639355316543
2023-02-01,161,0.04355014952841041,0.11405567057740972,-0.1317172762824937,0.06597365999539913,0.06414193696802392,-0.037255578559926394,-0.030044278342985748,-0.09388751403566024
2023-02-02,161,0.09587646652864044,0.13742523579480104,-0.052590867264780315,0.1572406257188866,0.15922187715665978,-0.18795721187025538,-0.020293527413669823,-0.07233377505527719
2023-02-03,161,0.14484989648033128,0.26982976765585465,-0.1001207729468599,0.253654819415689,0.20020128824476655,-0.06471992178513919,-0.008725287870655997,-0.04059702739247534
2023-02-06,161,0.12780365769496205,0.14824879227053142,0.0354669887278583,0.19328559926386016,0.2487606395215091,-0.20471589602024387,-0.0030357323586848286,-0.02141095078792047
2023-02-07,161,0.14141074304117784,0.27145445134575574,-0.021857027835288707,0.2773464458247067,0.2258569128134346,-0.12413733609385784,0.004477998693760868,0.00472993126303709
2023-02-08,161,0.2051679467685811,0.29110102111065006,0.01367038667588662,0.2507598653100582,0.22644705097589302,-0.05029345034944404,0.01241244968704731,0.027411569711160978
2023-02-09,161,0.15558718656544746,0.33665458937198073,-0.002007131354957442,0.31838336783988963,0.20085691281343457,-0.06178686450425582,0.021330381594109653,0.05799372407048925
2023-02-10,161,0.17307638391163888,0.2184439113497742,0.13145857161448907,0.24793409818135156,0.1895245208797655,-0.13638151051124306,0.03311106989482158,0.07890269212475046
2023-02-13,161,0.28398608235564765,0.343049804462848,0.10557568438003222,0.311516563146998,0.1570479641131815,0.006216931216931218,0.0555172069055321,0.10773022167115058
2023-02-14,161,0.2291264090177134,0.3605072463768116,0.08481999079825168,0.2769783758914194,0.2003998450079919,0.1498332183114792,0.07281524176962954,0.1347881713535453
2023-02-15,161,0.21312111801242237,0.3584368530020704,0.028939498504715902,0.3539308718656545,0.23052967563837132,-0.11222107200368073,0.08736560620431534,0.16067332176860444
2023-02-16,161,0.31329940188635846,0.40824994248907304,0.1468771566597654,0.39884403036576954,0.2461007591442374,0.007420352700393495,0.10808506790203791,0.18750561990525041
2023-02-17,161,0.3370358415544935,0.4578031241397003,0.11510820329267646,0.3283013632257025,0.08875811533683232,0.366669805807121,0.12861985974971887,0.21613019065099776
2023-02-20,161,0.28123294889654504,0.3222972181226521,0.10018410698768043,0.28666198431539525,0.10148097932555197,0.13370581270550147,0.14409167918147395,0.22936992826771405
2023-02-21,161,0.25781285944329424,0.3170606165171383,0.03089487002530481,0.19032666206579255,0.10908097538532321,0.3077093397745572,0.15435148479454042,0.23690616015177204
2023-02-22,161,0.22466643662295838,0.28254830917874396,0.024861973775017258,0.23516218081435475,0.07221647112951463,0.08560501495284105,0.16572657116284367,0.24937927260410725
2023-02-23,161,0.2912803244771171,0.33975611036076064,-0.025881373563220948,0.20605029765525917,-0.007572756766706557,0.44523266421729374,0.177077880913336,0.256475838552296
2023-02-24,161,0.1956924315619968,0.08624051069703245,0.003680699332873246,0.1571543593282724,0.019030365769496207,-0.2841039797561537,0.18483984173210363,0.2560817415413371
2023-02-27,161,0.19083145763711057,0.2216558989360325,-0.04911724257912083,0.14362070366111349,-0.04029649779769977,0.19349709102337861,0.1934528980263185,0.26200996104937974
2023-02-28,161,0.18966008068884685,0.10385065519555012,0.0603348870915972,0.18705482820076244,-0.009486454699989474,-0.1822440253171364,0.20475339113368468,0.26943348644775855
2023-03-01,161,0.24106280193236718,0.06647112951460778,0.05699045318610537,0.12124166091557396,0.08423625488842881,-0.22351621808143549,0.21462902375388251,0.26705425939461847
2023-03-02,161,0.17479583620887973,-0.001455026455026455,0.06063952150908674,0.06503910743041179,0.0781832298136646,-0.28804922935357724,0.21857499223789448,0.2601102462821271
2023-03-03,161,0.19842995169082128,-0.01355820105820106,0.11720439383482863,-0.013354037267080747,0.044864274212100305,-0.16971474580170234,0.22125399499841897,0.2459408478464243
2023-03-06,161,0.13372153209109733,-0.02520991488382793,0.1778611686220382,0.004744651483781919,0.031202553485162186,-0.18667184265010356,0.22154988871822576,0.23726791248870632
2023-03-07,161,0.20027892799631936,-0.01873130894870026,0.22195479641131818,-0.0709771106510237,-0.008767540832758226,-0.0033845180584311024,0.22449329796598283,0.2227586244739835
2023-03-08,161,0.2298655896779908,-0.058839429491603416,0.25609040717736375,-0.044257533931446984,0.05196399815965034,-0.22675408327582244,0.22572818011145332,0.20526160194387083
2023-03-09,161,0.12365136876006443,-0.1351046698872786,0.2242379802162411,-0.10889406487232575,0.05599551414768807,-0.2265096618357488,0.22413138922118417,0.18167363898090788
2023-03-10,161,0.206266408634418,0.030909336638431907,0.2939334424139206,0.0010121952271586222,0.06502779223569626,-0.053407676005730376,0.2257908904573231,0.17229691024534077
2023-03-13,161,0.19463724597230558,0.12553494186722666,0.1456637808142348,0.06701034262880055,0.08958914883050167,0.035987488488829524,0.22132344863815603,0.1614211671155597
2023-03-14,161,0.19316195077064643,0.09448757763975156,0.22704738900391075,0.15866114561766737,0.03277835288704854,-0.1174258109040718,0.21952522572580263,0.1481201836787067
2023-03-15,161,0.16635035656774788,0.09321083505866115,0.20518173452956062,0.09047906602254428,0.08753163100989189,-0.040352541982976775,0.21718668765356894,0.13485888278153624
2023-03-16,161,0.09988138286276371,0.06880369222983913,0.20398841147015687,0.03009568449356361,0.02965572273859368,0.051574732393876374,0.20651578670238918,0.11788657026857456
2023-03-17,161,0.016764435242696114,-0.01178686450425581,0.22336668967103754,0.05335001150218543,0.05031918564527261,-0.279057395905222,0.19050221638679932,0.09440707083637674
2023-03-20,161,-0.01490395675178284,0.018285599263860138,0.31597078444904536,0.08211410167931908,-0.07737807683459859,-0.1319559466298597,0.17569537110438294,0.07920648989343713
2023-03-21,161,0.13400333563377045,0.31256038647343,0.41217793880837367,0.20590637221072006,-0.0072722567287784685,0.05190361168622039,0.16950489491390675,0.07898147839125172
2023-03-22,161,0.16425408327582242,0.22152346445824708,0.5260984587071544,0.18229526109960895,0.0038704853922245227,-0.003309753853232114,0.16648427724654996,0.07593023615522689
2023-03-23,161,0.20666264090177136,0.27576777087646653,0.4444990798251669,0.2695278352887049,0.01260639521509087,0.030460662525879915,0.16225339306778266,0.07273081918101218
2023-03-24,161,0.2526196227283184,0.5112232574189096,0.3575885668276973,0.41175810904071775,-0.06774787209569819,0.368630664826317,0.16509975262609872,0.09397995651710603
2023-03-27,161,0.25295318610536005,0.5161519438693353,0.36310386473429956,0.4905940878766966,-0.04871463077984818,0.2545663676098459,0.16820583904951122,0.10870475876377117
2023-03-28,161,0.22217046238785373,0.4241114561766736,0.2759719346675869,0.42475845410628027,-0.008649643432252128,0.18719806763285027,0.16983135813446154,0.12471779881282734
2023-03-29,161,0.1558833678398896,0.46775362318840585,0.13747124453646192,0.5003709454796412,0.003974005060961583,0.1470841959972395,0.16557238642983768,0.14478192349651725
2023-03-30,161,0.2007936507936508,0.5055296756383714,0.08791982976765587,0.48407234874626187,-0.06605129974695192,0.351403266620658,0.1668722771590762,0.17013115860118716
2023-03-31,161,0.13710605014952842,0.40837071543593284,0.0814814814814815,0.5534736599953992,0.01879744651483782,0.10358293075684383,0.16380608208201158,0.19122760442589387
2023-04-03,161,0.18399470899470902,0.5231136415919024,0.008002645502645503,0.5825540602714516,0.07156659765355419,0.10715148378191858,0.16631974092719218,0.21864378224968037
2023-04-04,161,0.11726478030825858,0.4038474810213941,0.04391246836899011,0.605610190936278,0.06892109500805153,-0.10850011502185417,0.16216903354278914,0.2397727217481851
2023-04-06,161,0.1488382792730619,0.5932999769956293,-0.0185098918794571,0.5755808603634691,0.11042673107890501,0.20845698182654707,0.15811766802254268,0.27237969207254675
2023-04-07,161,0.20542040487692664,0.5570105820105821,-0.11092707614446747,0.5604238555325513,0.04968944099378882,0.07925874112805499,0.1622061198283858,0.30698545466743976
2023-04-10,161,0.1230503795721187,0.42620485392224533,-0.020827582240625725,0.5620140326662068,0.07723717506326203,0.004086151368760065,0.15804531837527083,0.32675023053163044
2023-04-11,161,0.15823844030365772,0.5333218311479181,-0.05208189556015644,0.5346503335633771,0.09260984587071545,0.09595985737290087,0.15622537809183845,0.347139574995665
2023-04-12,161,0.17151483781918567,0.5479641131815045,-0.08335921325051761,0.5000230043708305,0.18456406717276286,0.072688060731539,0.15514302244426542,0.3698134017727527
2023-04-13,161,0.22238325281803545,0.3639579020013803,0.019015988037727173,0.459681964573269,0.2051587301587302,-0.0011157119852772028,0.15794466725677977,0.3833507551198886
2023-04-14,161,0.16725902921555097,0.5321198527720267,-0.05413216011042098,0.4462704163791121,0.1929549114331723,0.09409937888198758,0.16131354957441915,0.40651656314699797
2023-04-17,161,0.19126121463077989,0.40512134805613065,0.07262767425810905,0.4313894639981597,0.1968484011962273,-0.08711467678858985,0.17003838854382333,0.4273619737750173
2023-04-18,161,0.2140644511045894,0.4134549786168099,0.11977665615417186,0.3744294732211927,0.25605320914804836,-0.03957617291823898,0.18148680893664196,0.4471204427426648
2023-04-19,161,0.21685388896659316,0.3833439489076152,0.05262257393405189,0.38494994385527465,0.2946849762554465,-0.06857330178853953,0.1856293366032831,0.45065962086437394
2023-04-20,161,0.12772601794340926,0.47431849551414773,-0.1306820795951231,0.35841384863124,0.32037899700943184,-0.04481538992408558,0.18380293333666242,0.4632993724171691
2023-04-21,161,0.13472509776857605,0.22255291005291009,-0.13656257188865886,0.24891591902461474,0.2926558546123764,0.03821601104209801,0.18020605618000266,0.4606386293759913
2023-04-24,161,0.04275649873475961,0.1619306418219462,-0.10830745341614907,0.17572751322751326,0.33242466068553034,-0.2313607085346216,0.1697128999803247,0.4431739985961431
2023-04-25,161,0.08077984817115254,0.10858063031976077,-0.13660282953761216,0.10034219001610306,0.29744363929146544,-0.07979928686450427,0.16110423308361435,0.4227954329186644
2023-04-26,161,0.24059426083674612,0.18936780349082097,0.17244376325901864,0.047051161038631495,0.241432483201468,0.05064990988751445,0.16202542300605896,0.4110582502843717
2023-04-27,161,0.21737117552334945,0.16235622268230968,0.18571716126063953,0.0027691511387163566,0.10346215780998391,0.17393892339544517,0.16509981339023197,0.39578838025906693
2023-04-28,161,0.24627041637911207,0.15111571198527723,0.08267195767195769,0.01150793650793651,0.10818668046928918,0.2758540372670808,0.16737365166950502,0.3780676820764122
2023-05-04,161,0.11669542213020477,-0.12470094317920406,-0.015542328042328043,-0.13038877386703476,0.02639463998159651,-0.07687198067632851,0.16635312026853882,0.35141409914565536
2023-05-05,161,0.19228490913273524,-0.09365366919714747,-0.19037554635380724,-0.08925695882217621,0.01773349436392915,0.2211007591442374,0.16676763027544014,0.3205757336062029
2023-05-08,161,0.13679261559696343,-0.23769841269841274,-0.2795232344145388,-0.22016045548654245,0.06465378421900161,-0.026636185875316312,0.1677440220398754,0.28849843892021254
2023-05-09,161,0.20316310098918797,-0.12760236945019554,-0.2489130434782609,-0.09093627789279964,-0.024263860133425356,0.1560328962502876,0.1704602631256817,0.2524533215979213
2023-05-10,161,0.2409103979756154,0.015527950310559008,0.0926357257878997,-0.023984932137106053,-0.06251725327812285,0.012456866804692894,0.17223476278061614,0.22537919001292012
2023-05-11,161,0.2659822866344606,0.20303082585691284,0.15722049689440995,0.12644352426961122,-0.10688980906372211,0.11967161260639522,0.1793813581337332,0.21422048860965348
2023-05-12,161,0.16869692366645408,0.038019063448266846,0.06512110731620278,0.08164257076906496,-0.1667329240949103,-0.0777605804007134,0.17990428230187305,0.18945535022467092
2023-05-15,161,0.11513687600644124,0.012387853692201519,-0.12523867034736602,0.09854209799861974,-0.09825741890959283,0.20251322751322753,0.17708538421123582,0.16267653725020578
2023-05-16,161,0.07049401886358408,-0.12336668967103749,-0.1876984126984127,0.047633425350816654,-0.16671555095468144,-0.012548884288014725,0.16949092251351325,0.1383103076665849
2023-05-17,161,0.004786350346756433,-0.16856464843908803,-0.26195527228215326,-0.005493735258322717,-0.15299642928778776,-0.025716029529013383,0.1613672885700735,0.10327608260602916
2023-05-18,161,-0.01150793650793651,-0.3073786519438694,-0.3477398205659076,-0.12571601104209804,-0.06563146997929607,-0.19635955831608007,0.15122883101313772,0.06765108260602917
2023-05-19,161,-0.027370907645299546,-0.33715230126554413,-0.29669045943363676,-0.12142722094782651,-0.19038430985764485,-0.04407496842289529,0.13915706307564327,0.030120718611911457
2023-05-22,161,0.009049344375431334,-0.32965838509316775,-0.2564814814814815,-0.16888658845180587,-0.1579135035656775,-0.03374741200828158,0.12876683584608514,-0.005529398088127688
2023-05-23,161,-0.07091097308488613,-0.37794168391994487,-0.17457441913963656,-0.2186047849091328,-0.16728203358638144,-0.23814124683689902,0.1188349862946704,-0.04814240705983232
2023-05-24,161,0.13181608723163435,-0.125107384537232,-0.03610564553404016,-0.037040205489325524,-0.1378907269409892,-0.15458196774238586,0.1186895357678233,-0.06552542178933943
2023-05-25,161,0.167203076261744,-0.0073240218282899575,0.01890241754545113,-0.0017296423752321984,-0.021171225249621044,-0.030799999137343433,0.12491186464417252,-0.07398815497185122
2023-05-26,161,0.10808180072596013,-0.022360264521705028,-0.09239137076676729,0.07666068312968044,-0.05584171256163205,-0.1137221889537539,0.1262769622719129,-0.08053519971392452
2023-05-29,161,0.06296296296296297,0.0450224292615597,-0.17170174833218316,0.02779790660225443,0.002007131354957442,0.04947377501725329,0.11739539737822376,-0.08775246842538759
2023-05-30,161,0.17196210889850094,0.09509726183092938,-0.12022955503047955,0.018711193575454556,0.03261159464257417,0.07922423454700299,0.11512494404698133,-0.0911154164679566
2023-05-31,161,0.0883252818035427,0.13578617437313092,-0.25672590292155506,0.03634978145847712,-0.05502070393374742,0.3365625718886589,0.10722768731820287,-0.09188189334856392
2023-06-01,161,-0.0069271911663216015,0.05919887278582932,-0.28339947089947093,0.054497354497354496,-0.038348286174373136,0.14422877846790894,0.10104655665337654,-0.08268690255031225
2023-06-02,161,0.037485622268230975,-0.0572435012652404,-0.07780653324131587,-0.04574419139636532,-0.03583505866114562,0.07328617437313091,0.09330659231015133,-0.0808663941537169
2023-06-05,161,0.01658040027605245,-0.07902576489533013,-0.19510582010582014,-0.08338509316770187,0.0014061421670117323,-0.0016793190706234187,0.08729598154410577,-0.07293276176356275
2023-06-06,161,0.04563204508856683,-0.11365309408787672,-0.19794398435702787,-0.12927593742811133,-0.018044053370140326,0.13401771336553947,0.07941942874907472,-0.07223529799544683
2023-06-07,161,0.02778065332413159,-0.117586841499885,-0.3013543823326433,-0.11984414538762365,-0.012505751092707617,0.16454451345755697,0.06876294151650053,-0.07889103758596902
2023-06-08,161,-0.07337249351026562,-0.28371023386123756,-0.41682224581780225,-0.18791708931242584,-0.020771538951488023,0.024722527549557477,0.05179520250926421,-0.10322809057187654
2023-06-09,161,-0.011533816425120774,-0.20107257878997012,-0.3716327352196918,-0.15079652634000462,0.027130779848171156,-0.03845180584311019,0.04278366550468548,-0.11518267268378839
2023-06-12,161,-0.0478160569186178,-0.15768069766559864,-0.1798770559273066,-0.06965872272454263,0.07201954797818458,-0.19782766694540638,0.034636018858432524,-0.12368610025167841
2023-06-13,161,0.01514262709914884,-0.05742466068553025,-0.17998044628479412,-0.019386933517368303,0.03915343915343916,0.07462617897400507,0.031868449270210764,-0.12038899880240303
2023-06-14,161,0.02937954157920353,-0.002841047967138406,-0.0924864633269965,0.10762338286041409,-0.012819222507594142,-0.08731621611554422,0.03309810883183312,-0.11210281877880554
2023-06-15,161,0.1613670347366,0.09416839199447896,-0.08870197837589143,0.16636185875316312,-0.03764665286404417,0.03313204508856683,0.041741857394059945,-0.09202546658188814
2023-06-16,161,0.10862982697832749,0.19563548319462984,-0.12874433156348247,0.14361957562624256,0.09213564566303813,0.08745136718280687,0.04854189412524129,-0.06538607735887944
2023-06-19,161,0.13402058891189328,0.3705601564297217,-0.17524442144007363,0.28017310789049926,0.14083275822406258,0.09390384172992872,0.0547904563520644,-0.030375150282734964
2023-06-20,161,0.05683377676687744,0.4314142162801727,-0.2905986101037458,0.3160486514038166,0.12315686332305872,0.03703418811407395,0.06117769384465257,0.010092644727270913
2023-06-21,161,0.00014090187262905688,0.29487311283156403,-0.26612769304102596,0.20531415725948288,0.11185020693168216,0.1401772344269646,0.05459393457670231,0.031091669595710712
2023-06-26,161,-0.004954566367609847,0.310576259489303,-0.27623936047849096,0.2490683229813665,0.05832758224062573,0.1914394985047159,0.04598605244523461,0.04698668366159036
2023-06-27,161,-0.07362548884288016,0.24345525649873476,-0.26549344375431333,0.22760236945019557,0.1437456866804693,0.04505406027145158,0.0369006879667926,0.06027745971261235
2023-06-28,161,-0.07379802162410859,0.19885265700483096,-0.30022141706924316,0.16510236945019557,0.1469662985967334,0.1536950770646423,0.030062638737439022,0.06796897109977591
2023-06-29,161,-0.05661375661375662,0.29150851161720726,-0.32690073613986664,0.2324016563146998,0.11584426040947783,0.17750172532781228,0.018633845461826143,0.0777895335890898
2023-06-30,167,-0.1118941119482206,0.15230554381770026,-0.351121337359704,0.23989198882785207,0.15747163160769684,-0.058169375534645004,0.008622875774237978,0.07861550206131827
2023-07-03,167,-0.08338400651365084,0.0784446597338885,-0.1281344368062498,0.30133622599894877,0.20086676904366826,-0.243391014872149,0.004800035006871517,0.07957779140872123
2023-07-04,167,-0.039393673925814464,0.285338101765488,-0.20481670050604472,0.3131834437836891,0.19178682222474158,0.02479464478959465,0.000956070197169244,0.09670687156025766
2023-07-05,167,-0.06230997557380936,0.1686695455904027,-0.22934337864718066,0.26283920970451524,0.21780277654673444,-0.07502550836365136,-0.002988448595323846,0.10909163708454428
2023-07-06,167,-0.10342997310027106,0.15030094715903822,-0.2954100405041896,0.2632437362795923,0.22262359961660158,-0.142269677512445,-0.010441549504765741,0.12228933914689004
2023-07-07,167,-0.09315448277283644,0.07549444999845405,-0.3373107485545261,0.272522081482474,0.1836499118801983,-0.04674987374648294,-0.01648830630961414,0.131943403721807
2023-07-10,167,-0.07956424472329245,0.20557164500602926,-0.27871623362569187,0.22935110845434778,0.2096916322260814,0.14896369051913386,-0.016797893870265486,0.15640749766517034
2023-07-11,167,-0.059738526389561675,0.11682830552320489,-0.2681470106259083,0.21329114576355035,0.2436022962680491,-0.1460521298195348,-0.01920812936848753,0.1723025418808291
2023-07-12,167,-0.13315881146485,0.13608840838117225,-0.33102383872530333,0.2392040359899822,0.26085522586496546,-0.10058798066517569,-0.02347526709579914,0.18699099718316764
2023-07-13,167,-0.01795507687948773,0.10608272192635847,-0.18786289881040824,0.2299143922755269,0.27867794361121534,-0.17449418009200082,-0.025130152294730968,0.19516636631376205
2023-07-14,167,0.0054392216579629005,0.18554419271035832,-0.20681152362690297,0.19371461993792838,0.3537709961439906,-0.0575150667214817,-0.026327168290793002,0.2045856283476369
2023-07-17,167,-0.010690323312067776,0.16545136920650955,-0.18887010832036447,0.20171447122965774,0.3348707060921187,-0.042264008987189135,-0.03493003619322639,0.20814977720823843
2023-07-18,167,-0.009667412163624559,0.24355591742504668,-0.04837313325156915,0.25147381656652273,0.35303575293475015,-0.22032527028559065,-0.04084489815032399,0.21054579891975927
2023-07-19,167,0.0009481896791614707,0.20542477866985479,0.00853113051006421,0.1982566708235852,0.40875220299504267,-0.323384212641842,-0.04749851811196058,0.20228903003176596
2023-07-20,167,-0.06150998015372007,0.1449095000035729,0.09130711767545831,0.06178438848491166,0.3777791090232813,-0.12866658808026987,-0.05341570595799046,0.18796379421793594
2023-07-21,167,0.0046507673121914525,0.23564317148834865,0.1943402351922661,0.11969348737980152,0.37589536933018647,-0.1970868933389675,-0.05319021268601234,0.18500229715077518
2023-07-24,167,0.03104805878776011,0.3103388747462047,0.16050429261958013,0.1226746163439043,0.3704123594463397,-0.03207612314098138,-0.05139008142824384,0.18499042791362025
2023-07-25,167,0.22435522094062296,0.32269389106511265,0.2651763588849265,0.1462596405251165,0.3800078715254478,-0.12857254203249058,-0.03649104593906868,0.18895235964193915
2023-07-26,167,0.26314067218403125,0.5053541797643956,0.25213342677811335,0.28830892432003463,0.37194543786781,0.1221670256732662,-0.01964411124866169,0.2042774357799174
2023-07-27,167,0.26200696713286,0.34271388376431305,0.22136106444597894,0.09634946973522834,0.2923026580230245,0.1906994960165727,-0.0037130750613308615,0.20683770438727267
2023-07-28,167,0.30099611448359737,0.4085692642254218,0.2419610005462397,0.17026703907159862,0.3557489152503942,0.09677460912941759,0.016931436260260037,0.21965089040765876
2023-07-31,167,0.2698026514544523,0.4859655598220832,0.17340802908474248,0.22894672935549068,0.2900096687067531,0.31123830946438213,0.0345907691586652,0.2400269354120685
2023-08-01,167,0.20559638759896737,0.23651050288921543,0.11948622482183026,0.06033379926958235,0.22239199190964265,0.10033044968219454,0.04684027223490429,0.23758555546825483
2023-08-02,167,0.13160512022426749,0.19297463592608244,-0.0828377668071774,0.06344110402259165,0.15017727024436497,0.18913034516165608,0.05653602702480813,0.2388008099850388
2023-08-03,167,0.1699423871705814,0.2418064044028982,-0.1852783245900626,0.07919702763148403,0.19114267162748513,0.21938481041359628,0.07020464503835075,0.24337608284723183
2023-08-04,167,0.21888494955012522,0.2635065497232729,-0.07368567512135797,0.13544683438630484,0.1713749780988797,0.2236155915363765,0.08580661665449885,0.2527766878334728
2023-08-07,167,0.21596708645992613,0.2321520247921323,-0.0014403216632497442,0.20028200931317686,0.0753463438954931,0.060118613967396525,0.10058318321365975,0.25410570682277794
2023-08-08,167,0.1657373720716914,0.20020200562729965,-0.06177919548167005,0.17053500572005734,0.11099230111206158,-0.01733280427097612,0.11185697813672242,0.2582743918279827
2023-08-09,167,0.1669085453717774,0.17367857250986093,-0.08180846684975135,0.1443207459784341,0.0720366959948772,0.03043355872177881,0.1268603459785538,0.2601539000344171
2023-08-10,167,0.15830387417935216,0.2045513104599751,-0.0435626165912581,0.19760479041916168,0.12051800014428975,0.05443072546816866,0.1356732935314958,0.2650773294610979
2023-08-11,167,0.07894204569616775,0.0858241595434967,0.02716386568156696,0.17456632505183803,0.07564785529788619,-0.19480568837612716,0.13934843473340602,0.26009132780275485
2023-08-14,167,0.06585538046110878,0.24399651643357004,0.02359394807630866,0.1789553423273934,0.05589423562513528,0.05224061343749678,0.14317571992206485,0.26401858516410787
2023-08-15,167,0.07922279365537428,0.17215311202036548,-0.08498922980201387,0.11518185659661745,0.12526667834726418,0.05729590732476528,0.1476202302130148,0.26044844489387386
2023-08-16,167,0.08247188926793574,0.20987199439331322,-0.15416585074257683,0.14671689323590342,0.12368979768518044,0.135763756480155,0.1516964151924535,0.26067080568004675
2023-08-17,167,0.05359332969173529,0.26533851402187025,-0.03860781019716162,0.23923237861626145,0.1464953054304472,-0.10239160233749368,0.15745158068472628,0.2666922563809616
2023-08-18,167,0.02833747307450504,0.19671586259494783,-0.06749925278530718,0.15821369309573624,0.15074412276995064,-0.0470255702021087,0.15863591597284193,0.26474589093629153
2023-08-21,167,0.03003030084409495,0.16697671782081278,-0.026830160676924984,0.1321255939068507,0.10917579642779845,-0.035680789883228384,0.15858502807565872,0.257577783090022
2023-08-22,167,0.03925327438064084,0.2046583712899742,0.04374816014368052,0.13642474287104803,0.1692017229751625,-0.2142124191027292,0.1493299307476596,0.25167600710126503
2023-08-23,167,0.0653168705618024,0.14267420408752204,0.10731033629814382,0.09571820214991705,0.13087078854339515,-0.18453110989724514,0.13943874066654816,0.2335420083174214
2023-08-24,167,0.11726375132695024,0.34715079307821534,0.15851515557525225,0.24465355004277162,0.1958243581683449,-0.09942077978294703,0.13220157987625267,0.2337638537831165
2023-08-25,167,-0.059942077978294706,0.1322466942191349,0.03129541261710658,0.1108737774021664,0.0725957723108001,-0.05069465200408134,0.11415467025315806,0.21994772528280215
2023-08-28,167,0.020293320415966692,0.20203654652828598,0.1451838148144331,0.04401352200933761,0.15684036402238555,-0.06756882104981089,0.10167920370123378,0.20575127461811232
2023-08-29,167,0.09791796303012565,0.44342453277155414,0.21518375802902212,0.24882667213426124,0.2019901805092337,-0.009953479144408273,0.09629528247279169,0.2160969761122292
2023-08-30,167,0.0548778013322445,0.5226448067580255,0.08520700759004905,0.46579847993253803,0.1887220752484721,0.02969020845371521,0.09245891652819055,0.2325804846538264
2023-08-31,167,0.055896812227524295,0.4700057715893515,0.08606624960062663,0.5005616993208077,0.18468312943819762,-0.06438156389458605,0.08675663778103769,0.24399045301314906
2023-09-01,167,0.15013862120852958,0.44780576540550565,0.18118152679151164,0.3776577653642801,0.16263771939769342,0.10068331495356962,0.0833193213639579,0.2532054137972607
2023-09-04,167,0.2083002669360075,0.44849629484576464,0.13126243210652708,0.2160996423675884,0.2676754923887166,0.2077566038319231,0.08293598038776198,0.2640226272999423
2023-09-05,167,0.10023627749135773,0.31989703766861693,0.11470923956705967,0.17168895887310778,0.19050097527237783,0.04596460218416356,0.0796609256587453,0.27000737890200815
2023-09-06,167,0.15869551774248405,0.40949426448308207,0.044193884176569415,0.30029270203139335,0.22654261185030974,-0.016235171653251158,0.07925027427728062,0.2817981635006692
2023-09-07,167,0.20908097745988233,0.3895178661609655,0.10532892906098303,0.2408453317117916,0.18420388139383884,0.2019515186494481,0.08178912944130713,0.29104649128571874
2023-09-08,167,0.1600611170086677,0.392367588403228,0.19824378781164004,0.3024183990023396,0.19309315963597765,-0.0948421573376483,0.08584508300693214,0.3063736627287053
2023-09-11,167,0.12825811372092305,0.4088552670906037,0.33051624805466523,0.30089047378564726,0.13144021767136985,-0.11777391859997732,0.08896521966992285,0.31461660026155697
2023-09-12,167,0.21243727575496074,0.46274421391019,0.40924872619089253,0.30855111019524073,0.13887002956666575,-0.07433507468941968,0.09562594377490216,0.3291461553560482
2023-09-13,167,0.17976193466895332,0.37489460079070874,0.33852841124668925,0.21322300314801024,0.11654881923901128,0.00857622657625541,0.10049044604495305,0.337397285675918
2023-09-14,167,0.07471378760152564,0.24315025917421015,0.27311101105304386,0.17775089520890608,0.07889432767061816,-0.029986517919321155,0.10154646894044257,0.33628787293353496
2023-09-15,167,0.10120894184093088,0.33427808754264277,0.3261695198243788,0.2052650293217352,0.12180114813402455,-0.034183783895204434,0.10519004237876386,0.3431659841809197
2023-09-18,167,0.1494558215754378,0.31175858266255785,0.3028151957702495,0.16297783091304485,0.12125748502994013,0.06382244117616746,0.11116131841533101,0.35040507742300697
2023-09-19,167,0.28383078936790795,0.2885021694992116,0.2109825100229833,0.14236243519844996,0.11041256557453082,0.16818256773887683,0.12339019416469436,0.35459726733346886
2023-09-20,167,0.21036412544961713,0.24295556906840365,0.20608181227905636,0.046548898760138936,0.1793006070475229,0.06660259515392623,0.1306425569090851,0.3596113355825129
2023-09-21,167,0.18019211147412578,0.09714821647582632,0.04262215671926371,-0.04343120986941779,0.22643439454997066,0.023753697424428254,0.13378897491644387,0.3471112067523935
2023-09-22,167,0.1710838220289198,0.028352932688839195,0.0347609428303462,-0.2075195564121327,0.17427365578653364,0.17718779308852178,0.1453402699168046,0.3419165186758787
2023-09-25,167,0.12275199348637042,0.012621494932788682,0.07186921673170862,-0.23865923831724364,0.17942697614261618,0.05648302565461408,0.15046320357032478,0.3324457660961039
2023-09-26,167,0.14283137683325262,0.042854050934276036,0.05509291228214827,-0.22000061838457338,0.2365604419388418,0.08618477331052181,0.15270887426048113,0.3124172420042399
2023-09-27,167,0.2189905902480753,0.24649839735331405,0.15161759097983035,-0.12313325156915086,0.30250600348356643,0.22323683098518976,0.1609145137062727,0.29860992153400434
2023-09-28,167,0.14461218169264223,0.10156219805396667,0.1081583171654707,-0.22582689825303573,0.2940606585307115,0.061008948563356494,0.16535028217952857,0.28018774285723513
2023-10-09,167,0.07355942160429572,-0.007232522905995239,-0.0640259927649005,-0.25426685355622664,0.2792624733321653,0.14923165716759254,0.16152132219931686,0.2574358284416601
2023-10-10,167,-0.02973789478433057,-0.13416643584584997,0.09211365407787706,-0.2236751415524617,0.1679740793467122,-0.1995104449155563,0.1496194141133,0.22830269190707933
2023-10-11,167,-0.010441687907548462,-0.08941589030367779,0.11223687236343267,-0.2300160200357208,0.1478043146523405,-0.11163910022412328,0.14408551584335466,0.2078370455084646
2023-10-12,167,0.0759235032024125,-0.0276224837045955,0.1072678914554235,-0.26397952630428345,0.0938296130391819,0.06452331858873006,0.13994691511635107,0.18598120809908075
2023-10-13,167,-0.07807878219464687,-0.2104414235212879,0.010180156039040681,-0.33762767064837623,0.06664897399692869,-0.09430880064311997,0.12558892713362463,0.15598324361496804
2023-10-16,167,-0.0027750025605008492,-0.22652858645574134,-0.17875319418386876,-0.3481133783080292,0.08034109084398976,0.06025517398198013,0.1174471211551662,0.12503843487201957
2023-10-17,167,-0.030496665876508604,-0.22902903315571954,-0.18620590145011187,-0.37148164943778533,0.12130901707772064,-0.03557772578766736,0.1095093821752946,0.09314421985970342
2023-10-18,167,-0.04899924763210241,-0.3076437486472838,-0.295051892772115,-0.3807522648335,0.09675914951508344,0.0852726560648067,0.09643755600594145,0.05462482173182973
2023-10-19,167,-0.11060394660959605,-0.2708219801115435,-0.15806269171983572,-0.34897469889710375,0.1575821522788748,-0.16851603494760284,0.08191926194201397,0.022338992686717116
2023-10-20,167,-0.032405928246776676,-0.25817813598276773,-0.14819586300720416,-0.442825192987519,0.165595658940295,0.005320683933338143,0.07656327614959887,-0.002727427071131776
2023-10-23,167,0.012608620034408151,-0.29378587118284144,-0.29031775989923797,-0.42305804448544865,0.17433314223522134,0.118333193767289,0.07213326005927273,-0.03413062500740599
2023-10-24,167,-0.10296876127263546,-0.2947581600997661,-0.21076865202469416,-0.33497892339245783,0.1719959392746349,-0.08581631916889114,0.05951203091686906,-0.06445646214552218
2023-10-25,167,-0.021512067202991262,-0.14927942047024834,-0.09414782363920222,-0.3209327821977939,0.2036264413684509,0.034473673870214584,0.04424488808832411,-0.08634554164399519
2023-10-26,167,0.03306038525358921,-0.20150834303853568,-0.05738608840838118,-0.34301534624382907,0.11055685530831623,0.021893390499551673,0.035379701078522716,-0.10856873724934216
2023-10-27,167,0.07904119410139675,0.050154886110890695,0.1407289599344804,-0.14657913942716114,0.1996159571665757,0.07104856834218261,0.030322155209886265,-0.11091840376758892
2023-10-30,167,0.12845401824624822,0.2856977218311744,0.12597532515135332,0.07189111786612297,0.19345143197994774,0.1759897863415873,0.02819066502075268,-0.09805116431047219
2023-10-31,167,0.1121679543343322,0.21276817772928544,0.16301753003065558,0.02966590269975269,0.15129004871412072,-0.05552485084712039,0.02766146306315077,-0.08804383017064733
2023-11-01,167,0.1323939869643249,0.1668406952477272,0.2692764297465634,-0.0486283735083141,0.0895140319001929,-0.004331282565965984,0.027139593569704384,-0.08184449795497477
2023-11-02,167,0.12143148391138744,0.09532919659555283,0.2771433963893334,-0.1546980187847639,0.05419628956135085,-0.05587108219303659,0.022261638252869993,-0.08940295799286282
2023-11-03,167,0.21783526471402895,0.24417961249168477,0.2618460981519206,0.04878413275695713,0.09355262810394158,0.016907675767879823,0.025922792403939326,-0.08227208727097693
2023-11-06,167,0.2525716118784547,0.39398337188585314,0.13998174476034367,0.1548023712487382,0.17953132860659043,0.26417792481603697,0.034873401917647276,-0.06221129253138451
2023-11-07,167,0.1505562247574409,0.33229453179881097,0.1453012374150121,0.21126105524904323,0.22831818503912843,-0.08354128688579043,0.04388810789473585,-0.038888244149151464
2023-11-08,167,0.22814268193389473,0.42656425531037756,0.12757789069022027,0.24881476290104815,0.28537675080132335,0.14788151751574305,0.05581732638680801,-0.013089236868448696
2023-11-09,167,0.22719191565234423,0.39457831325301207,0.19048563801828358,0.1978057654055057,0.31095468271718185,0.07516722149504777,0.0633807470093046,0.008020802979431686
2023-11-10,167,0.25793335875581025,0.2822178362723778,0.2014490811835881,0.17391550805445907,0.27716769558988735,-0.07631123295577522,0.08018135405682744,0.03265376596911497
2023-11-13,167,0.19326720479046236,0.26298238053741824,0.27471237046934033,0.15580467022370087,0.2628548386370052,-0.049120379585318646,0.08998346442437562,0.05712931431877295
2023-11-14,167,0.1564836053905458,0.297515316300754,0.1581648395323534,0.20885179437931042,0.24546147300593657,-0.013071112339295086,0.09933247798772833,0.08345653179159662
2023-11-15,167,0.22075828168857176,0.3963551359127251,0.1510894848144933,0.2028032163748761,0.28967342187839157,0.18412026041740942,0.11282035445376204,0.11865647601959708
2023-11-16,167,0.19812784070413395,0.16046822018613377,0.2766214558834139,0.18069712554237483,0.32062467148319546,-0.24134003937048448,0.12825694381944855,0.14022098603448094
2023-11-17,167,0.19653034722293797,0.39896626712152283,0.18950910571284282,0.24465612664516065,0.3292743257031548,0.0921289950220042,0.13970375759293424,0.17307820618969547
2023-11-20,167,0.23025291929050679,0.4025116720088223,0.20024838447030208,0.28041679120244883,0.19690910777412474,0.15370721551733024,0.1505859725557392,0.20789308334927864
2023-11-21,167,0.20271161635421073,0.36977851525863936,0.2845470848320571,0.21816607748358707,0.12262566089851279,0.12639780679604645,0.1658699914370815,0.24111991711719893
2023-11-22,167,0.17262720685994623,0.26583837488534123,0.32917899141476087,0.25429777278489496,0.12185010357941604,-0.17442052212270814,0.1755769551402284,0.2618758068849784
2023-11-23,167,0.2213249920125326,0.370742164552135,0.25872952889401923,0.22336050789986292,0.1539159203108413,0.1509992064064642,0.18499018547817556,0.29048833226451193
2023-11-24,167,0.13378758862715515,0.2633791775609253,0.27149161540840616,0.14903077817954422,0.07190786579243982,0.030034185094222975,0.18772750520446346,0.30114954683701367
2023-11-27,167,0.18244148535974525,0.25163614251703137,0.2739598256155503,0.16183897265709546,0.07949591350861102,-0.024771455368093418,0.19042687856013835,0.2994464678713065
2023-11-28,167,0.21035897224483907,0.3498948746225278,0.19881837014439283,0.24436497057520074,0.11769919713069558,0.06789347295082813,0.19533642945566368,0.30630280271596866
2023-11-29,167,0.12002071588320777,0.3351747451740238,0.21050326197862454,0.3304827522236079,0.11253826254547704,-0.08432704298803427,0.19471776590160783,0.3147195052122834
2023-11-30,167,-0.0030790596887310083,0.06584163326860905,-0.059821363006918676,0.22244467033265725,-0.06827396159175723,-0.1401680728593865,0.1884922387216019,0.3132451270459363
2023-12-01,167,0.07344605109917858,0.07184340441320458,0.04646129427891205,0.16075164644892662,-0.04110711451451658,-0.117039586919105,0.18127277804085937,0.3046283166420123
2023-12-04,167,0.10698704161411003,0.1847708529397181,0.12473726690593022,0.2588005521663013,-0.022358481633004752,-0.09515398752023803,0.17399354952764215,0.2941676906947055
2023-12-05,167,0.07461067537901822,0.23596782338936584,0.1341095777464005,0.32567223556329683,-0.06541993465736341,-0.19105249054386925,0.170196272058721,0.2893513552742332
2023-12-06,167,0.16826759561771468,0.3808424459171159,0.2659234027641791,0.4023364630463686,-0.01553948900821421,-0.11850309707607164,0.167202517742912,0.2870652648045702
2023-12-07,167,0.15320487673851485,0.4787806994321514,0.244166729471441,0.4738529441889222,0.015857709618015296,0.045019714241737306,0.16350316579722052,0.29127538411352716
2023-12-08,167,0.2573948488565039,0.5765508569779546,0.15647963968792195,0.5424727137807003,0.09072474671998518,0.12087099467158627,0.16347624030225522,0.305992035148806
2023-12-11,167,0.1526121595019943,0.5083584981499996,0.024768878765704393,0.566370700938914,0.052745627505745823,0.11717099364094533,0.16144348803783182,0.3182608410294351
2023-12-12,167,0.11712211363985757,0.4554585678849152,0.012814740236444728,0.5055413090824409,0.08917240122107116,0.13049082374678297,0.1594754134502974,0.32615800360864305
2023-12-13,167,0.014774276166157875,0.4103146812619422,-0.1927870406878731,0.47056095355303107,0.04086759579201779,0.22360586127095897,0.1491762131741767,0.32685598087610396
2023-12-14,167,0.004032382738825276,0.32750419986189416,-0.18362156925391904,0.4719279169715647,0.03770342275861359,-0.005104249332659981,0.13947144027591127,0.335207779859892
2023-12-15,167,0.0075984004452368924,0.3110963958485783,-0.08999814484627992,0.49025013655992666,0.024217485854452887,-0.045659970935925054,0.13002484293702624,0.33081428629624476
2023-12-18,167,-0.03492584538324384,0.30331505663372055,-0.15895833118616468,0.4863443206172491,-0.014900491615735829,-0.007224793098828161,0.11676590470333867,0.32585445552748965
2023-12-19,167,-0.01260989209189195,0.34888742308841875,-0.10881507209333485,0.5233620538612964,0.02771908850113886,-0.14528172570521608,0.10599982928103355,0.3248099009189786
2023-12-20,167,-0.08006018943180764,0.1295850639512713,-0.0848217506467272,0.4728091149886114,0.02667556453358344,-0.43080018963793587,0.09336545946644587,0.31799723537227514
2023-12-21,167,-0.10499939449722698,0.20346450849962028,0.06312949779334392,0.4735858925518224,-0.000505015369474528,-0.42819119469772937,0.07704924014095789,0.3096333525696494
2023-12-22,167,-0.03216115101981923,0.26791511641089594,0.17635555051686647,0.47304358580601275,0.02715738918033125,-0.33311088666041416,0.06875180315860917,0.3098601495121479
2023-12-25,167,0.06805970764563572,0.3782532041682508,0.18714905847671187,0.5228444935718034,0.0525214969296651,-0.19208840843816047,0.06303271427290369,0.3161910025947089
2023-12-26,167,0.045049316169725954,0.4667437929648449,0.17514712399641338,0.5649612994321169,0.1064368680882641,-0.11394766405227412,0.05476723146914804,0.32203344851182475
2023-12-27,167,-0.03430230760509961,0.5072402527131623,0.11407134096694736,0.6463484390942728,0.024797221391983676,-0.10165211745184333,0.047051080294732664,0.3306367238887817
2023-12-28,167,0.23062137343213746,0.7540169231244913,0.1974630772877653,0.7159991548744165,0.2502370474197904,0.11588011584404342,0.05873610195077609,0.3650454883815758
2023-12-29,177,0.20531803466006474,0.8001874101902668,0.09019710531327366,0.7094795796471669,0.2541983345163692,0.20129931961011757,0.06532970112882039,0.40146268867042895
2024-01-02,177,0.16835114109822516,0.7272796130173311,0.2726116414036478,0.6962530385193011,0.2038779430963357,0.013857757536314125,0.06839790610302615,0.42858812667430957
2024-01-03,177,0.15416976852893824,0.700234587351327,0.4023887224944167,0.626296289884178,0.1969538269766798,0.019883658523917526,0.07237586076052216,0.45180146487240763
2024-01-04,177,0.15276968497868715,0.7357170062845173,0.3833425667838161,0.5825102577863956,0.15695062412354358,0.07154914215474109,0.07160096522857076,0.4695451928907777
2024-01-05,177,0.10963928948598536,0.6457882481258982,0.547019182493378,0.43978203285954187,0.1467923858658957,-0.16931839822717754,0.0694226858659443,0.477895570325465
2024-01-08,177,0.14892834265334742,0.657876854625093,0.503345683073354,0.4011313862294628,0.19944685860701858,-0.022056404840636416,0.06399936055578648,0.481961870207822
2024-01-09,177,0.21612982808469386,0.6106975294749053,0.38811654922871835,0.3949812562657779,0.2260911341562646,0.005527085749900452,0.06717524398492145,0.48707882177406725
2024-01-10,177,0.22181489240144736,0.5754509963470162,0.27032946105503713,0.4183467218365334,0.1962786309101297,0.07997610844687592,0.07240988292300095,0.49307844319717226
2024-01-11,177,0.24184354495247656,0.5752086182718443,0.18517901352123406,0.45992971035820024,0.20684155398971626,0.175581274562421,0.08376334636231689,0.5013231400476673
2024-01-12,177,0.2242593533371425,0.5910695533479086,0.21860133708373525,0.40982367526520175,0.1441154845589604,0.2924812440927503,0.09477469489223274,0.5145014077219681
2024-01-15,177,0.27116047159848344,0.5759595574868857,0.23252497359810256,0.40929866172677076,0.18563130832222435,0.1871440072020914,0.10795279844989507,0.5277445658038835
2024-01-16,177,0.17896709012522427,0.5345110317251132,0.16450771525540578,0.46647741689761646,0.15054067111714212,0.19754581245664568,0.11864744522531848,0.5393043645584531
2024-01-17,177,0.06388177143747512,0.4387778951195444,0.11775462682432786,0.3873612818337633,0.08207311161510362,0.02874344280743062,0.12247202840178684,0.5437988881600094
2024-01-18,177,0.04826788851252444,0.506431949343029,0.06866552943678911,0.5087702498065236,0.09978840599000244,0.13591906294803474,0.12888843229900343,0.5626412324295973
2024-01-19,177,0.06508500545350669,0.3724853274700923,0.06022662350028567,0.4510093315558942,0.07480176935994876,-0.016765204896037122,0.13739265229654013,0.571092273378121
2024-01-22,177,-0.0008418309932307268,0.2633740759335884,-0.10953541316805458,0.31822726407091295,-0.030494191582555705,0.05516265300115996,0.13895861829786954,0.5708652213542555
2024-01-23,177,0.05546349151217221,0.36146705901644105,0.03727322353817542,0.3498934996654286,0.031165076330203753,-0.005983711968128142,0.13832880749119636,0.570025914096665
2024-01-24,177,-0.04543939682484722,0.09703779366700716,-0.029788698256609136,0.21542000657883348,-0.11812468620695625,-0.10551886220806428,0.1338043718414677,0.5515406141317731
2024-01-25,177,0.010202607621605832,-0.014440980095232946,-0.04672921972072006,0.10708031104483348,-0.035227075376922205,-0.044489385403536474,0.136029617602803,0.5254565524913534
2024-01-26,177,0.0618908086771351,-0.11523562611450634,-0.18186795588719032,-0.022359377434601202,-0.08745303924793547,0.11470542407506797,0.12759308936505287,0.4819939250294034
2024-01-29,177,0.03198741365281072,-0.2100790325652257,-0.25507046276899636,-0.030818805076089407,-0.046309360987517534,0.01303431381035647,0.11892655831469016,0.4314806028916288
2024-01-30,177,-0.06943810996938288,-0.3836327623920478,-0.3775971122368545,-0.08924278992465401,-0.10277593379181109,-0.05328966197438388,0.10703709576130975,0.37593498412115994
2024-01-31,177,-0.001507289470452532,-0.395336167210723,-0.402982983210499,-0.11691394112916413,-0.043445211434414654,-0.09950382800670812,0.09925324286134021,0.3211564463930574
2024-02-01,177,-0.02204991257076574,-0.3891856096674227,-0.2698490330846073,-0.13074782292550338,-0.15703718772181924,-0.16605278648222851,0.09051226298386758,0.26491131559546044
2024-02-02,177,-0.09377434601201504,-0.6162051384151938,-0.5941682103841693,-0.13108542095877843,-0.17121414102941435,-0.0547017018403421,0.08034158120896755,0.2018116462684058
2024-02-05,177,-0.10277912432263986,-0.742094579387476,-0.8011461020411698,-0.1086091826665051,-0.13831780959470927,-0.0843518983397102,0.0677562078601682,0.13181307456777736
2024-02-06,177,-0.13500682500241382,-0.6966263442388315,-0.6275215043031166,-0.160039949122241,-0.20196380449387302,-0.09139281446003748,0.0501993752058128,0.06644688088209053
2024-02-07,177,-0.1687133658189685,-0.5409074727591714,-0.46238845409156326,-0.14323106871124208,-0.2207351236978715,-0.082012960806073,0.030672962294792012,0.010628957426781138
2024-02-08,177,-0.21912180099995038,-0.41228857505966754,-0.344986423033338,-0.1540984369311033,-0.18856591632219805,-0.05330589265784174,0.007624694997170665,-0.038745902239794454
2024-02-19,177,-0.3227595669221364,-0.6040940342417199,-0.4650899073129157,-0.25157600192230517,-0.2664606448575449,-0.11894946189814626,-0.01972625101579328,-0.09850408161927589
2024-02-20,177,-0.22584708074506396,-0.562915641428149,-0.47225738876123113,-0.24406875761547955,-0.19753639466207393,0.002304760791804344,-0.044576628632970655,-0.1554478415650276
2024-02-21,177,-0.20033749001139625,-0.5383014373353037,-0.41108534039265876,-0.29436941360168045,-0.1986981909821532,-0.10094294860663765,-0.06354185763980166,-0.20908846501804845
2024-02-22,177,-0.23943110280154836,-0.45801548193412844,-0.32402772638128885,-0.30724950063588125,-0.15987249154417457,-0.1236239063209607,-0.07870750135175285,-0.2539281338707321
2024-02-23,177,-0.1353044607353296,-0.40133091676383487,-0.15666729786034544,-0.3896707874593133,-0.07965915546302714,-0.20806990018136456,-0.08788611881414556,-0.2993162771760753
2024-02-26,177,-0.08882940046051835,-0.07974887900140233,0.14581421720538082,-0.2397746749536885,-0.04897984799432143,0.027990339502432435,-0.0955818391098468,-0.32192798749965
2024-02-27,177,0.0376832984193487,0.09231358529111339,0.1560222295320372,-0.01456432540987864,0.09957627118644068,0.029310434376136146,-0.09365558263921783,-0.33048101203177377
2024-02-28,177,-0.010707917106698292,0.1470109589515417,0.2398807153615762,-0.024136095289208983,0.14938496563425152,-0.03501497550250169,-0.09696415307016135,-0.34120381703501873
2024-02-29,177,0.12975666972524716,0.17138726822596564,0.2344034036806842,0.06331045168885581,0.19654481397482734,0.06725342359031182,-0.08820434974265665,-0.33748634330707084
2024-03-01,177,0.1982263118713319,0.26723481241668257,0.1085810494970655,0.1315225671300705,0.2960258652031648,0.2996766849604405,-0.07880316453017033,-0.323402553681475
2024-03-04,177,0.024392553146024,0.179052571724769,0.02747205482076047,0.10193518438869435,0.22820773759965599,0.023805002404849753,-0.0806780773067259,-0.30868814378951126
2024-03-05,177,-0.044618172965103085,0.15695945032064806,0.02889712446237524,0.13513674358219288,0.2112132442449907,-0.039970784753993155,-0.08450835663762159,-0.2903362196452176
2024-03-06,177,0.014166132857810635,0.2831192327002649,-0.021298973355724452,0.16632978999671058,0.24941785980159623,0.13774432575613307,-0.08032814449626191,-0.25699861989060196
2024-03-07,177,-0.008602262232661615,0.08793026865569571,0.2134399797441383,0.155566772761257,0.27415680246883534,-0.23992737310178908,-0.08068289313437235,-0.23283529809728104
2024-03-08,177,0.00206887447602343,0.24063433942149504,0.02429629052543415,0.10239630199531864,0.304505428632118,0.0974232125121577,-0.0794769537820329,-0.20134430064283512
2024-03-11,177,0.018844895344609685,0.3395803396755596,0.05060507955194682,0.1961747545921989,0.35836031232146265,0.08717387164349649,-0.07384599171420167,-0.15355502673829746
2024-03-12,177,0.1344311040321324,0.47463902979519057,-0.06853672893474837,0.255795432904555,0.14829426429597828,0.41452926715257704,-0.061985480296463044,-0.09271834627916412
2024-03-13,177,0.10249562853828709,0.23452892089818395,0.014845657104274513,0.2935025363134295,0.15180874638596978,-0.13300280466058415,-0.050110357619428,-0.04616058302231334
2024-03-14,177,0.12990498016882895,0.3697620203089673,0.08760132680428323,0.34303549488170426,0.23454527846716533,-0.0034170998906597966,-0.03517944032003813,-0.0006271083689064122
2024-03-15,177,0.1864190370665328,0.4551254306539015,0.03128841259673483,0.4032024203182078,0.21597401360779767,0.16158394072124793,-0.014902398416713975,0.04274359191677204
2024-03-18,177,0.12407376949845052,0.54058534305154,-0.12511253267775835,0.38517555097730305,0.24453350876889252,0.2383571960319247,0.007439268404315372,0.09997756078143505
2024-03-19,177,0.05276700541888125,0.33915834213396584,-0.10913505652602969,0.4328785858970586,0.263203112826994,-0.20956614324544248,0.02136997271251263,0.1450812599595408
2024-03-20,176,0.009233986352630421,0.365181598062954,-0.10516839093110279,0.4388509795289456,0.22950253136693818,-0.11339863526304204,0.031848546530713964,0.19025541172945368
2024-03-21,176,0.021604666519920757,0.4460554699537751,-0.08456086286594762,0.4163878494386969,0.2603279771076381,0.018974246092890164,0.044900334996787424,0.23545895932384883
2024-03-22,176,0.05463130090248734,0.4615518379925159,0.040662557781201855,0.40613251155624036,0.3459696235967422,-0.03295179396874312,0.054397123078678264,0.2786030970616664
2024-03-25,176,0.03575172559527594,0.3192209548872126,0.19321714352696276,0.31854739079214095,0.35924518998750216,-0.24931776871991926,0.060626179381467984,0.2985515887560971
2024-03-26,176,0.05792868148800352,0.4547787805414925,0.20633061853400841,0.30499669821703723,0.3029804094210874,0.051642086726832494,0.061638448534900726,0.31667484851861605
2024-03-27,177,-0.05084962171707554,0.12438323436228599,0.1436890808677135,0.003611866138051626,0.18739720572704766,-0.10044407125915412,0.05963136330438186,0.31554346228915325
2024-03-28,177,-0.005414553072142104,0.1487335745572272,0.11461669638683543,0.06315680130191652,0.1810758989629681,-0.02856165925105175,0.0528728021645124,0.3144107776057164
2024-03-29,177,-0.02212463352398095,0.12691015269365452,0.1090639365880636,0.06123741916448272,0.18728301558163407,-0.002191147008659531,0.04185525489474676,0.307394544619565
2024-04-01,177,0.06471927425079206,0.2082027665726009,0.12197460224026592,0.05598500718477867,0.21552171880680737,0.12835217534322468,0.04387159094998516,0.30885205436195656
2024-04-02,177,0.032810867632829956,0.09415635883012778,-0.01366948160820304,-0.0071295982202525,0.15867657171178146,0.0624004856220582,0.047743042979881814,0.3057118997874305
2024-04-03,177,0.008452935371617528,0.08379139904087533,-0.04312382057097349,0.002707276536071052,0.16357490348158796,0.061488287945153305,0.047457383105572154,0.2957455081044611
2024-04-08,177,-0.005316089855228492,-0.05143398165931778,-0.21820639045292756,-0.11295365436544823,0.05494410964152094,0.20623680242554354,0.04762169172444381,0.2887772955887104
2024-04-09,177,0.08082875988989112,0.10386116930108552,-0.04292688838489639,0.05107468707259223,0.0863991274389294,0.1499086754038192,0.051559685995137196,0.2819386370826899
2024-04-10,177,-0.026626962829590903,0.0996736552345008,-0.1382550509859594,0.06317844220148544,0.09515936358442548,0.15106862762071296,0.04928609308642717,0.26994330286063695
2024-04-11,177,-0.06445741936600821,0.03076037464725334,-0.16818441508976648,0.024177212998389916,0.10798592475892038,0.08699858035698829,0.039341666916520135,0.24774937010324014
2024-04-12,177,-0.038799968837104626,0.115123093436748,-0.23482323713232114,0.10696663838922459,0.14075890306608266,0.05857975104309136,0.032276887047750544,0.2417790787301683
2024-04-15,177,-0.030974636310964955,-0.002040737933433938,-0.2517519670236163,0.1366656008518063,0.1097702763165815,-0.0011545426166352129,0.024232906223760856,0.22318894081804824
2024-04-16,177,-0.06879858381953222,-0.10332231090181958,-0.3077595609494296,0.07011867869323592,0.03975216841813681,0.08661553643461851,0.011472025179457605,0.1952665537402622
2024-04-17,177,-0.11818311663579233,-0.08400780803656446,-0.2392574574539915,0.05603694534374405,0.04360424854140337,0.0009500354910752932,-0.0006408191272545382,0.16403689618585698
2024-04-18,177,-0.10527864822284934,-0.12127776527414694,-0.17397335572445075,0.029639376049583638,0.10617674555495923,-0.2422222606949326,-0.008543101809341067,0.14101509081545133
2024-04-19,177,-0.14326607879133282,-0.20125722874067453,-0.4455766247861584,0.12318872335396976,0.0076056982683494955,-0.051836474782124185,-0.016168105066539228,0.1126931494752699
2024-04-22,177,-0.11029127726523745,-0.1401136802625219,-0.25475588392564336,0.16982679612571377,-0.0258967225766122,-0.1868561121291702,-0.022762902255797142,0.08338469196445505
2024-04-23,177,-0.06941102127733247,0.0495360191132425,-0.07854564498537076,0.23781400945274497,-0.07548994996624021,-0.09322033898305085,-0.028965018364788132,0.06278390102049139
2024-04-24,177,-0.10931251190249477,0.12753414933951976,-0.04080824431709977,0.2903148318069286,-0.041377399975762195,-0.11373591177438065,-0.03621823023967667,0.05319956074310674
2024-04-25,177,-0.025233439068237915,0.08628494417579022,0.0010679847495862276,0.2400379583679943,-0.06576816723870364,-0.13590782220621006,-0.04037633626748874,0.034774868924821636
2024-04-26,177,0.10247182354876129,0.3033166842679317,-0.06626659856996937,0.4166868648395977,-0.08892029223870779,0.11885614861238553,-0.032710264004196896,0.04372154142010392
2024-04-29,177,0.15742455982410275,0.3294026246082997,-0.05785478090753277,0.45042286317757657,-0.042377209535845985,0.1527025155381659,-0.02456830835938465,0.05275499392265755
2024-04-30,177,0.07430186457990687,0.23814295112619244,-0.05341190422603488,0.46227558387147044,-0.07016628867228754,-0.13572306573639656,-0.019746983454190264,0.05831663384428445
2024-05-06,177,0.17193478298505915,0.3702346739149253,-0.08764780734405568,0.46460414466508543,-0.008323089974204048,0.12830672945412996,-0.01438620801747691,0.06641822921140066
2024-05-07,177,0.20047707388913377,0.3570609694804161,-0.12796270838170598,0.4389956236667813,0.0076056982683494955,0.17010297286610931,-0.006002897704661718,0.07956345974391507
2024-05-08,177,0.2602799905651569,0.24424621337597527,-0.08225940136833325,0.3463308857431063,0.08322242348321864,-0.03819627039938654,0.006588455055015251,0.08758620046067007
2024-05-09,177,0.2604386288102587,0.30370097454438155,-0.0827494344959493,0.4459629150524553,0.11161841013964892,-0.11188134721166612,0.019876190988289612,0.10534294827085504
2024-05-10,177,0.23851301050882087,0.32899793978636105,-0.054820726787971126,0.4095756652412527,0.1274713907307699,0.09442140890912554,0.027760403519236098,0.11659978679511881
2024-05-13,177,0.2844198507643566,0.21892583230899745,-0.11331607832274372,0.22714937414518452,0.12553885839926596,0.06153156974429114,0.043312744198933474,0.12256239564884366
2024-05-14,177,0.22316793158050643,0.2399829469347973,-0.16961957380359877,0.2710268845483497,0.08568732727839719,0.05144702188128137,0.05769401174625921,0.13302352426322087
2024-05-15,177,0.15569878232004752,0.03358236611985986,-0.14754232285969493,0.10324337747539723,0.03161520728476819,-0.04262069271475577,0.06741894930411682,0.12894648789737645
2024-05-16,177,0.1936146361731965,0.11380299856304428,-0.20589151849864099,0.07602448018559235,0.02423565653926476,0.1619669846436177,0.07864841292832489,0.13473867472220036
2024-05-17,177,0.14465859316840085,0.01633887917452953,-0.26696646526202805,0.02127733245615554,0.005812745624210108,0.07972290992191965,0.08932127177772155,0.1407217342260178
2024-05-20,177,0.11383545991239764,0.01833200602482644,-0.25544268624158173,0.03317118880559427,0.0031487508872768827,0.03946867263378405,0.10092220060513105,0.14583872492908737
2024-05-21,177,0.15342315749381072,-0.009017762850366165,-0.1640574955419747,0.060118419002441095,0.012198975086996418,0.06337104620764876,0.11385729089096404,0.1514517250502764
2024-05-22,177,0.1911129481830301,0.10066048025484324,-0.14537490694413185,0.04330993230726615,-0.006849344713561055,0.23009253648655673,0.13057624223968217,0.1665476105000523
2024-05-23,177,0.10795568590599362,-0.06252708495302944,-0.08660909102222654,0.0004284900432872955,0.017192621964120806,-0.12363019794402334,0.14148859039824374,0.1704269402655269
2024-05-24,177,0.09083880713134279,-0.017901361808447015,0.0014650896934621164,-0.05012684279123044,0.09610404084507003,-0.0708101437443533,0.1495010818186775,0.16705507121944244
2024-05-27,177,0.019961565762365612,0.004081473658697045,0.19443915444677207,-0.0786343726736033,0.17583230899742044,-0.3579642838593515,0.15596478570192052,0.1608824374354013
2024-05-28,177,0.07809767836429427,-0.015761067156039543,0.10108897006630774,-0.14791122037360852,0.1685674590121362,-0.12701476774986584,0.1611313415735471,0.15578013686880982
2024-05-29,177,0.20693028167794877,0.24845483977077962,0.07922300514187774,-0.0007898928342653347,0.30497654126486734,0.1142747701736466,0.1663542644800065,0.15303704464395224
2024-05-30,177,0.21484435865030038,0.24633619570298304,0.312332283028341,0.017687107217672825,0.24293208220079296,-0.09225515486227732,0.16922525442131636,0.14888372319868637
2024-05-31,177,0.19893180519727846,0.31431458942885343,0.3889756929416043,0.0703004622496148,0.18558153425321586,-0.07507877287443085,0.17545675145218498,0.15269230511381943
2024-06-03,177,0.17655511504302213,0.3759716763906442,0.463957081767975,0.16632329772683993,0.23486868302141584,-0.037572929831547246,0.17568776805508313,0.15297915523760536
2024-06-04,177,0.2159330127232644,0.4706010925414747,0.41365303451569096,0.17595575732101082,0.2444059596905924,0.18699911434573338,0.17646056499678967,0.1586561613906583
2024-06-05,177,0.23500285659874312,0.469016724087187,0.404790862346566,0.25879918976472016,0.1386272744585447,0.08095644119734771,0.17519670829846895,0.16989468692621887
2024-06-06,177,0.14946944600892387,0.2635527559430386,0.47668543474704156,0.10465003670841108,0.12565903337625484,-0.09396916494758054,0.1696482491584022,0.16788727599615175
2024-06-07,177,0.26005558468065343,0.297516002101376,0.5393477753955531,0.024360091779108296,0.07110770627441391,0.0453128220776315,0.17072537786699385,0.1663131791119025
2024-06-11,177,0.2274242135697097,0.38070886930627934,0.4616198646145323,0.22057270476619173,0.005254410415332145,0.127350201693184,0.1678755960072615,0.17440233096176655
2024-06-12,177,0.18592778864631848,0.34550994615744185,0.36476601859386093,0.18204324717369855,0.07349033084607262,0.12726363809490834,0.16601358886055212,0.1796786809228988
2024-06-13,177,0.14754116099098008,0.2961686951403196,0.31338619483734703,0.2506189297276709,0.0625357074842887,-0.08400131576669381,0.16560570779409872,0.1928079973739218
2024-06-14,177,0.3006138985506981,0.4738504753697367,0.32324812765545474,0.2559503038113807,0.1250563339971866,0.16307292283773164,0.1709556709129738,0.21081037121425644
2024-06-17,177,0.25795303059157565,0.4718560101106283,0.2694032305534877,0.3554669240490989,0.10185722200100414,0.19438721628780667,0.17662039278413255,0.23358622776106133
2024-06-18,177,0.17819333114038888,0.3697152923252714,0.3435730856460241,0.2531011409082253,0.1023636190509167,0.07964933086338534,0.1798382863455321,0.2511553920760836
2024-06-19,177,0.18954831114419765,0.3568670902512076,0.3928645625941379,0.1837485500597289,0.2154459756583162,-0.15316130260902688,0.18164454402805147,0.2694496347311623
2024-06-20,177,0.19463825072280605,0.3769195477917627,0.35081196655182567,0.15772969650802446,0.27679792593618535,0.020450650092623052,0.18182080915504023,0.28326258810800825
2024-06-21,177,0.23487517529128651,0.2985124045636329,0.30801275947438583,0.06229982167898755,0.2946213708211423,0.06292957185644293,0.1881667836243049,0.30131456258384137
2024-06-24,177,0.1406766676477208,0.21565372829417775,0.2642743373556552,-0.0485405377330725,0.24032218971278202,0.029323418915877496,0.1906586766501238,0.3129923170889726
2024-06-25,177,0.19803154377521168,0.3645539377780856,0.24251657692906983,-0.011976073821436612,0.18766771697165913,0.2832880317169024,0.1995621755507661,0.3310159402949421
2024-06-26,177,0.18407759132332,0.3776077283980541,0.3730155295095307,0.09475251467252992,0.20233375460951164,0.006176312736967851,0.20486117119871738,0.35068438007264674
2024-06-27,177,0.12066316372638979,0.18964785928221467,0.2733916483440384,0.0006535551669811812,0.16364199027025153,-0.03592172919443916,0.20054781530113944,0.34774403104821844
2024-06-28,184,0.1281617230267929,0.12412115164472923,0.0162104449011042,-0.09801010287324771,0.25648718792127373,0.11379000298107837,0.19621368351996407,0.34163327884530575
2024-07-01,184,0.16052667064783954,0.2621756467800659,0.09587948604342045,-0.05554314114542197,0.30387008533836757,0.1709849550191674,0.19429342679249212,0.33902633171286645
2024-07-02,184,0.1171562867215041,0.049879601625859644,0.015773150199379707,-0.14976787193465738,0.3071084679107231,0.011334784535069638,0.19132348537641622,0.32272172797462717
2024-07-03,184,-0.004887210803105315,-0.21913852555335092,-0.2735778544046541,-0.22663789948180538,0.21441890928704896,-0.08940301670166245,0.18028247420009774,0.28823474706988594
2024-07-04,184,0.029452331875710353,-0.09862071622584809,-0.2621448247962859,-0.21190499123499837,0.1987594151528578,0.24091233071988594,0.1700049479639461,0.25985287505423416
2024-07-05,184,-0.038109456569898476,-0.030795014544123596,-0.14380189169925447,-0.11534549517443315,0.2615784708443297,-0.037263778389936615,0.160626002835005,0.24513548652987605
2024-07-08,184,-0.07689121766099671,-0.014099131205332202,-0.40654003968330404,-0.05359557704532758,0.2961067981737974,0.05708616670840477,0.14377866271792247,0.22955472986454062
2024-07-09,184,-0.14398297085396158,-0.20639748800832192,-0.5013773574001656,-0.10415518868833194,0.22608310377376664,-0.14469765560285872,0.12520830349673892,0.20019941199881056
2024-07-10,184,-0.12504581160343747,-0.20799840496159536,-0.4099932625037859,-0.1148206135600553,0.2531006208225048,-0.12968933833357552,0.10965962348425111,0.1725239944428587
2024-07-11,184,-0.09181868968041454,-0.08860549787135674,-0.3207866929874064,-0.0637533470748011,0.29231569416886594,-0.06051125965594961,0.09769163095068137,0.15328528479227488
2024-07-12,184,-0.08877309240816011,-0.08963418158001193,-0.26548901003640846,-0.0787848432894762,0.3086397873283119,-0.15239159330392402,0.07822228140273847,0.12511105194478744
2024-07-15,184,-0.09285507888501474,-0.132287954383464,-0.3582805185798771,-0.07143765290593515,0.2645643505230105,-0.1602550519157789,0.060681875928908946,0.09490385372008284
2024-07-16,184,-0.07257421355782011,-0.03532006703781472,-0.2853961588102714,-0.014808036832270615,0.29023521026372057,-0.16332569204985456,0.048143498693998504,0.07465208575192853
2024-07-17,184,-0.015461152073690086,0.0005567247631817138,-0.10439937777941656,0.01812437693562337,0.29817330707376605,-0.11603762226648343,0.03789302553310411,0.05683656747752723
2024-07-18,184,0.003220897305002793,0.03874515998535956,-0.0796863863150392,0.05953073529695054,0.27468744582073157,-0.16569513205293673,0.028322157862213954,0.03992784808720708
2024-07-19,183,-0.001182709530749366,0.22406275409777765,0.013506190378052568,0.2845542345260471,0.2545615824027226,-0.22106681770366088,0.016519263621112158,0.036205365563914314
2024-07-22,183,0.03204083870512951,0.3991427318227034,0.04028651320169497,0.4445732457136592,0.15506606721859753,-0.13360107462031912,0.011087472173982591,0.0453798157403406
2024-07-23,183,0.05184338113775035,0.3005960539816563,0.15452170780039637,0.312863722165219,0.13158028713980247,-0.1175268067641553,0.0037780640421095244,0.04218192155051913
2024-07-24,183,0.0068642189735793075,0.25850329479576645,0.09702917660214003,0.23943504080497616,0.10596313725453073,0.00979259993920129,-0.005082604575377509,0.03622669987040475
2024-07-25,183,0.05970134640840273,0.3770256827990257,0.1934081599085163,0.29625684365527566,0.01862962411786361,0.18726355611601514,-0.008130695441276863,0.0455955910462453
2024-07-26,183,0.1383534498288597,0.4371225709429559,0.15396168336296634,0.3715448841963454,0.04649965145332216,0.20850532219028303,-0.007621109101173522,0.061245662011156644
2024-07-29,183,0.05369968591636447,0.32361775786579783,0.1648919505298693,0.3180664666765879,0.03084638098893267,-0.03984201828107744,-0.012962458337747276,0.06431776756544323
2024-07-30,183,0.039758817329636584,0.4005145961336256,0.053578308245636,0.38833503772094186,0.00696506258423095,0.20268195051126717,-0.01683233180734065,0.08184951729083154
2024-07-31,183,0.15210929483915944,0.5194855800980374,-0.07200817714003745,0.3990174116688729,0.16155725956153616,0.3399054616089542,-0.008982506525227415,0.11878072257340096
2024-08-01,183,0.1269916020689016,0.3158699116152352,-0.14863775324147782,0.2524627159759229,0.12791486049559386,0.27207828604886,-0.004105543015567853,0.1395052539654551
2024-08-02,184,-0.013501955269596038,0.050655930342316656,-0.1422762035021479,0.09303615803972183,0.004417175550461366,0.05779507233534318,-0.0028751679505527317,0.14357780120977712
2024-08-05,184,-0.053551270443643925,0.07640191866849029,-0.169938933944636,0.18297085396158808,-0.06255321608137003,0.06889869199206333,-0.0017081705896850922,0.14810285370346826
2024-08-06,184,-0.02884552407004296,0.10496041301458263,-0.24825566835545454,0.12748357766176724,0.01745294831538595,0.19287241625089094,0.004048701749510839,0.16367074875461346
2024-08-07,184,-0.029930072624299277,0.09945098341391997,-0.1383040203425093,0.11511625667006993,0.061798077478761725,0.06879659417079231,0.008804488698467748,0.17904321817338925
2024-08-08,184,-0.011144073510431314,0.10787501685577237,-0.10994008976902776,0.10614513301612374,0.08339465623856215,-0.03332434358806419,0.012838219506966907,0.18886724390974569
2024-08-09,184,0.0009766734924667858,0.17456642054013347,-0.042409205003266844,0.11075708569897014,0.17359359980306105,0.06572415427215346,0.017325707801998255,0.20207727401575296
2024-08-12,184,0.04698618789851861,0.19471788252971428,0.00812929822195681,-0.0017722640673460345,0.2495251488123904,0.0922213018435399,0.02431777114117492,0.21842756586141193
2024-08-13,184,0.06682013446090423,0.09720868409392999,0.02320895378628807,0.0036870798096742497,0.22358074396563346,-0.08344088921423205,0.03128748854211114,0.22505400341799908
2024-08-14,184,0.08240450000963187,0.01879755735778544,-0.08481054111845272,-0.11023867773689584,0.18239872088767312,0.15062125561056422,0.03618077114627724,0.2259660450477293
2024-08-15,184,0.050097281886305405,0.010949509737820499,-0.025973300456550635,-0.06805301381210148,0.13268671379861685,-0.075301959122344,0.038524590375342366,0.22457626253535232
2024-08-16,184,0.042850262950049116,-0.04964073125156518,-0.00434397333898403,-0.1553081235191,0.12294696692415866,-0.08737839764211824,0.04072623899938229,0.21089108826788522
2024-08-19,184,0.153967367224673,0.016605343761437845,-0.0620080522432625,-0.08563117643659339,0.11954113771647627,0.11324382115543911,0.046822565425359466,0.19176421886482192
2024-08-20,184,-0.03719250255244553,-0.13191423783013234,-0.15801853171774768,-0.09340024272312226,0.032954479782705014,0.01188765386912215,0.042370771240849675,0.1701387042742325
2024-08-21,184,-0.027681994182350556,-0.12038681589643813,-0.08974783764520043,-0.0829496638477394,0.020038142204927663,-0.12484059255263816,0.040643460583053174,0.15119419873962228
2024-08-22,184,-0.00036023210891342666,-0.06041304367718703,-0.1969419761428327,-0.006088307915619705,0.0010363897037188425,0.08571116223497086,0.037640381657187374,0.12932226241581163
2024-08-23,184,-0.09375382265210437,-0.22546206532543572,-0.19862476028669834,-0.006444690378429892,-0.08840331375176391,-0.24796406153241216,0.02603501803313917,0.09619303060239207
2024-08-26,184,-0.1706555450675194,-0.20039105391920786,-0.14595750418986342,-0.025634258634971395,-0.054581880526285376,-0.33939627439271053,0.014817256483944977,0.06999259001314176
2024-08-27,184,-0.0839573191758973,-0.2115181975273088,-0.3246986663693227,0.007613044659228279,-0.05526199699880609,-0.0983261704191118,0.008631449658668282,0.03939095033009505
2024-08-28,184,-0.14810155843655487,-0.3456415788561191,-0.5008591627978656,-0.08127564485369189,0.08251237695286162,-0.176415403286394,-0.006379093005117434,-0.003865407617612776
2024-08-29,184,-0.2183872396987151,-0.4620619907148773,-0.35195430640904624,-0.23391766677582787,0.039213268864017256,-0.4401032536456627,-0.02364803509349827,-0.0427620027341184
2024-08-30,184,-0.18637475679528423,-0.4982970853961588,-0.002656469727032806,-0.3231704263065632,-0.13665889695825548,-0.49120225000481593,-0.03229167516978268,-0.07020965352104216
2024-09-02,184,-0.09446172028170477,-0.37775808595480725,-0.2169790603147695,-0.38502629500491226,-0.13708077286124326,0.11357515748107337,-0.03433719766168572,-0.09291765375220705
2024-09-03,183,-0.12458781418154193,-0.3538336218307709,-0.11958871492014758,-0.2193650967706563,-0.12016048812199918,-0.3284954532281689,-0.03912431216726067,-0.11585735549447473
2024-09-04,183,-0.09910670227847707,-0.2256898482842888,-0.08151880193932938,-0.16980489218550518,-0.10609330085452681,-0.09390983214931897,-0.042583143649969554,-0.13211439707938516
2024-09-05,183,-0.07555042961315238,-0.2607364125539465,-0.06209026184079642,-0.08763599194818013,-0.1479561066161209,-0.3460637722932805,-0.04580346145510561,-0.15054496854987112
2024-09-06,182,0.019639097250459148,-0.1323419563753827,-0.1050162207676716,-0.10224035201480668,-0.15748700771004723,0.0751534864324407,-0.044870340267205995,-0.16589038739564693
2024-09-09,182,-0.03197771343772612,-0.10288425459152747,-0.14322938179472913,0.028705195719053157,-0.16698499399341712,-0.10474345869690493,-0.04881853533401823,-0.18077049425170902
2024-09-10,182,-0.02402135496963864,-0.13508590856657154,-0.07991492250164473,0.007411934139585621,-0.16704272088748132,-0.12606657901468155,-0.05336060980554538,-0.19238522388473406
2024-09-11,182,-0.12372963509635913,-0.19070676628868818,-0.019407184609611924,-0.0022165136738092088,-0.14533143697168696,-0.2666355472260734,-0.06366731656084493,-0.20286044006705778
2024-09-12,182,-0.050818577310742866,-0.16073058360894607,0.0029570103838738927,-0.10763975631288375,-0.1453553239623342,-0.01375393015642993,-0.06871310952069734,-0.2114444447343961
2024-09-13,182,-0.055311322134979406,-0.15685491937643012,-0.036661554187140635,-0.12062432631221688,-0.17801879308989174,0.08652564716327056,-0.07362118877494876,-0.21680515414063936
2024-09-18,182,-0.022434860674150594,-0.15520870760432395,-0.15547544566655153,-0.1919269933942518,-0.1533236259257453,0.23261450079673066,-0.08244130016988994,-0.22539585670892742
2024-09-19,183,-0.12266297494380177,-0.2551322519248393,0.012951054647419582,-0.1390505431845418,-0.16908430130097987,-0.16925465838509318,-0.08671482378945775,-0.23155675741366277
2024-09-20,183,0.007190243826024297,-0.049526916419289906,-0.0799738394178879,-0.19900448802800907,-0.1267946237654007,0.29387380260509277,-0.08497121188903901,-0.2280137624398054
2024-09-23,183,0.05522898341857715,-0.05111299961620704,-0.15701244585777732,-0.26173114127497593,-0.04447298959059473,0.34933188692989126,-0.0821917511126645,-0.22754876023675635
2024-09-24,183,-0.037707659411151936,-0.18509786720763205,-0.040398126463700244,-0.27696733060239836,-0.07683691931731848,-0.03669139128868282,-0.07938944295061687,-0.22553055033086616
2024-09-25,183,-0.013971239024695905,-0.29034721515120665,0.0029097773217516627,-0.3390478018061768,-0.10938295489257716,-0.1812188168210977,-0.07155522764847569,-0.2300283583924661
2024-09-26,183,-0.013000007832509616,-0.2798105315924276,0.14483289340737668,-0.33694085671990165,-0.12535148386894648,-0.14854746109200853,-0.06800736208130631,-0.2334429750957221
2024-09-27,183,0.08425038966735332,-0.115086980019268,0.1870442458468118,0.002633681357843867,-0.0684013064626037,-0.16873771275054242,-0.0563897646761109,-0.2219152451538795
2024-09-30,183,0.12881181027891547,-0.019803569968773263,0.25189804201541804,0.17042897291611556,-0.045126135533234225,-0.257820412843574,-0.03902981217722936,-0.1998023241165743
2024-10-08,183,0.1749234372185192,0.1739208759878753,0.014366780760223387,0.20389393215480175,0.05782937661055979,-0.13415130842073109,-0.020964902476539194,-0.16619142604737258
2024-10-09,183,0.20024603882873038,0.20755964826142723,0.13040351640692843,0.26380296920797364,0.052804847542579726,0.158284327091655,-0.006229514521017436,-0.13692553933656088
2024-10-10,184,0.15559330180180467,0.0770983399945862,0.46318817937830653,-0.023051002220631358,0.012352879135868173,0.28729570192048465,0.007779541278149893,-0.11537894124529302
2024-10-11,184,0.16039405982203064,-0.11954714713117119,0.4336969692307738,-0.15700941420809741,-0.1365069763770836,0.3734129055754373,0.020754579383175275,-0.11007180618763715
2024-10-14,184,0.06859535415941437,-0.39709444731813925,0.38910769307842313,-0.3998135268187083,-0.16353004520248496,0.1496062006186287,0.027961868571803616,-0.11688970792584678
2024-10-15,184,0.08304405617306543,-0.2190827662166106,0.3872396987151085,-0.3978039336556799,-0.14452235557011037,0.22681319951455373,0.031132116517933926,-0.12122674841790818
2024-10-16,184,0.0576987536360309,-0.16968079983047907,0.22833118221571536,-0.5333455337019128,-0.2356070967617653,0.34226657163221663,0.035615939871621774,-0.12456657567985577
2024-10-17,184,0.03717709156055556,-0.3678796401533394,0.2512877810098052,-0.48609157981930606,-0.25449712007089054,0.25043054458592584,0.03867586219813149,-0.13620626225919413
2024-10-18,184,0.012383701134491784,-0.3327042113927161,0.09200559226638594,-0.2596820807161022,-0.15134179236666065,0.09929306856595542,0.04548152900967404,-0.14330613451439553
2024-10-21,184,-0.010712565737512279,-5.008572364238793e-05,-0.017704348646892232,0.004307372233245362,-0.017306543892431275,0.01067211188380112,0.04748682958833556,-0.13527210962013034
2024-10-22,184,0.020521662075475334,-0.06458168788888674,0.14511760513186028,-0.12208202500433434,-0.08139122729286663,0.18216755600932366,0.051278478798858294,-0.1306584480457532
2024-10-23,184,-0.0797374736267327,-0.1931152323762203,0.1867764957217838,-0.1696269430501165,-0.04241492285591352,-0.003086052612188821,0.0484133481512292,-0.13255377428434803
2024-10-24,184,-0.05113367109090558,-0.17729382982412203,0.19655371693860643,-0.18385891236924737,-0.08376452004392132,0.11971258500125213,0.051989813343874,-0.12866185317931217
2024-10-25,184,-0.01878407273988172,0.03414690528019109,0.03132476739034116,-0.06258789081312247,0.054699389339446354,0.037248367398046656,0.050691097515578695,-0.12447816209433808
2024-10-28,184,-0.06192907090982643,0.06875806669106739,-0.0036504787039355817,0.01589643813449943,0.09109822580955865,0.03126312342278129,0.044833194799158524,-0.11848460877897438
2024-10-29,184,-0.03663770684440677,0.09882683824237636,-0.01034270193215311,0.02764539307661189,0.036747510161622775,-0.033426441409335206,0.04488669242749578,-0.10428837350647395
2024-10-30,184,-0.08226194833464968,0.004754290998054363,0.06042264645258231,0.01773227254339157,-0.013850628961106507,-0.05806476469341758,0.041472156961998095,-0.0895332981990109
2024-10-31,184,-0.01570380073587486,0.10516268228313844,-0.02800755138602608,0.02740844907630367,0.02616208510720271,0.012220916568742655,0.04133696731682983,-0.07028463750523259
2024-11-01,184,0.021438626417633826,-0.000485446478321837,0.08799584288294585,-0.14882305716663763,-0.06862614312292174,0.17312042395661115,0.03819637915434386,-0.0645545608281853
2024-11-04,184,-0.019844551176319062,-0.1306207406044827,0.07588857654860956,-0.12254248740272626,-0.05437000557204574,-0.07725437636261821,0.03076356108158213,-0.07009541935997077
2024-11-05,180,-0.034566910501352924,0.1773964217002582,-0.16785703262446372,0.040161733386832925,0.00037449715526199364,0.05902034013395475,0.020289043695588524,-0.06992164207435161
2024-11-06,180,-0.05772194615060136,0.2818276284247456,-0.3167752091113923,0.09940018724857763,0.007162772513554945,-0.002578268876611418,0.007390644446621938,-0.0662082430661857
2024-11-07,180,-0.043293517289628276,0.2876714301881745,-0.36749899688261983,0.08236468203751145,-0.016228895953578813,0.12480837885942982,-0.0025536965079497086,-0.055679588556506274
2024-11-08,180,-0.06846919143594966,0.308353138471352,-0.3376647427389734,0.14701482556045967,0.08342850087965678,-0.1441340782122905,-0.013996859070848725,-0.03428457427638013
2024-11-11,180,-0.07324300132720146,0.5477926273444653,-0.5565583299896087,0.19026307396318817,0.12430013272014569,-0.02378674238916839,-0.021088776845179517,0.0129597794567501
2024-11-12,180,-0.1434890703875157,0.40888422939202573,-0.48165400251763246,0.20170591772686894,0.10661960071793786,-0.005198722799430093,-0.032415433173208566,0.04435812923718192
2024-11-13,180,-0.08000658456536724,0.403082399662541,-0.452865829192259,0.2155478049734045,0.15720444046626955,-0.13542599051411053,-0.039300700083278475,0.07299628921183292
2024-11-14,180,-0.03281584453010534,0.324792084525329,-0.3289557954236653,0.23293735040042915,0.1947231883305238,-0.09654726820132979,-0.04280034688781152,0.10762987544576634
2024-11-15,180,-0.0001728448408901509,0.23798265378561068,-0.0865170735722296,0.20612981882156853,0.1920861754992438,-0.0076154613825529585,-0.04342817418658062,0.13616421870468268
2024-11-18,180,-0.03479531261252919,0.2080064199512331,0.012253464613105341,0.09045135137915779,0.18706750208339765,0.11370515550891487,-0.04463231153033147,0.14656704398842646
2024-11-19,180,-0.024741504367418746,0.3632889904009383,-0.06213360494665472,0.23291459612951018,0.2907003302571067,0.01502103974402502,-0.04689546985247617,0.1679605779029177
2024-11-20,180,-0.05415499148893763,0.3226983974291801,-0.05727134441976561,0.3176251929716322,0.27677823223880543,-0.048786510276306275,-0.045616345745586415,0.19375125939318774
2024-11-21,180,-0.03565542146362542,0.3840879862547198,-0.011311048694918568,0.32040906612344,0.2568103953825735,-0.023523359774478635,-0.04484243326422241,0.2218203501971298
2024-11-22,180,0.07367922878278135,0.3152393156370035,0.13616675411792545,0.17355062399045237,0.14441597991707564,0.23143512659855758,-0.040219268188089255,0.23587497071497046
2024-11-25,180,0.06686214595100672,0.42109118594195294,0.03505046452050989,0.25745033282920254,0.19227548175355205,0.2594442215294711,-0.0337797073450476,0.25349162667751474
2024-11-26,180,0.004112268954942031,0.2488792086583293,0.03432823766589838,0.21515078405240873,0.11222059951471154,0.051833931002985854,-0.031742208555080156,0.2609942451983124
2024-11-27,180,-0.007963229223225676,0.3878565898563965,-0.008408717369692955,0.34932443728943935,0.16422565569376343,-0.010471543544443273,-0.028027272599508955,0.28014936014122943
2024-11-28,180,-0.041242013642396366,0.26634978445836804,-0.013037439427142812,0.24180993240532112,0.08320421412183503,-0.006514604360216879,-0.029304183244835035,0.2882087152499909
2024-11-29,180,0.06670795746376142,0.37687866267281994,-0.04732254559830918,0.2713216896035243,0.16239629288241397,0.21321895371086158,-0.02704071669252865,0.307076920707548
2024-12-02,180,0.04104867649972475,0.3634337755983199,-0.08146260034424432,0.3396757917963338,0.14928269243463485,0.04228740040833342,-0.023996055308726463,0.3317796465176882
2024-12-03,180,0.04886776340833565,0.3998765393993642,-0.053328806444643356,0.3592559441135014,0.18512711297673795,0.1423377264730393,-0.019824321613242036,0.3429036524026435
2024-12-04,180,0.0877352181651697,0.336475405619515,0.07904359188040784,0.34517320493430864,0.30488595327016266,-0.03534059693200407,-0.01255146339745348,0.3456360412623819
2024-12-05,180,0.14066071998106938,0.5450785518071545,-0.01966110065125467,0.42060557424611866,0.31904071113305965,0.24636562856878297,-0.0033537515339185976,0.35850639734333095
2024-12-06,180,0.12089673549595151,0.5366461927837278,-0.010049692891755918,0.4498184100332314,0.3224729158307355,0.13267487679660894,0.006114544812676461,0.3699210500589497
2024-12-09,180,0.09973147319361708,0.41065259215819416,0.03106886015000463,0.3996378489048016,0.25416216549893517,0.03773367490766176,0.01476326853871739,0.3630640482996362
2024-12-10,180,0.18122370031996873,0.49747831723201325,0.017220696112019918,0.42194512176301735,0.2975132977355268,0.1037892116011811,0.030998907074091607,0.3674937526916356
2024-12-11,180,0.17070700263745103,0.43475541156389774,-0.004850975262084483,0.36357930984464715,0.2239792503777421,0.2601501384560251,0.043534586434232525,0.3690774032867034
2024-12-12,180,0.0700268526806383,0.3776824387583979,0.03344136135888968,0.34460734384806113,0.24361039949792687,-0.02097389837134891,0.0486767212947697,0.3717219209983568
2024-12-13,180,0.04463306480652695,0.2677933824055533,0.03531590481187691,0.296797226251839,0.2523658137596839,-0.21127606819140507,0.05091701677714057,0.37321245742935394
2024-12-16,180,0.03141866518513946,0.19355741432348736,0.03141454983178493,0.16360175725588239,0.112184532444417,-0.025607786248546763,0.05422771566702399,0.37249000714796665
2024-12-17,180,0.048767991176684324,0.24032029811638214,0.04079243227282877,0.21364662162755876,0.08166717165508845,0.011683494183718217,0.05790319044422915,0.36634157253373884
2024-12-18,180,0.020157000730475216,0.24542938568062797,0.0027243639206971405,0.23488379270965154,0.026266242785271152,-0.038953877177279134,0.06161879005519979,0.36247812194631124
2024-12-19,180,-0.030256077862485468,0.22489583011821354,0.05337407533154315,0.22809757502803582,0.02244719487226972,-0.12097286953301026,0.06188875723525679,0.35451851413948593
2024-12-20,180,-0.01664248896570882,0.2661440167906417,0.0376801753140529,0.2885500581293661,-0.03980163996831178,-0.028776608331532862,0.057372671347832284,0.3520637491971678
2024-12-23,180,-0.007436447337083063,0.02888978054878237,0.09958743582620862,0.06896097616181569,-0.0515345123820694,-0.10540243011615585,0.05365774168342778,0.3324536789275093
2024-12-24,180,0.06138872598948526,0.12928588330915564,0.12387830900130661,0.0441597991707563,0.041346955152936814,-0.018047882136279926,0.05652156453515496,0.3264740126600506
2024-12-25,180,0.024967848801917755,0.10794571848925379,0.10585511898515386,0.06549379096062635,-0.014006605142134016,0.014479870777904667,0.05816811843641212,0.3124784690916935
2024-12-26,180,-0.018537609185468686,0.062067759292982284,0.10353817504655492,0.14463615132154284,-0.028023498667654353,-0.30493739518709423,0.059303338659258506,0.3022643678334242
2024-12-27,180,0.07797771536158524,0.31085938866425916,0.07928228237497043,0.2814654773295472,-0.04869697624412276,0.20269967180056997,0.059866826554149696,0.29896340413299616
2024-12-30,180,-0.02174141177196827,0.05882691852629197,-0.012171157546014794,0.05721987304134901,-0.07612786402872516,0.09753593217897671,0.05672732214056505,0.2837330612793948
2024-12-31,180,-0.048054981120816485,-0.08802329289998662,-0.15670442503369444,-0.0949576633023653,-0.13349794746751442,0.219218700165643,0.051881184914107446,0.25933806966442724
2025-01-02,180,-0.12300996944350133,-0.3164356924596438,-0.29654824737389013,-0.13402471269689392,-0.25310246201014436,-0.01206415835879708,0.041343925533673886,0.2266925147604693
2025-01-03,180,-0.07286446378437736,-0.35966373413162867,-0.2886089988468237,-0.21623014725789735,-0.34194300435525815,0.20384497859510417,0.03066766634540155,0.18145540046353012
2025-01-06,180,-0.07374301675977653,-0.396176836733644,-0.17498070928115067,-0.20605574246118705,-0.3182382172289268,-0.05921787709497207,0.020935678732615152,0.13481424898766153
2025-01-07,180,-0.0610307216430226,-0.39194131091567214,-0.1579452853201878,-0.25894022394739064,-0.22171477602952408,-0.13964429953822413,0.012897568990783165,0.09468455383396825
2025-01-08,180,-0.01158472565240112,-0.2684724160583583,-0.2887775799549648,-0.22562539256636038,-0.1859173564602839,0.1772102931213611,0.0032571476921646725,0.05638701716944966
2025-01-09,180,-0.13594658271345822,-0.3877897465971172,-0.16633023652993403,-0.2312725701410537,-0.17450744364538,-0.23529944339845882,-0.01207553157538079,0.015259759261398918
2025-01-10,180,-0.15610152576725617,-0.355803162649053,-0.32766237641079454,-0.2116135271664763,-0.22169202753171396,-0.11139232692367047,-0.023381950497775514,-0.02141452080897363
2025-01-13,180,-0.030546524549952048,-0.15774929010259167,-0.19052224372381676,-0.04398329149580499,-0.1995082102249714,0.014152845796872359,-0.02714092996559946,-0.042691654434380874
2025-01-14,180,-0.13067919931548042,-0.2059532824130257,-0.08986509843964505,-0.07521441035111728,-0.164665914927589,-0.22052372094601239,-0.03524582319063045,-0.06266718927120653
2025-01-15,180,-0.013938701811784313,-0.19128368159511094,-0.07947364630595594,-0.16456680761751905,-0.0931613115631141,0.04159799170756299,-0.038381157840053894,-0.08424738825678117
2025-01-16,180,-0.022883422327849626,-0.34640781094066686,-0.1281932569935286,-0.33677582641439546,-0.1668035021657047,0.08459520355566529,-0.04053317899297013,-0.11383924808784593
2025-01-17,180,-0.021537701780919162,-0.36121279463357925,-0.1533833348765908,-0.2721750671317016,-0.22012202022696173,-0.09854625142751319,-0.040097260188891815,-0.14314467932543556
2025-01-20,180,-0.14055372079385167,-0.4544008559934978,-0.047001450662057465,-0.31973209049662027,-0.18035947611551797,-0.3089971912713355,-0.046292821780298955,-0.17917192296464254
2025-01-21,180,-0.09017973805775899,-0.3969052542773953,-0.12403675010545592,-0.302462010144346,-0.21504367418747491,-0.17064312684547878,-0.050429986316332755,-0.20046167470595141
2025-01-22,180,-0.07514124671608488,-0.280260851806601,-0.12767794034583407,-0.23488597121620605,-0.15304801230904846,-0.05646267706960687,-0.05725648495161125,-0.22093901146173928
2025-01-23,180,-0.05160964412978663,-0.2501601130488479,-0.21920955338622064,-0.2161148060716183,-0.07977719465478111,-0.049052979543088855,-0.06108535959819648,-0.23884430303864437
2025-01-24,180,-0.1587250635307674,-0.23140220377172133,-0.14571231622375175,-0.1894091381421237,0.0021111762708725577,-0.12486599380639321,-0.06809473231546141,-0.25351780119187955
2025-01-27,180,0.0011327515935429513,-0.2818967056065404,-0.2071186390108194,-0.3257869717105752,-0.08566215297909144,0.16971828848541218,-0.07193698050386352,-0.2831556059054195
2025-02-05,180,-0.045865613136207906,-0.12922621068551496,-0.04168852948136259,-0.16974803749086906,-0.04714548802946593,0.07991398911489038,-0.07314319057207552,-0.29255826236600985
2025-02-06,179,-0.03012276966735951,-0.18091551543107048,0.03715521705748873,-0.20002615459731424,0.014772115017647214,-0.02292502523949741,-0.07224657999940266,-0.297202873492564
2025-02-07,179,-0.035494737723097525,-0.058728265645596626,0.08629506413073043,-0.09591153516205302,0.09223107986525224,-0.00915406021802356,-0.06787081841338247,-0.2843175021518617
2025-02-10,180,0.03485704291284711,-0.04852207372655535,0.06205747090959597,-0.0623393726143811,-0.00034980503513482925,0.03466773665853884,-0.062484743078521254,-0.26876041913160803
2025-02-11,180,0.0014280305524491943,-0.11253868440137078,-0.07843262329640625,-0.1773309409367025,-0.0016276256008462718,0.07096735695017328,-0.058726190712909965,-0.2545785115149944
2025-02-12,180,-0.14403530973178183,-0.05305307776989001,-0.10106073232712943,-0.08038931242733828,0.10239822216735085,-0.09575604185314361,-0.06287642011734793,-0.2376340998577052
2025-02-13,180,-0.0418181631120302,-0.003067995925800179,-0.03709373746103275,-0.018249534450651767,0.09392882496373345,-0.04798090476043499,-0.06438809199032938,-0.22436387885107734
2025-02-14,180,-0.1059479324424446,-0.06063574109448538,-0.10194574306994651,-0.05792783301520132,0.03300108645559103,-0.15360382234838604,-0.0628881594767787,-0.20800617857594578
2025-02-17,180,-0.11677115382737319,0.031000972767153682,-0.18863246223263616,-0.03316564974518672,-0.05550379924473673,-0.03632212739186227,-0.06092164087978454,-0.18866597180513542
2025-02-18,180,-0.16672342430683051,-0.2155552286133723,-0.18408714681239288,-0.1655999316851517,-0.07536660119822625,-0.08118880334665175,-0.06773048586762846,-0.19155626873067447
2025-02-19,180,-0.11998106937456916,0.00471413726761114,-0.22265090486331882,-0.027153101433171806,-0.020836034033972238,-0.09150282416123955,-0.06719557937058292,-0.1810228977466426
2025-02-20,180,-0.14644111042855942,0.05348944280562054,-0.30162839806986325,0.045999480435454786,-0.023671573380875503,-0.10626692764968136,-0.07382069980142167,-0.16878424152660604
2025-02-21,180,-0.09895161373293415,0.36658333076123745,-0.5207794479253475,0.1341399425908207,-0.02208710145374857,0.18857783676450918,-0.07762410937167588,-0.13313468444151083
2025-02-24,179,-0.04416555597179959,0.2283498176512388,-0.4260904862447053,0.1816922597293533,-0.008656097453824849,-0.030648903916757647,-0.07875550208121991,-0.1036565538272699
2025-02-25,179,-0.011811359305422547,0.2956271293009471,-0.4517609544081102,0.19031144221512147,0.05621432857026305,-0.01485469360298448,-0.07231838400679845,-0.06615515456254768
2025-02-26,179,-0.11425104094741907,0.3398468394953235,-0.5283786328541836,0.171818048668215,0.0586299248843973,-0.06452827819973635,-0.07352194915128146,-0.02931754987391173
2025-02-27,179,-0.03633168037160253,0.28835603540267396,-0.4257610947209842,0.21235327349193395,0.15470257150628755,-0.1075052832004687,-0.07158147083405733,-0.0008867055134479801
2025-02-28,179,0.03231854037202101,0.1815161216077668,-0.2684870169271651,0.200629799343,0.20756596154248527,-0.02976377293745946,-0.06738506160896696,0.020697106219382755
2025-03-03,179,-0.02260582093612035,0.32335279224991104,-0.219327098110602,0.27782311217123845,0.20272634067750506,0.06514761575963007,-0.06057909947923461,0.04843485602046438
2025-03-04,179,-0.06933442135877639,0.37366559956478984,-0.306559538007658,0.2513317849894336,0.15500387085974932,0.165513778168351,-0.06410245812685057,0.08121297127903089
2025-03-05,179,-0.07505492436130815,0.29253656393195654,-0.20977549013453853,0.32277739417906387,0.19758751281568432,-0.14127382671102462,-0.06556192368810558,0.10230111000990445
2025-03-06,179,-0.07458414412152406,0.5400581675140711,-0.3150607829598477,0.34251668654405454,0.23736111982926367,0.11927897390831294,-0.06778499241081382,0.13834979415716153
2025-03-07,179,-0.026116795346598873,0.5115602703324754,-0.20279120373276419,0.35311656518737056,0.31913878601468837,0.05948779109911493,-0.06731609529198888,0.16686422095606512
2025-03-10,180,-0.0488533596715948,0.5898556539810899,-0.24991512083706285,0.3633075094910337,0.34227599617272136,0.17167402286078787,-0.07150161542121099,0.1987831073414474
2025-03-11,180,-0.08505818080804962,0.392915419200181,-0.2139428171651388,0.28544708170005245,0.35449859563566777,-0.05973846929431978,-0.07582592598923592,0.22405581252152498
2025-03-12,180,-0.021488317540664836,0.479895470024795,-0.21237486753706386,0.263711842958116,0.3488152926530654,0.17790466783954237,-0.06969857637968008,0.25070323991125926
2025-03-13,180,-0.04860543463555826,0.3125242098646513,-0.10165236666378222,0.15147080232457857,0.33726572695958396,0.09675097829717129,-0.07003793995585647,0.26648285020078183
2025-03-14,180,-0.08061154150848276,0.4135950698066812,-0.1868658497690258,0.2424416391452411,0.32223216765949564,0.1364692325894832,-0.06877112040915838,0.29019439074584014
2025-03-17,180,-0.10923793944257539,0.34522464685124027,-0.1023097420702285,0.2819202238752225,0.3360556395773532,-0.006253279422204389,-0.06839445968991849,0.30590557445004446
2025-03-18,180,-0.07941603135899257,0.3970925028550263,-0.1818327726164388,0.2671193555356646,0.29434653332921795,0.1865777750342089,-0.06402909004252659,0.3365379610234644
2025-03-19,179,-0.10129726110518275,0.2876739271441424,-0.018496432531960746,0.25009938693950995,0.2877848220450694,-0.16348628460234763,-0.06309489962905727,0.35068595051729096
2025-03-20,179,0.016500324315276295,0.3966647835457075,0.00831920992613981,0.2812273763940326,0.24523047308183202,0.08630552591383674,-0.05494782789186549,0.3678447175542953
2025-03-21,179,0.03056723788002427,0.2828866151946938,0.023137279517921033,0.15018935827422425,0.22236519992467518,0.0855480928169397,-0.04847188531121757,0.36365988177596814
2025-03-24,179,-0.06306990563471639,0.31071286590086417,0.044462578201828716,0.17670370137886302,0.2625740171154771,-0.031408365241771805,-0.049417102794363406,0.36777803418844945
2025-03-25,179,-0.08614022974075701,0.19340907664302304,0.013332496390684827,0.11942753122842258,0.1934551084886908,0.013478961354173204,-0.05313354631613013,0.3626671315555532
2025-03-26,179,-0.016772330676040424,0.3325717155231938,0.10374531835205993,0.21537463645303703,0.14807817044337038,0.09843491724729563,-0.04825961080256119,0.36230337535694673
2025-03-27,180,-0.09064477298682058,0.28628249843102155,0.17383458337191476,0.1970904451783491,0.17117194975153555,-0.12351615790610822,-0.05097526543332209,0.3621996985083641
2025-03-28,180,-0.04214739138039239,0.347134170807741,0.13540747142401513,0.2521929689187938,0.16517382223731183,0.0100620389518195,-0.05469856202094277,0.3704806009683628
2025-03-31,180,-0.08874347973702891,0.24491908186466657,0.1157957550130148,0.17073983764931014,0.2078747286438882,-0.1936500097739642,-0.05800544496098821,0.3665589154491006
2025-04-01,180,-0.03330555469819027,0.18747697974217312,0.02373735814891406,0.07475127833163574,0.17652190911242113,-0.017959402039157586,-0.05620400162795889,0.3572494844579698
2025-04-02,180,-0.11170103588642892,-0.01663735333259134,-0.006082495386944531,-0.11344086076819322,0.1875532102602233,-0.17040863936576395,-0.05803630720421493,0.3417907885947423
2025-04-03,180,-0.08021457496560076,-0.07950467505119879,0.06705982089959543,-0.11438853954063855,0.09179931849627652,-0.22523169487108982,-0.05831782874641876,0.3108126464664789
2025-04-07,180,-0.0741195715917158,-0.3238392131444386,-0.3488893690134469,-0.16516147617724827,-0.11779375906663786,0.13199378581643464,-0.06071796755867461,0.2690426722926332
2025-04-08,180,-0.053684839742859716,-0.17705400069353144,-0.31507795001709116,-0.04937811802642409,-0.1017810238804451,0.38985091088316653,-0.06095954156223786,0.23069718955890212
2025-04-09,180,0.008296552362727245,-0.18430404230583247,-0.46166239698756134,0.050746422214677414,-0.08466516456269227,0.23691266191343352,-0.05629180490369902,0.20183621648360145
2025-04-10,180,-0.034133787119867844,-0.09322411865805663,-0.32441861601628624,0.18440084796901932,-0.06814205589785355,0.018379177535923056,-0.05692407838265916,0.1731802370494588
2025-04-11,180,-0.11654269164686153,0.06208216302972313,-0.32280214409909774,0.25810261633589515,-0.08287910120682737,0.018932683107503318,-0.06032094123322433,0.16065813470771242
2025-04-14,180,-0.08628455610769879,0.15081946973672028,-0.09796392892784755,0.2811300760311532,0.06752677551776289,0.07701678035330309,-0.06060459196318513,0.14751935470421437
2025-04-15,180,-0.13092200566301504,-0.05516025218948926,-0.18576537499216256,0.17425059261247133,-0.01264650688091174,-0.14385041482877625,-0.061688795274207106,0.1275001097521779
2025-04-16,180,-0.1339012520962581,-0.08322273321193041,-0.29114684609607294,0.18825066617282424,-0.0003621510951984115,-0.07551056102554606,-0.06441305631107039,0.10348434794883007
2025-04-17,180,-0.16720680679444838,-0.08234410527073881,-0.29588788537092786,0.17489017150735106,0.05222794942230727,-0.054318548926407195,-0.06770853359553367,0.08498344632808601
2025-04-18,180,-0.23414212071472418,-0.14407653738107887,-0.1741649300724173,0.15298628197697528,-0.037696656119358525,-0.2145982975803537,-0.08024065584703369,0.05794638028174669
2025-04-21,180,-0.1210284268032964,0.18202207887074706,-0.047100219142566124,0.2572692572816033,0.058324845417039625,-0.05403870489829933,-0.08782043908119973,0.052903153465549344
2025-04-22,180,-0.11514867493271631,0.12012413969781505,-0.052645684869748244,0.22435683424225641,0.05376814807461234,-0.12376622929013299,-0.09042437754609972,0.043373717155396896
2025-04-23,180,-0.11338936046863053,0.16976561507333496,0.0919401277509344,0.17592527337537098,0.09627668357907565,-0.13347641052524503,-0.0917868340824934,0.042191544076912495
2025-04-24,180,-0.0004938424025432884,0.12937436340627798,0.0512855335041205,0.07925964793152052,0.125660257003817,-0.06055536693519348,-0.09097290966881853,0.0320316764710667
2025-04-25,180,0.022015094095033674,0.2319198287600895,0.18556960892293828,0.1102009888170505,0.12338041471467558,-0.030141892312468523,-0.08533991631472583,0.0293135429875201
2025-04-28,180,-0.05889073679781883,0.007956010965365707,-0.02591850875979476,0.008476603432516236,0.060672685716998125,0.04208876924636566,-0.08617708358559714,0.012354634995401334
2025-04-29,180,-0.03733759135446617,0.18266519679889492,0.0649999819953284,0.1339033786554179,0.15211279777813969,-0.06613376242773925,-0.08360678916646902,0.009241940742112752
2025-04-30,180,0.00521106886584473,0.33564427690379495,0.10559076185005144,0.2563362327727701,0.159402121157115,0.043636142903666846,-0.08168095798826726,0.016650305600193843
2025-05-06,178,0.09422094647574444,0.4580420436011656,0.015940565723581247,0.37883818884192316,0.20873172335357246,0.08795664353371371,-0.0713848588701586,0.04038427544688169
2025-05-07,178,0.11821212027716987,0.33123672107148516,0.15609583277034755,0.2669276083619082,0.15886412697129254,0.024768892118447246,-0.061463524108020064,0.06092134525301589
2025-05-08,178,0.10860719724959339,0.3747731875350623,0.20963083894150236,0.34812116027979395,0.0785208662148349,0.08085402240703496,-0.0523271856659546,0.09585196528699093
2025-05-09,178,0.056981963531287996,0.16892658913598793,0.15729592341549203,0.12435300964221765,0.05726921927081727,-0.00345664406566879,-0.04679384550224722,0.1131509947784669
2025-05-12,178,0.16147824010020068,0.3800235869005467,0.21030003877957523,0.34000564936593075,0.029406492089562038,0.07418968570482741,-0.03913476111537355,0.14136737623878587
2025-05-13,178,0.16535619464674386,0.2941893984489662,0.24417282803961413,0.1684085544804976,0.09764466126946143,0.08652147477176349,-0.02916026202704296,0.160738052094137
2025-05-14,178,0.08365529931267233,0.15965363322850754,0.32212450202333776,0.12907683935535222,-0.016344860273948682,0.029436281589508045,-0.01915036247906627,0.16561662560407622
2025-05-15,178,0.17419969848761727,0.21716473726200233,0.28436782856605364,0.11034793127576377,-0.07321313250939253,0.13212409048817741,-0.006126149749300466,0.1689338889803403
2025-05-16,178,0.09465932781058622,0.2232957081310224,0.2095861546915833,0.19848850205098195,-0.11771108121523675,0.19386793782721323,0.005152916924379597,0.1828566869963659
2025-05-19,178,0.08672361780711142,0.21105435147463672,0.23318688602381032,0.24387918868300348,-0.13269200795594308,-0.021219699157970867,0.016184160419548073,0.19757054123069426
2025-05-20,178,0.037740285385309776,0.19602435941906682,0.22799077372535656,0.26671730906280405,-0.20988931020251778,0.0354220128440928,0.02643151502853598,0.21148896446518456
2025-05-21,178,0.14462285655029045,0.24357197762624413,0.22777501456258342,0.19701093967378952,-0.1639307287000287,0.13880006702662295,0.045369763891786714,0.23087139021555067
2025-05-22,178,0.04660032832267118,0.22789061727002785,0.21974744900944645,0.2679298117198214,-0.152921124893476,0.025588102931178844,0.0537512016480851,0.23316481713551473
2025-05-23,178,0.06803103229719078,0.2651831424705898,0.17115107179120456,0.2701069448206367,-0.22057740838933088,0.17599720828741536,0.06291018700958044,0.24041776727415348
2025-05-26,176,0.028671598432537047,0.19038971516055886,0.14480307330129494,0.2842473499050342,-0.20245773853059337,0.04810370245637007,0.07001323495463882,0.2414489722785147
2025-05-27,176,-0.013156511752429767,0.072910011506731,0.10547331359968228,0.1902136199723048,-0.2663066985545879,-0.03342066554076312,0.06938010148714449,0.2386257546835373
2025-05-28,176,0.013587937486242572,0.11279991195245433,0.08409861325115561,0.20856042262821928,-0.2374818401937046,0.11637023992956197,0.06895874365670494,0.23266975884315558
2025-05-29,176,-0.059705040721989885,0.08268104776579353,0.1575566806075281,0.22075280651551837,-0.2469337442218798,-0.11555800132071321,0.0689180284604964,0.23640601068317696
2025-05-30,176,-0.02936607383121391,-0.13492523383517002,0.00611820719690121,0.10553604751049778,-0.35994736955066514,-0.17427590484038785,0.06931660433665901,0.22052648915147371
2025-06-03,176,-0.035296079295668616,-0.11686006871015897,0.11319288641476861,0.14920655360257246,-0.3793464557267005,-0.2796435613271177,0.06729124692858333,0.197901271870776
2025-06-04,176,-0.06455319422915035,-0.0426458522154215,0.15765692144891305,0.2656375364709844,-0.33864425415163296,-0.15476125619706074,0.05935253989333859,0.17286687707994666
2025-06-05,176,-0.07083645168390931,0.11785163988553819,0.19923838872991417,0.3501408760730795,-0.2886462689852521,-0.0188201628879595,0.04990011129528464,0.16219762302064927
2025-06-06,176,-0.015443539511336122,0.1536341624477218,0.2546621175434735,0.35218578032137354,-0.2981928241250275,-0.06302223200528285,0.04369757445723817,0.1511406717662823
2025-06-09,176,0.05578692493946731,0.23619854721549638,0.23403477878054152,0.4320493066255778,-0.24449482720669163,-0.0903037640325776,0.04363782252764713,0.1545042696702577
2025-06-10,178,-0.03253330836690856,0.08107740052706108,0.12938104899412614,0.2874802245701537,-0.28394165942321176,-0.029454352403213434,0.03393724510429167,0.13955696035158344
2025-06-11,178,-0.05879061078017595,0.12898740223995642,0.12821713129395942,0.33151759335013603,-0.19632014758561553,-0.12945126706378887,0.02272990483294568,0.13129686054113293
2025-06-12,178,-0.03676767074959918,0.20871470079123,0.11461184834173646,0.3387734605486159,-0.10205558079386849,-0.0635569282360689,0.016708756329832104,0.13374991391926908
2025-06-13,178,-0.0006819664038453969,0.15693206614542163,0.027392494539481175,0.17548027563784074,-0.10200664092713385,0.18265741348548667,0.007964673085258969,0.13073828036344
2025-06-16,178,-0.048272795072819334,0.10034481327844977,0.09981285820524742,0.245042976650364,-0.04579601225198925,-0.2049612257947143,0.0008180669410886906,0.1245907356208114
2025-06-17,178,0.046149230420595606,0.0910739002626794,0.012346677249026257,0.13841364613710186,-0.09770206047478056,0.06752105744157272,-0.0012106524282371005,0.11859171306021352
2025-06-18,178,0.05583294057317095,0.03976789736246036,-0.05399450384018367,0.07547059405550845,-0.12228264049731416,0.14936979282477722,-0.000306019668844041,0.1107788899573832
2025-06-19,178,0.05356255632074338,0.022881515518725352,-0.13454952448536006,0.001039440213037368,-0.2020312172515158,0.38275976164157083,-0.004859034680321393,0.09974436685200726
2025-06-20,178,-0.006510066185850208,-0.14611209995648608,-0.16893297259686638,-0.06285900318002743,-0.18351492506348885,0.1854640084517022,-0.007514554405747461,0.08104423099068157
2025-06-23,178,0.019259965380363838,-0.14775477722253488,-0.24846451168120148,-0.028145742923135687,-0.08943335081692341,0.038729521059569394,-0.009953107751588811,0.06039733500602533
2025-06-24,178,-0.0031630048652610994,-0.08818857594562994,-0.20293766869625263,0.04497892925955046,-0.060767355832195835,0.03547395601157109,-0.011544837916478718,0.046468420450715885
2025-06-25,178,-0.028945803353232002,0.01034227053319985,-0.22766506831899005,0.10562819106549538,-0.046783320867852786,-0.03548033947244952,-0.012334302496518828,0.04334003340203933
2025-06-26,178,-0.07526206766681313,-0.18011795578070453,-0.2797924098522335,-0.012227519312628932,-0.11601408191469782,-0.01250200813040134,-0.016776802754171614,0.02869414001538139
2025-06-27,178,-0.12683617592392618,-0.28024989121518756,-0.09653388713402822,-0.10298756608211897,-0.06897010306097588,-0.4718281912782774,-0.02013335951426843,0.010547593066332336
2025-06-30,178,-0.08699912440194951,-0.14585463370105614,0.08901629803953277,-0.04279791345942087,-0.022317643141130876,-0.3322474357105697,-0.023015012042805212,0.010001123073038031
2025-07-01,178,0.024830598906938714,-0.1807742925263504,-0.01043589462608346,-0.2237307285975856,-0.10407701007203737,0.09908088802452102,-0.020008678132674842,0.0068054118822284595
2025-07-02,178,0.05669470779175874,-0.2500369708775876,0.07279166830686147,-0.2766645140218038,-0.05462433864685524,-0.0622121458110134,-0.013946283031629387,-0.003564144050879846
2025-07-03,178,0.03031399180150841,-0.22695224852089893,0.025534907423858607,-0.24374500627175033,0.0020224931883152876,-0.12393808468511985,-0.008888760857358503,-0.0208043384712017
2025-07-04,178,0.06402717652077977,-0.1569235548642504,-0.01275947438583127,-0.29772780710032354,0.016081001862906667,0.11310747939472025,-0.0049152250557527085,-0.03633222433680031
2025-07-07,178,0.1015555430250583,-0.17467170392657316,-0.05323487199565074,-0.3289131413117374,-0.0001351165885933938,0.2051931582066305,-0.0026267941514731587,-0.05687573689390378
2025-07-08,178,0.07197245749412987,-0.1890366187233291,0.06210362697608011,-0.2481559777387441,0.10312587440115159,-0.10773047751479102,0.002598494141578763,-0.0703814378564233
2025-07-09,178,0.08345843143471476,-0.08036883636955557,0.029030916164944374,-0.2533840321981767,-0.005933426886498874,0.2914486094162432,0.0097109462523233,-0.0808492497868989
2025-07-10,178,0.05587975261961276,-0.24003834332167645,0.022079327268336224,-0.3076264271024726,0.011993459080419905,0.0043311782060134335,0.014343317420783897,-0.10328690199254423
2025-07-11,178,0.0730661571246339,-0.13112798945452264,0.12421044568259942,-0.1298895980441076,0.016981069846765024,-0.15984292430598485,0.018030723597207858,-0.11768990477254142
2025-07-14,178,0.14643879827031467,-0.15978236642470278,0.17493458279009869,-0.3203701132586602,0.03291846135105424,0.02587430852453505,0.02776630326436456,-0.13069626375769908
2025-07-15,178,0.1263915959521019,-0.13873722242562603,0.19491918529940985,-0.20811487688430466,0.02455400839214606,0.11536096381857056,0.03177842154093987,-0.14218681989211432
2025-07-16,178,0.18167861615079436,-0.0976935491936093,0.20713798595425825,-0.19937356970579692,0.03006503682724972,0.1417287901532988,0.03807070531982104,-0.1490598922199178
2025-07-17,178,0.16362618878659985,-0.07680899301968554,0.15399992978193036,-0.0806943928743554,0.08834177900671221,0.020060025810460156,0.043573886943113864,-0.15404441764683835
2025-07-18,178,0.13008542671066714,-0.1376870687504617,0.3151463116609847,-0.14835915710612,0.01342442536852727,0.17095662063659386,0.05040366158793974,-0.15362316608653712
2025-07-21,178,0.08679910929442544,-0.39275200573660357,0.3694928021159045,-0.37969357259963255,-0.006448359397358737,-0.007046276899638165,0.05378061878364282,-0.1658730275122406
2025-07-22,178,-0.02384546885029448,-0.211447271969472,0.024645530982781046,-0.42036136849020667,-0.13897568641000385,0.3485025964790261,0.05274649558439115,-0.17203596231343268
2025-07-23,178,-0.08466703336103046,-0.35054030676785164,0.12201027949983456,-0.44784552875802325,-0.05376469924856027,0.06535068074290717,0.04996043408400122,-0.19008009117848526
2025-07-24,178,-0.1015151144394949,-0.24396417176190968,0.036508076673876434,-0.325904403417705,-0.0344079180448736,0.10591757462531745,0.048647781745367144,-0.19327240197754553
2025-07-25,178,-0.0057036222948754645,-0.367422432971001,0.2763219349546615,-0.39494366063819714,0.07555783468751363,0.022745335019985553,0.05470440942681968,-0.19763102906533617
2025-07-28,178,-0.015755445358106836,-0.4002334218861212,0.29388921929209544,-0.410191620856469,0.01875779979126083,0.016215054541353656,0.05826659337901181,-0.21034996847458945
2025-07-29,178,-0.010821030099081953,-0.2570013266959526,0.14059040629664582,-0.3691821403531544,0.024151824233532536,0.22982906155677718,0.056484011928710776,-0.21416132018306958
2025-07-30,178,-0.11996331637815197,-0.29864702546681715,0.04413844024389077,-0.456073809830317,-0.026947780098284017,0.18094026250918954,0.04765111072021524,-0.21659182291253104
2025-07-31,178,-0.0789187688212566,-0.3197764510811647,0.11503747359508228,-0.4651790003176432,-0.12239548008174694,0.2183570346042588,0.04218947268907698,-0.2212330330405443
2025-08-01,178,-0.09313150248582606,-0.34529735756636937,0.1766527046191787,-0.5068733915008474,-0.11325217117463128,0.13129821507794737,0.03433153873874669,-0.23065172317565025
2025-08-04,177,-0.040312667716971666,-0.3929121725731895,0.24089567355135819,-0.4932263984349302,-0.14330820103530065,0.14856044736067592,0.027238128201645194,-0.2415637466079811
2025-08-05,177,-0.10340454632018145,-0.2959371375149323,0.10870656671456522,-0.45852305188622083,-0.08673456138224754,0.04648681636398262,0.01846927801092963,-0.24690877254756124
2025-08-06,177,-0.06458942885337858,-0.35767645989508495,0.0746654316926646,-0.42040477138553695,-0.09340428662938663,0.0265036097020481,0.011066884996524964,-0.26077415372383767
2025-08-07,177,-0.10608272242817365,-0.3304428273867815,-0.03912137852681707,-0.3825271187818399,-0.13097086590750764,-0.059242026672472255,0.0029687612441356417,-0.265294377927093
2025-08-08,177,-0.1110502761378785,-0.4724143453195063,-0.04888246394626133,-0.4875586468378318,-0.13012889319783247,-0.19968274441231976,-0.006237060418989979,-0.2823586957203421
2025-08-11,177,-0.11950104741953914,-0.508305777254549,0.0858710894894479,-0.4581162029743253,-0.05302453212375133,-0.2671244438288811,-0.019534052703482668,-0.2997848662618344
2025-08-12,177,-0.09396695001817837,-0.458979674867125,0.08871470369280313,-0.42745537646508897,-0.036895569675040256,-0.16631247727705548,-0.03055198000199668,-0.3157969888839094
2025-08-13,176,-0.03398857252288239,-0.4635210563070569,0.14917793813448119,-0.3803314881859965,-0.015260849252065514,-0.24722113538476967,-0.041335339435680525,-0.33408836423958177
2025-08-14,176,-0.038371120405018715,-0.46293198327096635,0.15641206251375742,-0.4717433414043584,-0.09321813779440899,0.026427470834250497,-0.051435204895261454,-0.3533945137521458
2025-08-15,176,-0.0150099053488884,-0.42051727933083866,0.17989874532247413,-0.37650231124807393,-0.1214836011446181,-0.08310147479639006,-0.05868997149823922,-0.36753602428116466
2025-08-18,177,0.0714495940167241,-0.2812472948875539,0.15932463080625336,-0.28783478471633106,-0.13610178147885255,0.14773160090718654,-0.0594574472621243,-0.36196078873871224
2025-08-19,178,0.022466590561627527,-0.40615940140159523,0.2103978066428422,-0.3354285270483196,-0.11019023777327862,0.01367230929144648,-0.0571418442915282,-0.3716963952103184
2025-08-20,178,0.0066036902787338205,-0.3806957759575458,0.2360657028350014,-0.29743204007962304,-0.10769430456981327,-0.03721025737050352,-0.052578308109539985,-0.37320416866980305
2025-08-21,178,0.014666001368188448,-0.42066262451738384,0.25081788092504864,-0.3631604089245039,-0.06945950172832203,0.02780103603570057,-0.04676925231915581,-0.38203909130757674
2025-08-22,178,0.002084199976806759,-0.31056069128625674,0.1771357198256464,-0.18980901748961893,-0.13205997474277315,0.04360222953010281,-0.0463798612055717,-0.37919600422333954
2025-08-25,178,0.004824832513945202,-0.3775359628227239,0.23161643060273704,-0.18598106878285486,-0.06142910794325955,-0.06431230444001622,-0.0453508473119691,-0.3780611312701697
2025-08-26,178,-0.03586547494544801,-0.25864613178229423,0.16502629453926843,-0.05898849806740722,-0.04571302726056968,-0.20353984183911766,-0.046603069554287405,-0.37814337152448674
2025-08-27,178,-0.007968691235557875,-0.36835355029669703,0.3020048865419446,-0.08830246130424999,0.033459991903644216,-0.10955939733715338,-0.0410033382971577,-0.38162869776598074
2025-08-28,178,0.040352005498296276,-0.23690206223136284,0.27089720122332284,-0.07523976557792428,0.07864215203604366,0.04927608855355121,-0.035039799581180045,-0.3774849783234907
2025-08-29,178,0.09340173566301285,-0.18289998499886695,0.20080133712227202,-0.009012382850194005,0.14673980694286484,-0.048017456637682206,-0.025713137673738107,-0.3693651096951155
2025-09-01,177,0.050118159311646274,-0.2910874119215388,0.27210834299960185,-0.05401568532400755,0.19795363653676357,-0.16705692422222607,-0.02119159632230721,-0.364273871662533
2025-09-02,177,0.15405939994113677,-0.2745213033015357,0.41731877910700993,-0.1913380135385468,0.023259638856667996,0.21490928134900716,-0.008318399009241298,-0.3632030799518632
2025-09-03,177,-0.010675473084372049,-0.5290710791096748,0.3870253940143027,-0.27838573775876624,-0.05626101996978763,-0.07991672568340426,-0.00562270122079097,-0.3717728109125927
2025-09-04,177,0.03746256124374578,-0.17956320008310106,0.2434190024410935,-0.3091229376222711,-0.1875963020030817,0.2952316441889857,0.0015545629628050017,-0.36422882954740865
2025-09-05,177,-0.060449524765845475,-0.37131239071345723,0.15400962587212827,-0.2592904381849345,-0.1935583698343173,-0.04400460518342826,0.004084600531406653,-0.3591737318171062
2025-09-08,177,-0.06840904762729177,-0.08879693911116499,0.0008569796229289659,-0.11954865739859075,-0.22650447533803086,0.07697235158671076,0.006639200521019022,-0.33819828990993706
2025-09-09,178,-0.0585843368688469,-0.2658642639274813,0.060354687119455463,-0.2375216373191805,-0.2807973385173503,0.06539975976872582,0.008408331178485596,-0.32854251936295487
2025-09-10,178,-0.08945250119955869,-0.2382275682524957,0.061201431171928944,-0.17646758425370426,-0.2708215194977493,0.017564092606994784,0.00563513474465178,-0.31727784496022676
2025-09-11,178,-0.08127954345487798,-0.04310431958158542,0.037054926489128434,0.013817001071357518,-0.05996516758180672,-0.0683594186369396,0.003489713592158816,-0.2962864617757577
2025-09-12,178,0.0024757202276559647,-0.10251630842134654,0.08309249054583519,0.04652694327281936,0.009432632375761831,-0.26263061498830487,0.0043639948709860345,-0.28038641323028307
2025-09-15,178,0.0058802438912942305,-0.06352940175155643,0.10615186072985017,0.03321215370988456,-0.07565587540326109,-0.07112999201017882,0.0010855273647145415,-0.2695005185734832
2025-09-16,178,-0.03830821264159314,0.11088177936844167,-0.03883803989450268,0.1804487360215506,-0.10361314524820493,-0.0753918647046745,-0.001953212795446492,-0.24364845953498135
2025-09-17,178,-0.024696677604070585,0.13866014699256965,-0.05260106136315227,0.2644415931538261,-0.11405283831620086,-0.12689111034688713,-0.0035182311895867124,-0.21768066338747558
2025-09-18,178,0.02232828224259492,0.1347367726711273,-0.052898676389386855,0.20403562396734223,-0.22437545814630683,0.0627143114001164,-0.003135117145866388,-0.18991069352805007
2025-09-19,178,0.10255987420326428,0.05043678831060644,-0.001216049297340544,0.09895534662724524,-0.2443769688987147,0.15159549285105578,0.0018886665654564872,-0.1718608195482069
2025-09-22,178,-0.047425922596281214,0.05392215795022816,-0.05745646745658449,0.1579725702686054,-0.151648688358376,-0.030826796492075467,-0.0007238711900548336,-0.15028791350955928
2025-09-23,178,-0.12162946436884953,-0.24244490807284383,0.09567424773573324,-0.06254408577669165,-0.15400631324280875,-0.06967441157789578,-0.0050120706612249094,-0.14947785232408678
2025-09-24,178,-0.04804299048119592,0.09116326871497742,0.021651635389481547,0.1399286541855821,-0.031171503379510582,0.09294850994064445,-0.0070157856235068105,-0.12650201137350306
2025-09-25,178,-0.019271688895330548,0.15074558902392543,-0.09016860865943772,0.15969308287452333,-0.03588679132871783,-0.019332331838194293,-0.009996970343188152,-0.10711962881073864
2025-09-26,178,-0.05789917727666424,0.14664011141323954,-0.028030900272105863,0.2088896265352995,-0.08207126723689674,-0.005897266489857774,-0.017562015990172007,-0.09064262399013331
2025-09-29,178,-0.1240466035200531,0.3323048868584754,-0.2572715598731394,0.30637314095000795,-0.0684296367066023,0.017447062490890272,-0.026270254131756977,-0.0594730090511326
2025-09-30,178,-0.10840074090702598,0.42924837939886956,-0.3611496187477991,0.2922997375333669,-0.057173467357640846,-0.016246971845745795,-0.03939326117416512,-0.024284524916112334
2025-10-09,178,-0.08729600177035979,0.3958386196397413,-0.3243385002157538,0.3307272840434607,-0.07295661318920503,-0.009632647589685047,-0.0432242876084645,0.02196096002135847
2025-10-10,178,-0.08960570426064098,0.21578544762423543,-0.23969576425453415,0.28853775125567993,-0.12001863970576501,-0.07933046006666462,-0.04957770088368384,0.041728392406725295
2025-10-13,178,-0.03147578168138232,0.39155191509145904,-0.29752140853192105,0.2225348935930267,-0.03874867144220468,0.0745471200484292,-0.04812901372946068,0.07987160769697112
2025-10-14,178,-0.0549115943863845,0.15829599895311242,-0.0930485174944065,0.26527216417410254,-0.006493043623507734,-0.15765552504497682,-0.047454141067415315,0.09222625460018499
2025-10-15,178,-0.02180696627085663,0.32028695784468825,-0.1312067188053566,0.350223261544223,0.11362666754616572,-0.07796652725897381,-0.04561527253751581,0.12153381568879347
2025-10-16,178,0.03038208205087831,0.23176750584352648,-0.008352758559423105,0.33122395414972833,0.04019771706160785,-0.06431017661972341,-0.03962354337499395,0.14503356939359455
2025-10-17,178,0.07916240437438649,0.2545417018422506,0.012120070835176943,0.29252331427341427,-0.00024895510669166123,0.04416399758067329,-0.03160144598353073,0.15991587046478636
2025-10-20,178,-0.01821627921698557,0.1617633681711125,0.0186088622698455,0.2769508531766372,0.03271419049428159,-0.10531013795199742,-0.032636045955762805,0.1731298542944093
2025-10-21,178,0.05573615439898611,0.2712589308655244,-0.07646964636140959,0.31883063445787885,0.12910982058743528,0.06218345331587272,-0.030143250430378216,0.18986927092526334
2025-10-22,178,0.09945772384473649,0.21364957065863052,0.03455481117158409,0.2899001730992054,0.07242796515064906,-0.01507244711560799,-0.023254953606061734,0.1950076604897728
2025-10-23,178,0.1161694127960729,0.20177800663667153,0.1842064666586519,0.28989317278219956,0.10181300928048821,-0.17746127633044623,-0.016211649086054557,0.1981635534719779
2025-10-24,178,0.17778063851709341,0.5127403375580606,-0.0538115685457063,0.4581340272874558,0.21754964210036912,0.23724902332958078,-0.008439031272329632,0.21706373171632456
2025-10-27,178,0.12425512990874843,0.47198990562053095,-0.20681668509004406,0.3857706273558961,0.22009853935776,0.08614799628482578,-0.0073542684870554235,0.2381413875818208
2025-10-28,178,0.09601895462316834,0.4345147346235727,-0.10727725179242263,0.47681367422432974,0.14123513584536704,-0.039740235698653835,-0.000182024626082946,0.257171016415488
2025-10-29,178,0.15274877144975843,0.5988228898140179,-0.2870461492304206,0.495572537925737,0.2307227460797571,0.044815087097004144,0.013536887164847453,0.29923440630983106
2025-10-30,178,0.18582051719894088,0.5526058631056229,-0.18576093819904885,0.4794396595060834,0.2635955820044132,0.012997797172871903,0.025230062548854293,0.3223065360293634
2025-10-31,178,0.2046888647972347,0.5273323836162093,0.07233631476420029,0.4981876290655996,0.24031708778003447,-0.0011649816103131195,0.036428090233482556,0.3411358757589776
2025-11-03,178,0.09663815032837589,0.43126980867703835,0.0661294629700754,0.41244711036684684,0.06739338822400416,0.07971985118024873,0.04415495661373456,0.35536736062216756
2025-11-04,171,0.10227998176014592,0.3637194902440781,0.09966640266877866,0.38512011903904775,0.030786953704370366,0.04528043775649795,0.055471285877744504,0.35693809079144767
2025-11-05,171,0.14032456159826945,0.37055485789411835,0.07494304542147738,0.37226244525797214,0.06041355293971912,0.10294723819045593,0.06790755100300928,0.35400341471621005
2025-11-06,171,0.07255141958864329,0.3962920296637627,-0.04119087047303622,0.38880888952888387,0.11505987952096385,0.05515875872993016,0.07589992207095944,0.35402608521741114
2025-11-07,171,0.1071279429764562,0.30065039479684164,-0.02125902992776058,0.308327933376533,0.09925120599035209,0.03782849737202103,0.08573660443281429,0.35826933257604143
2025-11-10,171,0.03836369309045528,0.1315141478868169,-0.14077087383300935,0.1940408476732186,-0.12285261717906258,0.09924640602875179,0.08922857817140618,0.34526744421580935
2025-11-11,171,-0.039779681762545906,0.05055079559363525,-0.18685050519595842,0.11088391292869657,-0.14522523819809444,0.17169702642378862,0.0899851738025981,0.3398801840478355
2025-11-12,171,-0.12074783401732787,-0.2040871673026616,-0.2904360765113879,-0.01382388940888473,-0.06478748170014641,-0.13922528619771044,0.08503813041527455,0.313661477790468
2025-11-13,171,-0.03966928264573884,0.1583171334629323,-0.27658338733290133,0.1756545947632419,0.06757385940912473,0.05737154102767179,0.08153556218044368,0.3099889591714383
2025-11-14,171,0.0355533369053133,-0.07554304098151034,-0.2574148951298224,-0.015404286008286314,-0.09381530576675422,0.2016069081089163,0.07935510880699002,0.2934847220302502
2025-11-17,171,0.04172489123581236,0.07931101309851735,-0.2529990796062587,0.1197195140756174,-0.0399417044313944,0.20792606134718347,0.08235216732962992,0.28936210427662046
2025-11-18,171,-0.014059087527299783,0.03995968032255742,-0.18883528931768548,0.18316413468692255,0.031955744354045176,-0.017894256845945235,0.07886240523331563,0.2777971417494721
2025-11-19,171,0.021429428564571487,-0.06298989608083136,-0.22251901984784123,0.02433340533275734,-0.016718266253869973,0.024477404180766556,0.07496099046930738,0.26396516841249906
2025-11-20,169,0.06527401998535644,-0.026299056672383796,-0.0751032240460739,0.044563947941401345,0.005549205378404295,0.05819331348101261,0.07241622082877155,0.2525613152470463
2025-11-21,169,-0.008975187708219383,-0.1717517776341306,-0.15911441499676796,-0.12124459251156085,-0.15895778429715082,0.18873253443389193,0.06307842951750592,0.21833670948743672
2025-11-24,169,0.050338123415046496,-0.22057083188304907,-0.17893441400228735,-0.1464124111182935,-0.26836557108050324,0.09936353239520662,0.05938257919282082,0.1837086726122577
2025-11-25,169,-0.03235045497488937,-0.313738749937845,-0.12956590920391828,-0.1683929192978967,-0.2954129580826414,-0.08319079110934316,0.05296410871291792,0.14629599838418683
2025-11-26,169,-0.13751763660474356,-0.34859870593076736,-0.1054653265977224,-0.18744833330587649,-0.2758718852415506,-0.15942493800304225,0.03845078831019283,0.09892491859694759
2025-11-27,169,-0.048331758738998566,-0.373208691760728,-0.14977126945452737,-0.2503629854308588,-0.2542712943165432,-0.06977027497389489,0.02674317451329586,0.05263419085363001
2025-11-28,169,-0.04098503306648104,-0.38504549748893646,-0.015605887325344339,-0.25051464372731347,-0.23974939088061265,-0.22809656406941478,0.014459479620110075,0.0070152967983727384
2025-12-01,169,0.016776898697792197,-0.30476375165571473,0.06213270233499183,-0.17432386152100576,-0.20322224356217164,-0.1303503868221541,0.01046641703858089,-0.029786381218264914
2025-12-02,169,-0.015088757396449706,-0.39490328675849046,0.06015116105613844,-0.30283675600417687,-0.25711053652230126,-0.1416687385013177,0.004597980080751109,-0.06771752006839335
2025-12-03,169,-0.009149221818905078,-0.37879767291531996,0.046004674058972704,-0.28064243448858833,-0.26433792451892,-0.0757893690020387,-0.0028757090901076177,-0.10518514660886527
2025-12-04,169,-0.062325383077297535,-0.5209142514758176,0.0025533306109414033,-0.4254937754797795,-0.28375160593188686,-0.18441287380844507,-0.00961954922340466,-0.1510454606658443
2025-12-05,169,-0.1093438251713303,-0.5805577828028632,0.1720536774290944,-0.40454604785506126,-0.32240765258225945,-0.30722432515339826,-0.020443137630793983,-0.1951058695458295
2025-12-08,169,-0.03680324200686192,-0.49637760429615635,0.28049574859529613,-0.31245089751877086,-0.3134230023370295,-0.1418253692009348,-0.024201484385659843,-0.22650045715497819
2025-12-09,169,-0.009512207249763812,-0.36650589229774755,0.1045994729252648,-0.2922902888966238,-0.33957287056834573,0.15183233056536227,-0.022688110660020737,-0.24735329154954727
2025-12-10,169,-0.09189498284520911,-0.4653895877877779,0.2022997364626324,-0.2924767540152156,-0.33194520411714984,-0.17488190542489188,-0.0212454681014148,-0.26041841257380316
2025-12-11,169,-0.1402118243747203,-0.5162249515190692,0.021552881507632644,-0.43568693749689236,-0.3682437472030233,0.06029038834468699,-0.026272595187863873,-0.2941455168229032
2025-12-12,169,-0.05729451543931183,-0.41179454030132767,0.09164884888866791,-0.30794092785043015,-0.3707970762269405,0.08410322708965244,-0.030914987805095127,-0.31095809178889405
2025-12-15,169,-0.08496863648933944,-0.4782518975995527,0.0011038762465258286,-0.42663076582789566,-0.36761316596296295,0.10501244347017555,-0.03724966419135271,-0.33883623732379753
2025-12-16,169,-0.08411317189597733,-0.49715329918949835,-0.06415891800507187,-0.431326139923425,-0.40497737556561086,0.0983342449405798,-0.0407523684097866,-0.3656918862994004
2025-12-17,169,-0.10205111630450998,-0.5732807916065835,0.016950922380786635,-0.4429739943314604,-0.35522848192531453,-0.04977872805927105,-0.04692639565324067,-0.391206431075688
2025-12-18,171,-0.08350973192214463,-0.5546355629154968,0.024436604507163943,-0.49352005183958525,-0.31656466748266016,0.017059063527491782,-0.05436558324861572,-0.4176232563878436
2025-12-19,170,0.006066161092178812,-0.44664507828189537,0.11804038692999125,-0.36781429510958497,-0.2951950068667735,0.0026416562195254218,-0.053613515808595816,-0.43136792142023184
2025-12-22,170,0.0004701974218525779,-0.4709069925073735,0.26260587075066716,-0.3124126012909057,-0.1981411935686763,-0.1383711628531824,-0.05610691210825551,-0.443884729451448
2025-12-23,170,0.026185721875171746,-0.47250932761768677,0.2285831180806175,-0.3530376585389684,-0.1709625612935925,-0.06713320021250482,-0.053180103265752454,-0.4518232583354401
2025-12-24,170,0.0010197788240179286,-0.48818583179145225,0.21170241999010755,-0.35624965651162366,-0.1452226110001771,-0.13424075329290858,-0.046253232494314386,-0.45880261462847444
2025-12-25,170,0.0354455578556555,-0.3611470374509194,0.2520758910851791,-0.24309450968179241,-0.16195675405010962,-0.10501279303375041,-0.04206436666458167,-0.458199531912984
2025-12-26,170,0.0877559370057584,-0.38630809533405397,0.24849750551108016,-0.2438541533087854,-0.16614578562661442,-0.03191358137773951,-0.0356273181609697,-0.4582626618052398
2025-12-29,170,0.1048601955656277,-0.27646892512198235,0.21600516362578975,-0.23394961801020353,-0.13351905125096453,0.056893922786219034,-0.03122315331757793,-0.45684792047855316
2025-12-30,170,0.06346688161405953,-0.2936242450888796,0.1454253454729759,-0.1669982474459731,-0.06317865670092393,-0.07104133462790287,-0.027295371367052467,-0.4517839683950727
2025-12-31,170,0.08091475329901719,-0.2139887640489336,0.12845879852343398,-0.1556289692261552,-0.0664533463617666,-0.0024804592086441956,-0.022792172611156354,-0.4435435229517533
2026-01-05,171,0.030033359733122135,-0.06355869153046775,0.1353325173398613,0.007425540595675234,-0.0029951760385916915,-0.09066647466820267,-0.01817423547063537,-0.4206757449544859
2026-01-06,171,0.11747906016751868,-0.12783497732018145,0.15541555667554663,-0.031065351477188183,-0.014992680058559534,-0.11407108743130055,-0.006833091203692925,-0.3980396046803518
2026-01-07,171,0.1054935560515516,-0.07912016703866369,0.16779945760433918,0.06370029039767681,0.07056183550531596,-0.1614467084263326,0.0002817486992277525,-0.37717673281747716
2026-01-08,171,0.16990424076607388,0.07100583195334438,0.20766793865649077,0.1906592747258022,0.1632370941032472,-0.011572707418340654,0.009252571100019638,-0.3553011466049226
2026-01-09,171,0.21245830033359736,0.203890368877049,0.17137542899656805,0.24911560707514346,0.0792857657138743,0.11148390812873499,0.02447023525895996,-0.32183714877168124
2026-01-12,171,0.19602574940948966,0.18143145740724784,0.17832948036187746,0.2762967554040598,-0.0925445151706044,0.23992622454598153,0.04128211394817046,-0.2869543283253654
2026-01-13,171,0.12376460988312094,-0.00018959848321213434,0.24558523531811746,0.15378596971224232,-0.11529747762017903,0.007840737274101808,0.0503350702142921,-0.2663740812344596
2026-01-14,171,0.14671117841782338,0.14783437212794184,0.14522078676401237,0.22394754589438798,-0.09993784034838187,0.22339554898556904,0.06191906095965024,-0.2350697677480849
2026-01-15,171,0.12537739698082417,0.05311160697411796,0.20244558043535654,0.22253101975184197,0.04687882496940025,-0.07516259869921041,0.0723935894034903,-0.20755652243990402
2026-01-16,171,0.1653106775145799,0.2322365421076632,0.06578347373221015,0.2234790121679027,0.024535003719970243,0.2122927016583868,0.0857616790944448,-0.1672806557541917
2026-01-19,171,0.2249046007631939,0.20066959464324285,0.04423404612763098,0.34922360621115034,0.21706626346989225,-0.08098015215878272,0.10118239572871172,-0.1295153978762547
2026-01-20,171,0.1458156334749322,0.09803201574387406,0.15311877504979962,0.11791345669234646,0.027683778529771767,0.12478700170398639,0.1081698693478494,-0.10228154317496625
2026-01-21,171,0.12928456572347424,0.17202822377420984,0.09216886264909882,0.23709170326637388,0.051306789545683636,0.006115151078791371,0.1146105877629305,-0.07013478236088709
2026-01-22,171,0.260975268783058,0.19605214921413114,0.16357678953178692,0.3556713680319406,0.2245423383867364,-0.12451947855588111,0.1263500651083248,-0.03670670851929621
2026-01-23,171,0.37169222646218836,0.4193870449036408,0.15842273261813908,0.5456836345309238,0.277389780881753,0.024470204238366097,0.14488368749023334,0.008671935315458451
2026-01-26,171,0.24175726594187247,0.4174910600715195,0.028137374901000798,0.521671826625387,0.263640290877673,0.04998680010559916,0.15519927289454416,0.0476038401915804
2026-01-27,171,0.261859505123959,0.5393548851609188,-0.020135838913288694,0.4979336165310678,0.27593059255525954,0.11178150574795404,0.16390445130045422,0.09388698921632903
2026-01-28,171,0.22262461900304797,0.47100583195334444,-0.06807545539635683,0.46363069095447235,0.19122327021383834,0.14112607099143207,0.1697926724723252,0.13126072707009534
2026-01-29,171,0.29633522931816547,0.6119063047495621,-0.07030743754049967,0.43131734946120437,0.12230062159502726,0.357592339261286,0.1814360898575305,0.17653725456201746
2026-01-30,171,0.29491204070367444,0.4279093767249862,0.06078671370629036,0.4265821873425013,0.16947704418364654,0.13201094391244872,0.19213595422776336,0.20863216160071346
2026-02-02,171,0.3428828569371445,0.4591979264165887,0.2060263517891857,0.3478940168478652,-0.006218350253197975,0.26795065639474885,0.2077784290879645,0.23476999249806627
2026-02-03,171,0.350749994000048,0.4090359277125783,0.11422228622171024,0.500686394508844,0.12265341877264983,-0.0029327765377876983,0.219441975779591,0.26161353774970425
2026-02-04,171,0.3631905123902737,0.44530590473638515,0.13120582907688846,0.4469522925531156,0.03709652548571808,0.16659596718987277,0.2323268235965271,0.2878348413384567
2026-02-05,171,0.28958822082877095,0.43586192828398895,0.10409979180229019,0.3790588418891393,-0.1388085223854538,0.2712870574307683,0.23831102259966191,0.3060776461549889
2026-02-06,171,0.2901360789113687,0.32744138046895627,0.13631890944872443,0.3710682314541484,-0.02943576451388389,-0.02587419300645595,0.2421949115285505,0.31225519673458424
2026-02-09,171,0.2740730074159407,0.4851225190198479,0.10307677538579692,0.5185518515851875,0.1163198694410445,0.0822281421748626,0.24609727442887305,0.3274397498152143
2026-02-10,171,0.20466556267549862,0.3879136966904265,0.13372933016535868,0.48553051575587397,0.12887416900664797,-0.06106271149830802,0.2501423220684919,0.3468449145738962
2026-02-11,171,0.1874481004151967,0.4490316077471381,0.08828809369525045,0.47991936064511487,0.213406292749658,0.018415052679578565,0.2521791681683606,0.3619047763548561
2026-02-12,171,0.10083519331845346,0.5056831545347638,0.030786953704370366,0.5644202846377229,0.30131278949768403,-0.12649578803369574,0.2509520579852421,0.3845333537328883
2026-02-13,171,0.16773945808433535,0.6086543307653539,0.08296493628050976,0.5797297621619028,0.21845345237238104,0.03426692586459309,0.25107349701372983,0.4033542431657729
2026-02-24,171,0.14549403604771163,0.4801761585907314,0.1737994096047232,0.5668346653226775,0.31899824801401594,-0.10033839729282167,0.2471029687779557,0.41732957136314724
2026-02-25,170,0.2529552213286436,0.6396871049883672,0.0720305811518005,0.5802175121060571,0.33256391937030183,0.13105806632836878,0.25245994817064127,0.444412325825372
2026-02-26,170,0.17207393701797133,0.6104615873132188,0.08261674024950998,0.6169613033628276,0.32166266693535095,0.04641764522688553,0.2545994167353661,0.46633399400232234
2026-02-27,170,0.17374328285619495,0.5397142159358078,0.13505007328048574,0.5800146556043658,0.35592085980145777,-0.020770639961305685,0.250237817439023,0.4835170973384062
2026-03-02,170,0.124752611887232,0.5662120811501237,0.09097043311317157,0.5379623585362344,0.3952481941660803,-0.11617547289984086,0.23789083671027517,0.49085834915073034
2026-03-03,170,0.26335224098064947,0.6148109835743378,0.11458901361682487,0.4625768422133374,0.42725339198803275,0.18783360374793823,0.23897058546221403,0.5007243453258713
2026-03-04,170,0.21495838447493607,0.5452445942562637,0.059580730454748085,0.42917788728696094,0.3767991157845885,-0.00898504527940108,0.23662552942976287,0.5010188307806385
2026-03-05,170,0.19214720974302088,0.5660557556780481,0.16447393730740992,0.4594686521630867,0.3899001532112482,-0.026680361429381586,0.23510165896676152,0.5057713269668737
2026-03-06,170,0.25369059403073474,0.5575360174499348,0.2568977087937831,0.4322655774364528,0.339896764123856,0.042295810538420894,0.23296942720238997,0.5030528126018924
2026-03-09,170,0.2130531689474295,0.49044522200035423,0.22683911309774613,0.41037976074889626,0.214030202551279,0.07126849494079787,0.22887648361457774,0.5061796048656607
2026-03-10,170,0.17447632493473916,0.41705559752060917,0.10404803588648558,0.36598235598370044,0.11359243873234373,0.09647357824732854,0.22045615701445748,0.5040724884208617
2026-03-11,171,0.23370533035735713,0.3553363573091416,0.11403508771929827,0.2779129766961864,0.050387596899224806,0.2352389180886553,0.2146039238323229,0.5013875099006899
2026-03-12,171,0.1889264885880913,0.2692274461804306,-0.07701778385772914,0.15630114959080327,0.07637698898408812,0.2777545779633763,0.2058907226422138,0.4925835869728922
2026-03-13,171,0.05020279837761298,0.06096671226630188,-0.04040127678978568,0.022012623899008814,0.04039647682818538,0.000580795353637171,0.1939214515196559,0.4738388261720078
2026-03-16,171,-0.0143374853001176,-0.017368661050711595,-0.08164734682122543,0.020630234958120337,0.02769097847217223,-0.08170494636042912,0.1786977733090816,0.45659832409602447
2026-03-17,171,-0.04045647634818922,-0.00412796697626419,0.017985456116351068,-0.0533515731874145,-0.01659106727146183,0.06988024095807235,0.1629712991208751,0.43213579979621886
2026-03-18,171,-0.10155770940764915,-0.06449596142750873,-0.002731181427968257,-0.027247014720319523,-0.009677934190054475,-0.16160650107590904,0.1476601355167177,0.4095153168903221
2026-03-19,171,-0.12072990659871291,-0.12740305721739953,-0.25525851108706393,-0.0521168143355833,-0.15279246933575444,0.117345931640127,0.13225123516602222,0.3806935836420952
2026-03-20,171,-0.17194422444620444,-0.3172054623563012,-0.34639642882856936,-0.1564571483428133,-0.16239230086159312,0.08086735306117551,0.11861226427778933,0.339549152797542
2026-03-23,171,-0.12525147313912133,-0.1824622497793845,-0.4002090384531875,-0.12974303990152808,-0.1880518084166516,0.21759918976603496,0.1039627177166165,0.2999933237703051
2026-03-24,171,-0.1532123743010056,-0.387546499628003,-0.40450236398108813,-0.178328173374613,-0.16405068759449923,-0.16092591259269928,0.08902739719918064,0.2566071908593683
2026-03-25,171,-0.13005263761050512,-0.26900680934965926,-0.19068338894295617,-0.1836766407928912,-0.12923184368438,0.03355775167264367,0.0698770042522232,0.21117249514246703
2026-03-26,171,-0.19234417665312742,-0.3291719641275247,-0.2871566750406564,-0.22408394177887123,-0.119621114803772,-0.06724270240401432,0.05165609856866826,0.16419081757042983
2026-03-27,171,-0.10287997696018433,-0.31958144334845323,-0.2698370413036696,-0.2343389252885977,-0.07842657258741931,-0.022540619675042603,0.03782493557784929,0.12122603460621677
2026-03-30,171,0.017246262029903765,-0.16736506107951138,-0.21904384764921883,-0.1694578443372453,-0.011287109703122376,0.08729450164398685,0.03244961808498288,0.08454717749473502
2026-03-31,171,-0.1619364016706568,-0.3816787755771295,-0.31897443958920446,-0.24023822223719873,-0.18764141145358904,0.05718917680010198,0.01118518595241757,0.034722689537161656
2026-04-01,171,-0.00921592627258982,-0.2635010919912641,-0.17759857921136632,-0.24663642690858478,-0.047140422876616996,0.099265605875153,-2.3529584958724164e-05,-0.005714594775214729
2026-04-02,171,-0.005888356426163506,-0.3554121699500064,-0.41650851783704307,-0.29522421534085963,-0.12426148046506692,0.2175079904409099,-0.009925307893417943,-0.05178799105661745
2026-04-03,171,-0.10034799721602228,-0.47758417932656544,-0.4701586387308902,-0.31808145534835724,-0.12574459404324767,-0.0025775793793649648,-0.027627237455755793,-0.10354400089544247
2026-04-07,171,-0.21396068831449347,-0.453061175510596,-0.4630018959848321,-0.3563803489572084,-0.11351429188566493,-0.03306213550291598,-0.04897793031885194,-0.15071932077098998
2026-04-08,171,-0.09417284661722707,-0.39133126934984525,-0.1972904216766266,-0.3432356541147671,-0.03399572803417573,-0.1800561595507236,-0.062410388896450265,-0.1911386641145127
2026-04-09,171,-0.15168127755857339,-0.3038521514941337,-0.20346089438941817,-0.33023275627766296,0.004970363219313072,-0.15463445570505563,-0.0816797192922468,-0.22409808955467647
2026-04-10,171,-0.09596106261832571,-0.43965833791457387,0.009028749439029144,-0.35176123013812427,-0.04904132536871918,-0.3199974080154367,-0.09592409685256763,-0.2595423787594267
2026-04-13,171,-0.05871793025655795,-0.2401012791897665,0.013132694938440494,-0.23583171334629324,-0.03408932728538172,-0.10229918160654715,-0.10137013328427617,-0.27459577833223014
2026-04-14,171,0.019958240334077327,-0.15426596587227306,0.11966784265725876,-0.1448172414620683,0.03849569203446372,-0.16767465860273117,-0.09965534700256642,-0.28144064357330817
2026-04-15,171,0.03684930520555836,-0.17285861713106299,0.11409028727770179,-0.18714090287277704,0.012520699834401327,-0.05374757001943984,-0.09579005792487906,-0.2898771760810481
2026-04-16,171,0.07673218614251086,-0.1072311421508628,0.0985984112127103,-0.1458012335901313,0.07602899176806587,-0.09231766145870836,-0.08687556314737105,-0.2920139351172158
2026-04-17,171,0.09648402812777497,-0.19890320877432982,0.13405572755417958,-0.15824033407732738,0.04302685578515372,-0.17112583099335207,-0.07601486641104666,-0.2955889426950623
2026-04-20,170,0.13053291076629966,-0.04064581921214453,0.1220400461648378,-0.05144692570270089,0.08290007999462633,-0.02688674348593377,-0.060891009650421456,-0.2817609605378545
2026-04-21,170,0.11614364836560599,-0.04624910693022149,0.19754764565433772,-0.07845946226513029,0.01828152002002919,0.015533613009202437,-0.04882125357518509,-0.27495030339539633
2026-04-22,170,0.13133163573744666,-0.12514212785706,0.2563088891738571,-0.04516459962994853,0.0857530181178669,-0.21308003737153539,-0.03459405307326248,-0.2618300848068492
2026-04-23,170,0.1306661113855871,-0.02545540480054016,0.17714362830202698,-0.07716860373875788,0.029038677730770204,0.20935522459882908,-0.021558115623457864,-0.24965251457939325
2026-04-24,170,0.1184580690506929,-0.00889711768804563,0.1647560559327961,-0.03942332998903403,0.12735396544598795,-0.04584244468613326,-0.00601800333826685,-0.23363877225741927
2026-04-27,170,0.1760175963859833,-0.0037676881355690832,0.285196283117696,0.05136635179705026,0.11870843406456379,-0.04789543779987446,0.007926875329041532,-0.2178480844967751
2026-04-28,170,0.13753344052215272,0.1237816841505132,0.20665861020552714,0.027584118064817923,0.08112681354341895,0.21618835753837823,0.013941234253653978,-0.20329074723527385
2026-04-29,170,0.07172037298257827,0.22326072752364728,0.22747174235623868,0.08570905160569368,0.14989038904256816,0.2540079750367914,0.02562407298631573,-0.17304377208023503
2026-04-30,165,0.11739107204872708,0.17334704672347934,0.23485427296770237,0.17473085245638878,0.06397296503085514,0.08314321587903722,0.03195442290238158,-0.15120136514449783
2026-05-06,165,0.15542970106590445,0.21085940213180887,0.20742927363556224,0.30585045280901885,0.14159965805572625,-0.007480030988699812,0.04002032577698498,-0.12288778654040708
2026-05-07,166,0.14786680745846753,0.30857146604928154,0.22094824589594092,0.37471912691593817,0.1320998747302766,0.2045543086882096,0.05243106601070946,-0.08358000427161474
2026-05-08,166,0.17071705439067103,0.3972912881793915,0.1308589830197218,0.4037397275547482,0.11015471794636357,0.24195420768539597,0.07166495314596769,-0.041062381087115365
2026-05-11,166,0.15423391989296328,0.3909923854372307,0.06977720353378676,0.45634514104321483,0.15857835260475764,0.10509408346505238,0.08408529147147721,-0.001946198347761563
2026-05-12,166,0.1609656918364804,0.35709741524617805,0.185752044651114,0.4377134012369566,0.13156993788982824,0.08289707550944114,0.0997176399412299,0.03110127998925403
2026-05-13,166,0.138034117963416,0.4508542608102525,0.024399393983118103,0.4747197827783645,0.20682359268319883,0.16074532206124445,0.111417398970317,0.07562690992549534
2026-05-14,166,0.1816227348151452,0.3309862203304235,0.1859094516334254,0.4432541270143175,0.2247312603708246,-0.08807314177778071,0.12343443222390213,0.10418128490150484
2026-05-15,166,0.09275599950154458,0.35406470738697854,0.17285778935010593,0.3975641269487313,0.1980665175672751,-0.012559765463596358,0.12707432018227552,0.12959781856446742
2026-05-18,166,0.0547159787762919,0.2803536410202596,0.08549953761698947,0.27434594119537487,0.09097467715172067,0.2041135691377377,0.12796765386081219,0.15225843147203355
2026-05-19,166,0.09453994530107365,0.20453069764086287,0.08761403807937249,0.2521568035888792,0.03954981603058943,0.06760236372818439,0.12885804181874033,0.16784652346161982
2026-05-20,166,0.04581211066280343,0.23217984319679877,0.13221827683546453,0.31807968224803274,0.1020983717520202,-0.036157790420048005,0.12632444594549175,0.18940067606017627
2026-05-21,166,0.03895169504476774,0.13071871419401532,0.29027178300914813,0.2086273511864024,0.0077562341404179705,-0.028028955033392727,0.12174538515941513,0.19796890273048426
2026-05-22,166,-0.005119662099677973,0.05523804526762467,0.26286834873516934,0.21104734670855446,0.030157866086009802,-0.07646962373172604,0.11568221963615095,0.2030432603403766
2026-05-25,166,0.14425169376471592,0.2160214073495944,0.30314879550865415,0.3405067193105574,0.2445146945976612,-0.11002354546110409,0.11632822253751443,0.22010143710070929
2026-05-26,166,0.11339992523168342,0.13989939070380597,0.36875757931521425,0.21430042434298985,0.1899600579782385,-0.08018705196398004,0.11546491322981925,0.22836917687592662
2026-05-27,166,0.0903948947668737,0.10711676318775375,0.34427923998662047,0.09502528349653379,0.12439217949642885,0.22106105423326405,0.11406175451562828,0.23416987091971656
2026-05-28,166,0.05444314000695214,0.185752044651114,0.2927441939778712,0.15518623213594718,0.1762840146650839,0.22100333833974986,0.10798303169667671,0.2436458575590507
2026-05-29,166,0.15165244538305644,0.14309212899502202,0.30037318572056326,-0.02630401846908593,0.09144165119924445,0.2790629037653062,0.1086889819397219,0.24461137980127617
2026-06-01,166,0.1440470646877111,0.17888385332292703,0.15507342379862402,-0.20637498278361135,0.01137396619685055,0.5294160856818675,0.11230531652497855,0.24239253609124015
2026-06-02,166,0.02979322611725239,-0.01236301484414669,0.07406134547643144,-0.197822666489189,0.08172838226837174,0.2775454201425262,0.10792542422840481,0.23310703301285884
2026-06-03,166,0.0016619553882377632,0.10029841740396538,0.11101258599996065,-0.1045746404234248,0.13536606961323794,0.30343475152651983,0.10023703694452146,0.22757898377646665
2026-06-04,166,0.012300043942782562,-0.009298817480045386,0.119087564192535,-0.11801719671281752,0.11963586518091966,0.07886483331256436,0.09345869876873722,0.21168546960000034
2026-06-05,166,0.10269900859714433,0.046113747681562955,0.1741251439621412,-0.12781201384144875,0.08018453369438948,0.18142096716239306,0.0900577964790609,0.1941265925751089
2026-06-08,166,0.06802473913071995,-0.09131310216369015,0.06701995789363223,-0.20490322749899986,0.017557437151983,0.09486262961481201,0.08574733744094873,0.17001131819506285
2026-06-09,166,0.044778351293032786,-0.020915452774626,0.21863961015537384,-0.10532494703910908,0.12823815676423714,-0.14275370398305254,0.07993797041377634,0.15111067479402265
2026-06-10,166,0.1158790852030878,-0.16179994884273077,0.20329767627942363,-0.2852831030163113,0.06642968170996452,-0.07719107240065325,0.07883021877575994,0.12047796431137348
2026-06-11,166,0.08948718116887804,-0.10459562802106631,0.06097028287346446,-0.3197972073377889,0.07692085708101869,0.21429517744357948,0.07422344109344657,0.09869887189379899
2026-06-12,166,0.14594653799515048,0.09074124964175444,0.28874624600503745,-0.15447406685475765,0.19832636916294522,0.1151367244503953,0.07688296801812686,0.08553269900653779
2026-06-15,166,0.14410093991709058,0.1512668974867005,0.32358568093984236,-0.032411430640214386,0.2271843348468951,0.19915406808778943,0.08135221607516681,0.07907836182985983
2026-06-16,166,0.14127670179903065,0.2086547605774213,0.19588118396285198,0.05646581972965351,0.2542030943589273,0.2085550694886241,0.08368905390006466,0.07928456497668776
2026-06-17,166,0.046740691672514774,0.3768808494730146,-0.08808363557660148,0.17128371952699206,0.39909359812685696,0.09338300398108493,0.08373548295055022,0.08651961529049854
2026-06-18,166,0.07363105115071064,0.5515029087498606,-0.18904709748083248,0.3136976867732225,0.38963343848994236,0.25219353188475185,0.08546945075584736,0.10755882501829081
2026-06-22,166,0.028177161558591474,0.5775249063756387,-0.37307422395078416,0.3025900007214487,0.3256265125827207,0.2396140905483666,0.08713429193876084,0.1336731680736915
2026-06-23,166,0.0365617068163782,0.23795869378439183,-0.30326947419509287,0.15522820733123022,0.2837431380393649,-0.093674206898361,0.08174979259134395,0.1347700323954314
2026-06-24,166,-0.12759278813676045,0.3444130359215851,-0.43596356028359495,0.18876114146296674,0.17447645781820806,-0.04846692157852969,0.06970015692292175,0.14499571465632036
2026-06-25,166,-0.09550543743103197,0.43834856356205926,-0.5569456204431028,0.18149561654063795,0.11098248911761943,0.07466473930436857,0.060405140313026476,0.16155730467503562
2026-06-26,166,-0.1716300148880771,0.32867758458985646,-0.47447055505637137,0.27877694774744055,0.14505446937450403,-0.16430271986148187,0.049101482568275,0.16870358167197275
2026-06-29,166,-0.22014182387728584,0.33439452013135545,-0.5165080789244089,0.2753445249846929,0.08628406225986432,-0.27110633642661786,0.030511769105257897,0.1782687012287894
2026-06-30,166,-0.14419397787120178,0.49653376707701796,-0.5789756740626086,0.2817991618078192,0.0639557686379705,0.09921755612542715,0.01609971697731225,0.19415119691649396
2026-07-01,166,-0.10612509919919198,0.3710489207783776,-0.5930740927782988,0.26216001731476807,0.08252716910100938,0.06694125440247654,0.00930380071149003,0.21332179369762017
2026-07-02,166,-0.11799883256488121,0.04031061644509448,-0.4938132497327361,0.3360704658590814,0.10699346105160984,-0.23708508503256362,0.003320761313834081,0.21032240364967664
2026-07-03,166,-0.12033370280250016,0.18823907497163397,-0.5255806022128799,0.31882128404745824,0.1380367414131212,-0.08612129519711946,-0.003310926023430056,0.22019929827226056
2026-07-06,166,-0.05084901391084207,0.19960385909451636,-0.4828813348112101,0.35217057669983154,0.20465399977700682,-0.030488420748863723,-0.010988327148829375,0.22787380384290828
2026-07-07,166,-0.06952535236208854,0.14066281456801621,-0.553774816194555,0.22388126266634317,0.13756452046618703,-0.04811013241862388,-0.0178658317234698,0.23947259967949358
2026-07-08,166,-0.14668100819172175,-0.09530074571557871,-0.5566999626158418,0.1798204248676798,0.11119885092902913,-0.2530146716424763,-0.027438799697707527,0.23575333503244597
2026-07-09,166,-0.16796243220022167,0.19407100366627097,-0.5818929501347798,0.15362265611165404,0.00036072433446360296,-0.16338713591437062,-0.041630875567872996,0.25354688265789604
2026-07-10,166,-0.08062254461504156,-0.07824569918213956,-0.5267244262843426,0.1847184054672692,0.02794629798453477,-0.3407795580798972,-0.050136361857068976,0.2548643790998424
2026-07-13,166,-0.0651205803070748,-0.06996609191256042,-0.6307783119412873,0.13010080605492194,0.0666920266804835,-0.18707163985282452,-0.060689717772180254,0.2468290120221266
2026-07-14,166,-0.09837286983944625,-0.07938170496798144,-0.4663998179325714,0.20130005135410498,0.14478172556208924,-0.26855354038055007,-0.07281340826000708,0.23529658189939254
2026-07-15,166,-0.09707221092882752,-0.11624188365174264,-0.42932511314624455,0.2478231783354935,0.18612448350895502,-0.27110907064267764,-0.08473085389639999,0.21905174968793434
2026-07-16,166,0.034283263232532404,-0.04763663098992373,-0.2810870795673746,0.274818342385393,0.21949762216926114,-0.2525937736316129,-0.0853537253183991,0.19782587566478743
2026-07-17,166,-0.04599300850653567,-0.2801306477953185,-0.42088397137816375,0.14457700152815947,0.12522118960326886,-0.08396481953945342,-0.09133492830126143,0.15624419783752846
2026-07-20,166,-0.20061126378130925,-0.5376484708567532,-0.5867489555390862,0.01907379108158273,-0.045930045713611124,-0.2050448937830801,-0.10277434956825646,0.10048552897590886
2026-07-21,166,-0.1540397846147792,-0.21240891710554796,-0.3131546326842482,0.12976500449265763,-0.045783132530120486,-0.15188855585652353,-0.11230442413981434,0.07796714843141188
2026-07-22,166,-0.04112391282534142,0.0005023909480433085,-0.0995573581582011,0.2805860003450443,0.03371003909599212,-0.22538071199164816,-0.10798098037424339,0.060771616182734786
2026-07-23,166,0.013606521895967102,0.1292849131966079,0.03970197611349044,0.24680234274058677,-0.03780784542634338,-0.024370536036361017,-0.10252538240789344,0.04531843366446223
2026-07-24,166,0.012774888339421926,-0.11571905477107122,-0.1272727272727273,0.21195243685684492,-0.07987748489876764,0.04312557797876318,-0.09330513724651847,0.023098601696415838
2026-07-27,166,-0.0072341625620609825,0.19089662952299127,0.21481986738461742,0.2913275311370687,-0.10722957152507692,-0.1949236248204577,-0.08265975418075724,0.01592370716599763
2026-07-28,166,-0.04025027710187512,-0.022481652248624334,-0.06774140656255945,0.2967554485771065,-0.10236569577165494,-0.1786293787015236,-0.07746256914229091,-0.010027063800284484
2026-07-29,166,-0.1373651382885926,-0.04780581225282185,-0.14151018882279257,0.268792098169488,-0.19131900492552684,-0.0027690511638278755,-0.07902457109676093,-0.03096980045184446
2026-07-30,166,-0.09528375578555073,-0.3309916843149142,-0.4887175192119678,0.10153544053326458,-0.1705217192264596,0.14235372126749873,-0.07788881725779441,-0.04953491548984489
2026-07-31,166,-0.11313634273821242,-0.23288771824661386,-0.2958426821118633,0.13314409503718,-0.21325774295296349,0.1112631984201815,-0.07752894925458002,-0.07059125515075729
2026-08-03,166,-0.10113267441021571,-0.12871833248183243,-0.3280112283647382,0.19617238688012803,-0.24832656701930206,0.25221714293209857,-0.0800431322795487,-0.08700736472957472
